Time,B-1-1,B-1-10,B-1-2,B-1-3,B-1-4,B-1-5,B-1-6,B-1-7,B-1-8,B-1-9,B-10-1,B-10-2,B-10-3,B-10-4,B-10-5,B-10-6,B-10-7,B-10-8,B-10-9,B-11-1,B-11-10,B-11-2,B-11-3,B-11-4,B-11-5,B-11-6,B-11-7,B-11-8,B-11-9,B-12-1,B-12-2,B-12-3,B-12-4,B-12-5,B-12-6,B-12-7,B-12-8,B-12-9,B-13-1,B-13-10,B-13-2,B-13-3,B-13-4,B-13-5,B-13-6,B-13-7,B-13-8,B-13-9,B-14-1,B-14-2,B-14-3,B-14-4,B-14-5,B-14-6,B-14-7,B-14-8,B-14-9,B-15-1,B-15-10,B-15-2,B-15-3,B-15-4,B-15-5,B-15-6,B-15-7,B-15-8,B-15-9,B-16-1,B-16-2,B-16-3,B-16-4,B-16-5,B-16-6,B-16-7,B-16-8,B-16-9,B-17-1,B-17-10,B-17-2,B-17-3,B-17-4,B-17-5,B-17-6,B-17-7,B-17-8,B-17-9,B-18-1,B-18-2,B-18-3,B-18-4,B-18-5,B-18-6,B-18-7,B-18-8,B-18-9,B-19-1,B-19-10,B-19-2,B-19-3,B-19-4,B-19-5,B-19-6,B-19-7,B-19-8,B-19-9,B-2-1,B-2-2,B-2-3,B-2-4,B-2-5,B-2-6,B-2-7,B-2-8,B-2-9,B-20-1,B-20-2,B-20-3,B-20-4,B-20-5,B-20-6,B-20-7,B-20-8,B-20-9,B-21-1,B-21-10,B-21-2,B-21-3,B-21-4,B-21-5,B-21-6,B-21-7,B-21-8,B-21-9,B-22-1,B-22-2,B-22-3,B-22-4,B-22-5,B-22-6,B-22-7,B-22-8,B-22-9,B-3-1,B-3-10,B-3-2,B-3-3,B-3-4,B-3-5,B-3-6,B-3-7,B-3-8,B-3-9,B-4-1,B-4-2,B-4-3,B-4-4,B-4-5,B-4-6,B-4-7,B-4-8,B-4-9,B-5-1,B-5-10,B-5-2,B-5-3,B-5-4,B-5-5,B-5-6,B-5-7,B-5-8,B-5-9,B-6-1,B-6-2,B-6-3,B-6-4,B-6-5,B-6-6,B-6-7,B-6-8,B-6-9,B-7-1,B-7-10,B-7-2,B-7-3,B-7-4,B-7-5,B-7-6,B-7-7,B-7-8,B-7-9,B-8-1,B-8-2,B-8-3,B-8-4,B-8-5,B-8-6,B-8-7,B-8-8,B-8-9,B-9-1,B-9-10,B-9-2,B-9-3,B-9-4,B-9-5,B-9-6,B-9-7,B-9-8,B-9-9
0.0,0.0,0.0,0.0,0.0,0.0,0.0,0.0,0.0,0.0,0.0,0.0,0.0,0.0,0.0,0.0,0.0,0.0,0.0,0.0,0.0,0.0,0.0,0.0,0.0,0.0,0.0,0.0,0.0,0.0,0.0,0.0,0.0,0.0,0.0,0.0,0.0,0.0,0.0,0.0,0.0,0.0,0.0,0.0,0.0,0.0,0.0,0.0,0.0,0.0,0.0,0.0,0.0,0.0,0.0,0.0,0.0,0.0,0.0,0.0,0.0,0.0,0.0,0.0,0.0,0.0,0.0,0.0,0.0,0.0,0.0,0.0,0.0,0.0,0.0,0.0,0.0,0.0,0.0,0.0,0.0,0.0,0.0,0.0,0.0,0.0,0.0,0.0,0.0,0.0,0.0,0.0,0.0,0.0,0.0,0.0,0.0,0.0,0.0,0.0,0.0,0.0,0.0,0.0,0.0,0.0,0.0,0.0,0.0,0.0,0.0,0.0,0.0,0.0,0.0,0.0,0.0,0.0,0.0,0.0,0.0,0.0,0.0,0.0,0.0,0.0,0.0,0.0,0.0,0.0,0.0,0.0,0.0,0.0,0.0,0.0,0.0,0.0,0.0,0.0,0.0,0.0,0.0,0.0,0.0,0.0,0.0,0.0,0.0,0.0,0.0,0.0,0.0,0.0,0.0,0.0,0.0,0.0,0.0,0.0,0.0,0.0,0.0,0.0,0.0,0.0,0.0,0.0,0.0,0.0,0.0,0.0,0.0,0.0,0.0,0.0,0.0,0.0,0.0,0.0,0.0,0.0,0.0,0.0,0.0,0.0,0.0,0.0,0.0,0.0,0.0,0.0,0.0,0.0,0.0,0.0,0.0,0.0,0.0,0.0,0.0,0.0,0.0,0.0,0.0,0.0,0.0,0.0,0.0,0.0
0.010003347881138325,4.6586585042535966e-05,4.629336979418907e-05,2.9509247961058656e-05,3.169196380810171e-05,3.361710012372048e-05,3.333119528224293e-05,3.155662608294373e-05,3.303027100306254e-05,3.179393503933648e-05,3.0139799745698462e-05,3.975013343834991e-05,4.146111032345969e-05,4.2412395639917115e-05,4.218471002972974e-05,4.0466960563734e-05,4.176977728354848e-05,4.0948932312117985e-05,3.807917281965629e-05,3.978972347048406e-05,3.1666789525574616e-05,3.3021115306615975e-05,3.515750995611572e-05,3.683786182178018e-05,3.6769016357009734e-05,3.601455119144296e-05,3.6166540814347467e-05,3.675440618474772e-05,3.4688299351519325e-05,3.3669362141324096e-05,2.6640733808975602e-05,2.757088055103366e-05,2.8221694570088137e-05,2.8566722305550933e-05,2.914895229503224e-05,2.9670927655103367e-05,2.862891195807139e-05,2.6906932361292965e-05,2.8008471589526693e-05,2.3019971369764248e-05,2.6185401703217823e-05,2.1224190831373814e-05,2.030497662475983e-05,2.1094751935584403e-05,2.1515632116797968e-05,2.2311107807831466e-05,2.2036378817724165e-05,2.108224388637724e-05,2.204126181748133e-05,2.1640881722066534e-05,1.8950924646037274e-05,1.828524333363568e-05,1.914303867576957e-05,1.9787995712343495e-05,1.9480701071334778e-05,1.8509004971200435e-05,1.9096768672357304e-05,2.3327962739887806e-05,2.946033024320626e-05,3.060883749820074e-05,2.2986963234758316e-05,2.0612700232321605e-05,2.0988847096876496e-05,2.1150250687742577e-05,2.146825079809169e-05,2.083089997267797e-05,2.0615848527576753e-05,2.3435197763180284e-05,2.790826166648563e-05,2.2700113027501417e-05,2.22798371095986e-05,2.1414536362725452e-05,2.147540963582026e-05,2.1512232308803535e-05,2.1916488777803393e-05,2.2266055534479975e-05,2.781000833711568e-05,3.4327616565827865e-05,3.421946177382156e-05,2.2671050004267725e-05,2.071932696579865e-05,2.054855887545717e-05,2.120610060863108e-05,2.1582383799130427e-05,2.086748033636124e-05,2.140584285149563e-05,2.2744856985636766e-05,2.5643726956565974e-05,2.204155143821142e-05,2.1326243167917313e-05,2.087874433942342e-05,2.1502051579306288e-05,2.1926836319637732e-05,2.270692961233147e-05,2.234270436533662e-05,2.7371379898450415e-05,2.5109728453495163e-05,2.524455941427735e-05,1.8400153737686762e-05,1.67446672641183e-05,1.6394786727683494e-05,1.7441743521183144e-05,1.745844690066819e-05,1.741749360908953e-05,1.766092299641245e-05,1.785031122627441e-05,4.605951356556666e-05,5.226247346147539e-05,5.303315364902999e-05,5.2801944559632744e-05,5.1460210809182046e-05,5.193642206739426e-05,5.2762749987780505e-05,5.168270999372323e-05,4.4647655791303193e-05,1.8577932260298295e-05,1.5632262225375334e-05,1.4558078638583658e-05,1.57970436222638e-05,1.6757061420764273e-05,1.7742522558587273e-05,1.5611567141706658e-05,1.7998549584846676e-05,1.897616594110668e-05,1.5718160512716285e-05,1.442477789338682e-05,1.4845870760330176e-05,1.417188765808345e-05,1.5583115571970654e-05,1.5190605279969412e-05,1.4695428897067163e-05,1.4545308435160529e-05,1.699613887553768e-05,1.64492201817441e-05,5.426075439844195e-06,6.9433266867201335e-06,6.365775639490537e-06,7.395517112194756e-06,9.655001434805194e-06,6.7212210930122425e-06,7.406034701950311e-06,8.537136455704705e-06,6.310442764945152e-06,3.776602579788666e-05,3.320713522150232e-05,3.958063046140116e-05,4.247757159278088e-05,4.232158444164131e-05,4.492045896173951e-05,4.291947048797745e-05,4.2391532809187044e-05,4.211889134605509e-05,3.771712051905768e-05,3.1633088112743576e-05,3.2203879809031195e-05,3.172941418440516e-05,3.3012800862041826e-05,3.300910294889671e-05,3.249552213208229e-05,3.224417045298112e-05,3.125162453635507e-05,2.9937310420010224e-05,2.963318427868196e-05,2.6344848844216536e-05,2.0513243697068505e-05,2.0100707152588084e-05,2.108534300075369e-05,2.0786630279273428e-05,2.0950089113175475e-05,2.133945139752905e-05,1.948890349279635e-05,2.0741077425106918e-05,2.0182047436621716e-05,1.8889761608408635e-05,1.9732023558276952e-05,2.0431411604247923e-05,2.0490913277281364e-05,2.0560011980435964e-05,2.0077599617396074e-05,1.924095104647466e-05,2.0857831249286608e-05,2.5680620165283166e-05,2.5286660259692214e-05,2.4337692268584865e-05,2.6022083006059304e-05,2.7245865981909805e-05,2.6460071086675362e-05,2.6994860726015583e-05,2.700644627423788e-05,2.650312225909857e-05,2.4802146420714306e-05,3.368546039467597e-05,3.619563892569345e-05,3.773947315652247e-05,3.898171298274796e-05,3.8827951697780545e-05,3.876236468192922e-05,3.724689703282652e-05,3.484275837222775e-05,3.393985726175151e-05,4.044068733303444e-05,4.227163737662606e-05,4.099354684688834e-05,4.1993602626169556e-05,4.285425621141728e-05,4.1821245216906044e-05,4.2712157984887414e-05,4.2167746365477334e-05,4.097268149959284e-05,3.883343263348395e-05
0.020013565197587013,0.00014277164563385192,0.0001437312686910892,8.854306703437529e-05,9.34682001366034e-05,0.000102001557717658,9.926452850096104e-05,9.53395319957154e-05,9.77919437020052e-05,9.488502359777388e-05,9.242930555591991e-05,0.00010111062165347094,0.0001031292045146841,0.00010439178466075447,0.00010485189220107274,0.0001030101056829346,0.000104396533635427,0.00010233171384566153,9.852186444542114e-05,0.00010019359844062242,8.623852756233859e-05,9.043533901872702e-05,9.128415669344307e-05,9.24920609323491e-05,9.220652710451785e-05,9.235387359230161e-05,9.17016126200266e-05,9.100523438631023e-05,8.907641899583614e-05,9.033607474907279e-05,7.803260246647326e-05,8.101909895807718e-05,8.105340937974236e-05,7.976918677097161e-05,8.091403249516692e-05,8.151874965051074e-05,7.976216972372958e-05,7.935812090732866e-05,8.232569512775674e-05,6.846471906232212e-05,7.787809627813847e-05,6.998651522636514e-05,7.047821989940352e-05,7.082579986362385e-05,7.009121585256373e-05,7.247285828766444e-05,7.192956776220262e-05,6.988045479201179e-05,7.249573458644434e-05,6.309615131286817e-05,6.180633157497301e-05,5.8834080281741825e-05,5.9254183059943044e-05,6.0653316791783564e-05,6.141366324266275e-05,6.14579976477498e-05,6.305076771570232e-05,6.935782656296618e-05,6.491441872951364e-05,6.951587478119314e-05,5.963430868634507e-05,5.4784779537006976e-05,5.352914798759895e-05,5.3365513713135475e-05,5.443011191790883e-05,5.525620313734089e-05,5.69473062019347e-05,6.253970605278547e-05,6.38446604151783e-05,5.722514753636243e-05,5.474985909988151e-05,5.26049098535637e-05,5.3925282421427264e-05,5.30718446201887e-05,5.531412814618133e-05,5.832694287905509e-05,6.574537612366542e-05,7.376604504630155e-05,7.429941081292133e-05,5.849802417393983e-05,5.406058908497764e-05,5.182396840641808e-05,5.157120802589092e-05,5.229984373909629e-05,5.2910476692649865e-05,5.5129639741113986e-05,6.112809864083137e-05,6.496291050069149e-05,5.6579335442757164e-05,5.42385567095058e-05,5.197552374203119e-05,5.201981558121152e-05,5.287474261396986e-05,5.4149689593975814e-05,5.7920113761166795e-05,6.507331380795882e-05,6.457443965571519e-05,6.112144441042251e-05,5.273405107561364e-05,4.6917315235065067e-05,4.625407988045796e-05,4.582164621925587e-05,4.6734758977033216e-05,4.705473293750209e-05,4.7360654684215796e-05,5.173539853321635e-05,0.00013676877023370627,0.00014797323049497903,0.000147826817581068,0.00014598595658379325,0.0001439276850410811,0.00014514276048483723,0.00014849474108136613,0.00014758900186029946,0.00013399595732603938,4.539637757934312e-05,3.914942092952623e-05,3.592447713113262e-05,3.8946397085340604e-05,3.9095041258063966e-05,4.2310965110740504e-05,3.980627182953859e-05,4.142516974261067e-05,4.712614702465629e-05,3.128189450436912e-05,3.0160626841199426e-05,2.716595942115273e-05,2.62683707802998e-05,2.7298691853973548e-05,2.7921146337684906e-05,2.887788239106056e-05,3.03920617024667e-05,3.001576355637851e-05,3.150682138362996e-05,1.1604669949256993e-05,1.1809165840415593e-05,1.1262969976115453e-05,1.5406323471105917e-05,1.5319904973739593e-05,1.4256407514685434e-05,1.325139323868415e-05,1.2776257812193378e-05,1.2696122855148042e-05,0.00010820453069970697,9.723135142970088e-05,0.00011932849336685588,0.00012709071519011116,0.0001245676361694831,0.00013149962177433702,0.0001241906805527008,0.00012409197265971227,0.00012701038857863283,0.00011348551866470135,9.89200847524818e-05,9.64253113048439e-05,9.50874233337328e-05,9.827317054702183e-05,9.896211570927959e-05,9.721847725617455e-05,9.735619220093984e-05,9.635487799513975e-05,9.402825860942903e-05,8.390567593829072e-05,7.594969691188095e-05,6.583672931823303e-05,6.60981006666439e-05,6.7498709968649e-05,6.597231898754151e-05,6.913614562169917e-05,6.961548087233467e-05,6.503936577171561e-05,6.822987835330341e-05,6.711952640054032e-05,6.077817280621884e-05,6.314603194055606e-05,6.322588558153723e-05,6.467386498555696e-05,6.381767593118627e-05,6.437115581436968e-05,6.321846185732165e-05,6.88652999077564e-05,7.965037993271391e-05,8.103019125947516e-05,7.453487232268078e-05,7.928771258352413e-05,8.079914481210658e-05,8.106988238563773e-05,8.210804256062678e-05,8.11990307978746e-05,8.247494816551049e-05,7.846987483588094e-05,9.871069486058001e-05,0.00010547667515492393,0.00010750577352073842,0.00011014728656843114,0.00010769444977828924,0.00010699143126312668,0.00010501800795285421,0.00010046222296201458,0.00010068837073501844,0.00010769841185890267,0.0001088908474172256,0.00010722483911169129,0.00011066760013249585,0.0001117132207016539,0.00011016090075599772,0.00011158372658522876,0.00011185218113060156,0.00010898009431842994,0.00010307692840431408
0.03000602498650551,0.0002386012849306743,0.0002408327600238495,0.0001476625131811814,0.00016011450193878418,0.00017179563363023352,0.00016495032946788247,0.00016047886149847112,0.00016520896451875007,0.0001591485227562887,0.0001546283823982035,0.00016269084888416923,0.0001660244197260476,0.00016789039288263424,0.00016786575124915593,0.000166505048635118,0.0001694818343478433,0.000166867624453228,0.0001609334348957026,0.00016239328501075882,0.0001422455304517461,0.00014889954285414377,0.0001475936116329528,0.00014839761891220614,0.00014816995746104689,0.00014886604808728548,0.0001469867190146473,0.00014551090841022105,0.00014539015698590443,0.0001477628904917745,0.00013062476354337092,0.00013383070281485003,0.00013371394970968905,0.00013000524035507274,0.00013166982557880717,0.00013140410963183747,0.0001302160566362604,0.00013284265809905446,0.00013773339162129926,0.00011582029804977068,0.0001294695751666684,0.00011940227000563602,0.00012010815107802458,0.00012013655231645198,0.00011885263342117774,0.00012276674455860564,0.0001221759895958765,0.00011880139327294255,0.0001227656444600033,0.00010532860102022146,0.00010625357600461469,0.0001013867133278078,0.00010126220977633651,0.00010358049889906181,0.00010607549175525432,0.00010701468288966504,0.00010838726139167407,0.00011756762938288996,0.00010169672715371487,0.00010971045596410926,9.696241988732624e-05,8.960465147229122e-05,8.784288957777978e-05,8.675128086053766e-05,8.83133922949209e-05,9.0309445891727e-05,9.40932898238296e-05,0.00010212151908423325,9.908308844755034e-05,9.213213512953906e-05,8.855363919764976e-05,8.540648423425271e-05,8.681690145456203e-05,8.436875288201298e-05,8.842228915017073e-05,9.476941696792106e-05,0.00010294262088914137,0.00011144190359905508,0.0001106548205818297,9.45109342771148e-05,8.801073809271281e-05,8.507840039002824e-05,8.192406537785113e-05,8.290040281555947e-05,8.442054056298392e-05,8.860125347841301e-05,9.86115364304776e-05,0.00010313062960973633,8.992247621398079e-05,8.551869839010179e-05,8.192351547235368e-05,8.136381981636123e-05,8.113607984836055e-05,8.404005025030012e-05,9.141813576087619e-05,0.00010211990445585319,0.00010249319969226623,9.216107937088446e-05,8.600475991681933e-05,7.511375269167252e-05,7.515623979393e-05,7.199803617356974e-05,7.335805773310039e-05,7.427622303524303e-05,7.401274553727262e-05,8.409916566649094e-05,0.00022770647380902684,0.00024415668681178413,0.00024199893701945427,0.0002384120737232149,0.00023515195092857334,0.000236668879623663,0.00024412908282128503,0.0002432904936189075,0.00022296647939237324,7.255196184834365e-05,6.142485189256577e-05,5.5482086167661495e-05,6.085080922515345e-05,6.0262542642321736e-05,6.559267596648714e-05,6.183259387658842e-05,6.400471742783358e-05,7.391308494451406e-05,4.8348314293598686e-05,4.696120809077189e-05,3.892576944562545e-05,3.9134534797889325e-05,3.949423259987137e-05,4.173878207732836e-05,4.3236500138794777e-05,4.6621536828876504e-05,4.2316950797567346e-05,4.5705815039864785e-05,1.669847268576707e-05,1.744349994004974e-05,1.4776940882765012e-05,2.3755376787780798e-05,2.1495845728955228e-05,1.9695443212569148e-05,1.8660780578190556e-05,1.6478725868836975e-05,1.6468113979779654e-05,0.0001788843538061598,0.00016163842467251764,0.00019820086350734673,0.0002101498149944655,0.00020607776909996057,0.0002172345851692924,0.0002050234809042457,0.00020507779787727783,0.0002109426964660497,0.00018858793904653572,0.00016621963186353017,0.00016156537524924497,0.00015839054216452145,0.00016371817129037813,0.00016464605197311901,0.00016219216110157118,0.0001626657099773619,0.00016246465940808108,0.00015906642922827084,0.00013979777108401634,0.0001273690457448585,0.00011372546181798277,0.00011329175721933652,0.00011496779382240486,0.00011211653439334171,0.00011650826318954801,0.00011825378403359489,0.0001137018394654056,0.00011759571339026941,0.00011858736067733124,0.0001063148254682904,0.00010848479570234966,0.00011018340604113133,0.0001127645721374135,0.00011095823439133745,0.00011197721790633659,0.00011063637573906691,0.00011973234474072333,0.00013680474705309747,0.00013797121855875944,0.00012684085748805314,0.00013635600058336514,0.00013835239021355803,0.00014023918327545868,0.00014119238779661513,0.00014071667151087212,0.0001432051575354881,0.00013616926222499937,0.0001643375552766571,0.00017452814942278222,0.00017756560535772307,0.000180397941077573,0.00017528926436084197,0.00017432696425320182,0.0001725465111801229,0.00016641709798081585,0.0001682672003815655,0.0001752706250954242,0.0001752488486076392,0.00017442322244949865,0.00018021213456743515,0.000181916907184035,0.00018067326771601904,0.00018311647023087143,0.00018400790615685482,0.000178345418233126,0.00016924947914264725
0.04000945761799812,0.0003345628934938753,0.0003380424032725414,0.00020965245106908752,0.00022668918602771648,0.00024156387663915792,0.0002307209665877295,0.00022568360674682516,0.00023269122736617668,0.00022374841107206475,0.00021698808456551837,0.00022463296972804027,0.00022889799880207521,0.00023119817066695488,0.0002312404455148938,0.0002305284168326684,0.00023458483269879523,0.0002313367646839759,0.00022356808521002285,0.00022512889532842205,0.00019910477987221937,0.00020835853033616717,0.00020411637698569717,0.00020444273669499444,0.0002042227468856966,0.0002055356813489707,0.0002021456652387249,0.0002005421218260672,0.0002019659381754516,0.00020469487009122013,0.00018307750632021635,0.00018683642906437226,0.0001864006375858675,0.00018071255374704922,0.0001830614037527523,0.0001817003916730683,0.00018078624165892245,0.00018637756283792792,0.0001931610774097601,0.00016302716211305632,0.00018226357931525178,0.00016921030815460818,0.00016982052954186112,0.0001692662731184878,0.00016705219712728628,0.00017229502892722681,0.00017193158050802937,0.00016781891379619008,0.00017329737089834865,0.00014775269753895945,0.00015083819154428202,0.00014392205756936778,0.00014352753776391953,0.00014631523996690556,0.0001505947319581739,0.00015242198998457373,0.00015348072718036185,0.00016495210357460893,0.00013888008680538024,0.00014944454421268695,0.00013430117759811487,0.00012477556314594937,0.00012280740628810375,0.00011997171102530628,0.00012167707884558132,0.0001249467561763392,0.00013123433134263064,0.00014181390784363126,0.00013418905756181287,0.00012677817847140928,0.00012178338892322535,0.00011802999061540385,0.00011969852576833576,0.00011576272981800637,0.00012160667864668804,0.0001315579459823566,0.00013908836207450202,0.00014852335284846723,0.00014743145724276603,0.00013056725973568164,0.000122007622021348,0.00011743148549397186,0.00011230325031832419,0.0001134437930032412,0.00011598515710067812,0.00012209062812789276,0.00013576016172705556,0.00014118879040228346,0.00012326201556436809,0.00011676881500045106,0.0001116619372684933,0.00011074464312940075,0.00011048670610188163,0.00011413499358333944,0.0001249956254323316,0.0001387062602971204,0.0001401317029229877,0.00012322552220194683,0.00011930301925353325,0.00010345671968702321,0.00010389084160411967,9.839916203577923e-05,0.00010048116119540543,0.00010105107827735323,0.00010076365659403805,0.00011644932033784384,0.00031851910321964026,0.000340023953219705,0.00033621996238378634,0.0003310489812591512,0.0003265288201933276,0.00032847307550363695,0.0003395796215247561,0.0003390498071352715,0.00031200974817510946,9.970451674778107e-05,8.36793017463e-05,7.487173301240178e-05,8.271150143325545e-05,8.108890603844949e-05,8.829344718370138e-05,8.385331879451383e-05,8.652103216441049e-05,0.0001010985875813871,6.592133667941012e-05,6.329049674521656e-05,5.0694383566403194e-05,5.183672358235051e-05,5.1652794501925505e-05,5.5573426707500095e-05,5.775696841941549e-05,6.285717150083346e-05,5.452319320200648e-05,5.9412369042151845e-05,2.2292355368871224e-05,2.5619454611089096e-05,1.9282127521456047e-05,3.189238250375391e-05,2.7270328004518255e-05,2.4291294207943132e-05,2.502295914690786e-05,2.0295229032124068e-05,2.2003809140318057e-05,0.00024952295571466844,0.000229272118033912,0.000276645745541019,0.00029327768390380494,0.0002877758943574068,0.00030307068113207745,0.000285918310710946,0.000286236867629372,0.0002949780751080888,0.0002633503616600856,0.0002333939979636934,0.0002273725132093077,0.00022175108182824206,0.00022909351666630665,0.00023074459469245623,0.00022804126444392675,0.00022850910229803187,0.00022891046083408598,0.0002236182065651696,0.0001957832177929668,0.00017865626554550357,0.00016166531597168688,0.00016067432184120698,0.00016362731781380312,0.00015864034450214002,0.00016342710274424514,0.00016807127440232318,0.00016123956371980028,0.00016720899612243366,0.00017028429257322152,0.00015244787480137457,0.0001547956157926435,0.00015815683951829216,0.00016026665319709117,0.00015784288949644468,0.00015916180677047083,0.00015929712838961006,0.00017213226150170129,0.00019505872477787087,0.00019496432107459055,0.00017964838249557655,0.00019276631198752585,0.00019522109530507715,0.00019793135516817545,0.00020020170156239791,0.00019717813361734245,0.00020273246674906497,0.0001943194142255215,0.00022957205366238765,0.00024360683135803525,0.0002471149868414848,0.00025068771940712755,0.00024290861358689124,0.00024177968995646768,0.00023977946881945623,0.00023247215085442442,0.0002343886966222904,0.00024241235091054553,0.0002411952190733235,0.0002415474795616367,0.00024969592975436424,0.00025223737093060523,0.00025095275660044975,0.0002547183495372296,0.0002560539118064228,0.0002477222516238665,0.0002355170007462069
0.05000763013958931,0.00043033624110472334,0.00043519546837821104,0.00027333122696889645,0.00029319560360573105,0.00031124865595804046,0.0002965625898348039,0.0002907523343659438,0.00030008763593020643,0.0002882814732151716,0.00027916424254311535,0.00028663947150580477,0.0002916533740808241,0.0002945347661453307,0.00029445142209999964,0.0002944313102842958,0.0002995308232515709,0.00029577684447995746,0.00028604377832268266,0.0002879498554659662,0.00025503307955055673,0.00026707061615407357,0.00026055366251998073,0.00026063776239776333,0.00026047259172415376,0.0002620277325239516,0.00025724273789090005,0.0002554710608723971,0.0002584725779521338,0.00026163342727368176,0.000235523125059838,0.00024044280052256837,0.00023903624809964316,0.0002314669323771139,0.00023432502363420347,0.00023183517808904018,0.00023128187019512848,0.00023977814251757262,0.0002485784067405548,0.0002103537951335146,0.00023447789218555997,0.00021857566058622655,0.0002192994926793386,0.00021804229424439182,0.00021522889603891405,0.00022172806460179806,0.00022158848811763306,0.0002167263859197978,0.0002238222347346675,0.00018971262118568124,0.00019525438472019633,0.0001862825830568697,0.00018556800645999898,0.00018892623561658935,0.00019494818744551895,0.0001977614499002672,0.00019841907072549748,0.0002121766401107759,0.00017649066320620885,0.00019029807122848338,0.00017155459756853665,0.0001599908466855685,0.00015755797963303635,0.0001530545800434083,0.0001548141405902851,0.00015941215096057745,0.00016828631161085425,0.00018154989056266488,0.0001697953981128482,0.00016135120488965183,0.00015474577384816133,0.00015058005750564064,0.00015249782373583844,0.00014707380569608627,0.00015468549836720905,0.00016811331657581258,0.00017527609136314622,0.00018461434032884078,0.0001841481369480317,0.00016650156743420734,0.00015593250974529405,0.00014996783120666037,0.0001426147244055265,0.00014396983708062699,0.00014739485617134437,0.00015549857793674038,0.00017271085670787884,0.00017912238005560204,0.00015646393588708392,0.00014787928236194346,0.0001412550410723897,0.00013999583715050058,0.00014003120481725394,0.00014413320359252867,0.0001584316973565495,0.00017473124085472513,0.0001774036383438081,0.0001542188120934448,0.00015255804974830458,0.0001316629603883134,0.00013251705709828345,0.00012472245958886584,0.00012751575374404168,0.00012784674163287085,0.00012752595403084743,0.00014870932271965245,0.00040927472019994016,0.0004352867780002458,0.0004303974186665296,0.00042325054770989286,0.0004176959683861694,0.00042007687512134206,0.0004348848223910679,0.00043478430242716585,0.0004009269890867423,0.00012636441556864374,0.00010587661377286039,9.40791188281861e-05,0.00010437557999263583,0.00010181991403815304,0.00011066431335424018,0.00010576376551442474,0.00010878146396607437,0.0001281986765495192,8.357662717097839e-05,7.907423938445704e-05,6.232577771488484e-05,6.441557865875611e-05,6.378739201420955e-05,6.92986147982703e-05,7.222941753984615e-05,7.905330242289958e-05,6.67574597914697e-05,7.389784634991317e-05,2.802759432311453e-05,3.3669886162148557e-05,2.4373018447959555e-05,3.998879875160771e-05,3.3027174045742175e-05,2.878508972106683e-05,3.301034670743422e-05,2.4118246828340514e-05,2.6598697962850708e-05,0.0003200950317127147,0.0002967289512033713,0.0003548571570276966,0.00037626181551159886,0.00036932034231126903,0.00038869467664628667,0.00036669844466877353,0.0003672923707915524,0.00037874710880560436,0.0003380482647129378,0.0003005163821759363,0.00029314570370834217,0.00028495515238259226,0.00029444513327489124,0.00029674795055335124,0.00029415109604437296,0.0002945771479832513,0.0002943083431319706,0.00028849636604474883,0.0002519129784564557,0.00022877358670978185,0.00020865085687740784,0.00020869530488744857,0.0002115438429745573,0.0002057346228926172,0.00021028783120806372,0.0002175934085726402,0.00020848264791840332,0.00021910678991709937,0.00022123494720082898,0.00019766786357743865,0.00020125190601953628,0.00020537058085158565,0.00020801122474948063,0.00020439645432446062,0.00020675070099687614,0.00020716907784260342,0.0002231245283296189,0.0002525946398155358,0.00025294784595723585,0.00023235017436605633,0.00024870278892167046,0.00025203795713548023,0.00025574248525258507,0.0002587729028573305,0.0002538117998382907,0.0002620789726721869,0.0002521943925947757,0.0002948892843523442,0.0003125745126252897,0.00031675101439202966,0.000320644182528143,0.0003105056692069105,0.00030887800645595416,0.0003066029418610593,0.0002984271450865252,0.00030021315416085923,0.0003092328726680157,0.0003070510265459854,0.0003085575611068293,0.0003190794643993362,0.0003223952219844729,0.00032108988898683563,0.00032624539970524277,0.0003279928774305683,0.0003169570092214604,0.00030146101052971387
0.060001686215400696,0.0005259921781397163,0.0005321339967123609,0.00033681221175496987,0.0003595162773720379,0.00038078906552653394,0.0003629139616728554,0.0003556695204546083,0.000367274785895148,0.0003526828663541066,0.0003411594655060325,0.0003484845955773761,0.00035425962833365155,0.00035768155794484294,0.00035751939679588054,0.0003582184624338689,0.00036432123311447496,0.0003599834658084583,0.0003483658033351979,0.0003502314589731291,0.00031086040657082203,0.00032597337192456647,0.0003169534929324374,0.00031667937539582786,0.0003164672533766912,0.0003183392881484788,0.0003121582284115705,0.00031032546931694384,0.00031480317376690267,0.00031865511567194104,0.00028791048832962733,0.00029392748295607046,0.0002914774307815281,0.0002823875515806054,0.00028543267513090297,0.00028205385126565366,0.00028160319910877375,0.00029279557467904664,0.00030360775674755265,0.00025704959997854696,0.00028655956868394486,0.0002677849353422517,0.00026862504138646683,0.00026645445653522765,0.00026324714595129465,0.00027083733277326896,0.00027107767771419677,0.00026547158271427444,0.0002741745878669372,0.0002315184207306024,0.00023945908142323808,0.00022846783263822767,0.00022745944803399844,0.00023137988423507696,0.00023913467974564934,0.00024292319902491016,0.0002433484709723089,0.0002592553183840527,0.00021396553158725188,0.00023046442445647745,0.00020865511461850837,0.00019507478794311047,0.00019211849426317454,0.0001859722543007745,0.00018807428560883318,0.0001937309716269134,0.00020517769545859804,0.0002209526420545429,0.0002054265403509232,0.00019575020764470854,0.00018756305497652316,0.00018298113998350786,0.00018494782608861416,0.00017822773270452218,0.00018772030263933582,0.00020453861668745803,0.00021193578236571522,0.000221258390661555,0.0002205593379659031,0.00020230364371213847,0.00018989307215697596,0.00018239660999702702,0.00017279297008081264,0.00017433188809322083,0.0001785725415706944,0.0001887184084399179,0.0002095259520969356,0.00021643258222655144,0.00018954490259742628,0.000178794169304578,0.00017069788909506117,0.00016906751938252425,0.0001696143883202242,0.000174000424214016,0.00019174697557815154,0.00021023157892431386,0.0002145303452183108,0.00018481867393748005,0.00018564476199322985,0.00015952844044248433,0.0001609694275335051,0.00015088705059020894,0.00015440358753077493,0.00015445104966718248,0.00015413553247218872,0.0001808322985451937,0.0004997241657902356,0.0005304490229945291,0.0005242933083789897,0.0005151808565927836,0.0005086656153736133,0.0005115380778011509,0.0005299974205825427,0.0005311654704780426,0.0004896412193841336,0.0001527349936340157,0.00012792872385679482,0.00011315683968870352,0.00012590436238613876,0.00012240272006163027,0.00013289545075245452,0.00012754092141159678,0.00013090714030391894,0.00015516288824086506,0.00010114135567615033,9.467239855315867e-05,7.383478869802488e-05,7.688776105639012e-05,7.571664957928968e-05,8.278414000924615e-05,8.651991984249032e-05,9.507694378006619e-05,7.891510961831002e-05,8.869003129182115e-05,3.361689937370101e-05,4.163839070991978e-05,3.062312986419984e-05,4.792795123063011e-05,3.8579275343437366e-05,3.311220375850033e-05,4.0645163882590164e-05,2.773654792275732e-05,3.055412391445681e-05,0.00039053175387958414,0.00036403528685752067,0.0004329674779372362,0.0004591193440333339,0.0004506822578785201,0.0004741097897519886,0.0004473256232177864,0.0004483340613170065,0.00046162003698212785,0.0004136470245623145,0.000367454244908252,0.0003588350249907912,0.00034801024226347013,0.0003592784213862225,0.0003625812389357205,0.00036001769339916986,0.00036050211987737643,0.0003594489415589182,0.0003530601636485725,0.00030808740110994877,0.0002787783296790461,0.0002555162537858052,0.00025657977331873327,0.00025894275405503295,0.0002527949348399726,0.0002569719847865651,0.0002668470082427057,0.00025595106337238094,0.000269791135551118,0.00027177203090366226,0.00024269164883304432,0.0002477262395891529,0.0002526656104119593,0.00025540416279785846,0.00025076854228530873,0.0002537391409859728,0.0002548569953235966,0.0002740128647441634,0.0003096767614474489,0.00031078283308192447,0.00028492080284631013,0.00030429113138437765,0.000308435047223889,0.0003134219802705052,0.0003171924993481639,0.0003110562626614473,0.0003212022422728021,0.0003098481432921479,0.00036004041467751927,0.00038136502739864525,0.00038624599492137577,0.00039048829955337904,0.0003779579251033615,0.00037580583485097876,0.0003732100887812197,0.0003642296177656914,0.0003660610731356214,0.0003759633341703344,0.0003733221495703813,0.00037541103002652004,0.0003882840692289632,0.00039232895088480254,0.0003910342685672811,0.00039760176691472793,0.0003997800047133425,0.00038590875933530754,0.00036724101157382136
0.07000037282705307,0.0006214260223795341,0.000628863404499012,0.000400102574906513,0.0004256237396620825,0.00045011905226086926,0.0004293340693972284,0.00042039915425574507,0.00043424711838367154,0.0004168342296579082,0.00040299248245322073,0.00041002197964775945,0.0004166376833093363,0.0004206436413195674,0.0004203638452609172,0.00042175496351615666,0.00042888503589523324,0.00042401859082448403,0.00041045426058939087,0.000412434628469821,0.0003659743008091556,0.00038470091089225217,0.0003733247334359614,0.0003724989318372594,0.0003722501950853459,0.00037445473631344514,0.00036686447989046125,0.0003649630067676815,0.00037092054257460537,0.0003754627159663458,0.0003400691553365524,0.00034708765212028235,0.00034372179331252235,0.0003330033229637051,0.0003363142659996644,0.0003320875473920951,0.0003317058376237056,0.000345580657962689,0.0003582867531038148,0.0003035129777165139,0.0003384083113108885,0.00031677344317357413,0.00031771148646654124,0.0003146427779526386,0.00031103762627210434,0.000319699832003189,0.00032035025286282146,0.0003139933355336455,0.000324315262470801,0.0002731251993522132,0.000283443245889279,0.00027045572510553406,0.00026913191907960114,0.00027360942450518536,0.0002831125939259839,0.0002878861918251223,0.00028815964671410313,0.0003060893770064599,0.0002511367373783189,0.00027042753612142525,0.00024553208444229,0.00022992316386459357,0.00022666814437703712,0.0002186723174064875,0.00022111932180458825,0.0002278320242517171,0.00024178577328603322,0.0002600226085422671,0.0002408181587674193,0.00022992627318903545,0.00022014281820165963,0.0002155201682111413,0.0002171701084621089,0.00020915285185839247,0.00022052636549422437,0.00024072409271531787,0.00024836023892462844,0.0002576571538064438,0.0002569185174060223,0.00023785953661734354,0.00022368254148186654,0.00021405678282496862,0.00020275704539650562,0.00020448257119348465,0.0002095322380459692,0.0002217336821510534,0.00024609115599005576,0.00025352613716230935,0.00022238029738854025,0.00020943996493888404,0.00019990202032273634,0.0001979217703613721,0.00019896405180771352,0.00020362860160601977,0.00022481305169894108,0.0002454000496014065,0.0002514531700279143,0.00021510508907275386,0.00021853208402684336,0.00018715511828223806,0.00018919605514705154,0.0001768174609416947,0.00018105198579142497,0.00018081705707451807,0.00018052314178957035,0.00021271076602395934,0.0005900595002376606,0.000625347292642298,0.0006180587255343854,0.0006068979102830755,0.0005993708222408588,0.0006028422974170265,0.0006249566066445282,0.0006272442848405745,0.0005781731387526714,0.00017890760226901592,0.00014972411751934566,0.0001320016955597706,0.00014720657709972035,0.00014276867004688716,0.00015489210810142718,0.00014916977481372904,0.00015279538976630493,0.00018189393079785283,0.00011822324184510316,0.00011009484882265861,8.511707928167288e-05,8.911495264570452e-05,8.740018653207544e-05,9.601064851423142e-05,0.00010061167761261022,0.0001109224790297041,9.065901077895497e-05,0.00010323085189989893,3.896100668238766e-05,4.9296815282064045e-05,3.668569244420209e-05,5.56064306721976e-05,4.3927433028233105e-05,3.724865532114172e-05,4.7974127186397155e-05,3.115532909488987e-05,3.43456331610563e-05,0.00046071105757521693,0.00043112120244158544,0.0005108646184321211,0.0005417418558302739,0.0005318624607404715,0.0005592731790145131,0.0005277183004346041,0.0005291814206466824,0.0005443128388961991,0.0004902692735854365,0.00043431761787904647,0.0004242458260413613,0.0004108414182186238,0.00042397079391297244,0.00042820317148527384,0.00042574093510754427,0.00042616408853826193,0.00042442142306125413,0.00041659662561624325,0.0003637405662716352,0.00032852118993380406,0.00030214656264275296,0.00030424644926185004,0.00030628701971473687,0.00029962342135510597,0.0003036013111763689,0.0003158741572890932,0.0003031801042730606,0.00032025316060483916,0.000322175142441642,0.00028749552020772626,0.00029371768940707367,0.00029979232977549636,0.00030259064699527104,0.0002968664390820329,0.00030050662480464636,0.00030233202574956236,0.00032500582125481265,0.0003664618213686078,0.0003683795759507027,0.0003371549064185732,0.00035964331129409845,0.0003645502043300879,0.00037085439688122856,0.00037538224281885753,0.00036830893035072904,0.00038013861590615374,0.00036697713286341953,0.0004249695189324541,0.00044994279834549724,0.00045554325508842585,0.0004600731292339879,0.00044518373037613456,0.0004425347337818709,0.0004395212430276207,0.00042980157305144435,0.0004318345288087504,0.0004427208169704023,0.0004392585544369617,0.00044203973025106277,0.00045726914212039694,0.00046205812414352,0.0004608054233143102,0.00046876410894279114,0.0004713380112246154,0.00045466121587395535,0.00043279514296135595
0.08001159876585007,0.0007166406637041132,0.0007253011552946306,0.00046310717586988754,0.0004914718030157985,0.0005191289617836512,0.0004953810098705159,0.00048477350769005235,0.0005008886654590302,0.00048070322684263834,0.0004645195126544052,0.00047126880538767534,0.0004787132350407879,0.0004832837251143572,0.00048290449969936054,0.0004850026330632733,0.0004931307148944269,0.0004877264024248163,0.0004722519328784239,0.00047408488294441577,0.0004207009350299942,0.0004430589398255394,0.0004293755274399305,0.0004280057439073902,0.0004277087857353279,0.0004302676398187015,0.0004212788166820195,0.0004192995883024162,0.0004267172842652573,0.0004319564398664173,0.00039191328330151563,0.0003999321536707897,0.0003956311702107468,0.0003832427104936883,0.00038688073685935883,0.00038174602073680764,0.000381489389734845,0.000398056824067737,0.00041266178948396896,0.00034965978619133344,0.0003899424962013842,0.00036541977518518315,0.0003664870934376773,0.0003625160406213753,0.0003585036425045026,0.0003682325268490509,0.00036930309276518374,0.0003621980019716242,0.00037402604816442575,0.0003146533273949223,0.0003270731898220459,0.0003121972141803939,0.0003104675940033617,0.0003155065592692068,0.00032674412660245786,0.0003325055842857837,0.00033266248279311837,0.0003525509459809992,0.0002871959333033174,0.0003100331416252733,0.0002820638418866081,0.0002644284390207148,0.00026100869378831675,0.0002511519963930507,0.00025383430426060183,0.000261586369513388,0.00027801570767780297,0.0002989134226064585,0.0002758710184286451,0.000263756459392158,0.00025238616580964694,0.00024763097478908424,0.00024897363837451047,0.00023973261684231276,0.00025300765508266295,0.0002764393046323903,0.00028445810540065475,0.0002937168772035565,0.00029293303581021275,0.00027308980982729156,0.00025714990625009306,0.0002452818368882959,0.00023236485960387,0.00023427703517611166,0.00024013482468324864,0.0002543961566850699,0.0002825054108241258,0.00029026810115996234,0.0002548803962184159,0.00023972570189572534,0.00022876813194635894,0.00022642713304958333,0.0002279646130246028,0.00023289992915718797,0.0002575564733575691,0.0002801032027287214,0.0002880417569841901,0.0002450418310365843,0.0002510757576904573,0.00021444856403201378,0.0002170813769535047,0.00020239804022523185,0.0002073411418922396,0.00020683419114680594,0.0002065676434390106,0.0002442681358598405,0.0006801216397932648,0.0007200256702673116,0.0007115469189924118,0.0006983068581354675,0.0006897980691355919,0.0006938187434452443,0.0007196051191090526,0.0007231001850009749,0.0006664231027056161,0.0002047294968811108,0.00017117719529734143,0.00015048499978295593,0.00016815574529375205,0.00016278012972305596,0.00017654337734276747,0.0001707083715248026,0.00017433577769674987,0.00020827103784057708,0.00013428776516719393,0.00012513537304294586,9.601626203698209e-05,0.00010095869530421154,9.867322996009893e-05,0.00010890754303130875,0.00011430651060355297,0.00012637083496754703,0.00010222147044815183,0.00011741157672914735,4.3942860868554346e-05,5.662778320999093e-05,4.231919010938908e-05,6.289038743224205e-05,4.8862347085564385e-05,4.098645732256191e-05,5.3871154406508026e-05,3.416986443949925e-05,3.77317553536609e-05,0.0005306373380170879,0.0004979297677809907,0.0005884540361822666,0.0006240759134330535,0.0006127229993952078,0.0006441549510878383,0.0006078194161460721,0.0006097406973710592,0.0006267110329665159,0.0005665951039881248,0.0005009841396373426,0.0004893782518142212,0.0004733825857488074,0.0004882971226506457,0.0004934924721816552,0.0004910960806598808,0.0004915566828850608,0.0004890834829102795,0.0004798007467895095,0.00041852266386891226,0.00037797243576343626,0.0003489531679809794,0.00035155911721361895,0.0003535844352667459,0.00034611869735082213,0.0003496416864775439,0.00036456893793075835,0.00035008774496778924,0.00037038302203036213,0.0003723000029483419,0.0003319598180351534,0.00033891559798185616,0.000346584483413181,0.0003494372228703247,0.000343074227244714,0.00034695137391867214,0.0003494928714659788,0.0003758681522012193,0.00042292055954465635,0.0004253303662296228,0.0003888567889019779,0.00041485249794281855,0.0004203661530233186,0.0004279853042191618,0.0004332590474955955,0.00042498027430169186,0.00043877088029511653,0.0004237877018422095,0.0004895983342331268,0.0005181729775362224,0.0005244976644210122,0.0005293894747456537,0.0005121047508145534,0.0005089460062045275,0.0005055281146023237,0.0004950787395883397,0.0004973138143767064,0.0005091862470315484,0.0005051555846894088,0.0005083765065848336,0.0005259605608744727,0.0005314841430146747,0.0005302347209107112,0.0005396239615317801,0.0005426017044021914,0.0005230867133293223,0.0004980600344111011
0.09001229703426361,0.0008111553098433357,0.0008210824247658456,0.0005254854919931622,0.0005566597358814334,0.0005875002722645661,0.0005608236249098443,0.0005485420125211983,0.0005669295178572289,0.0005439510102823162,0.0005254237507206995,0.0005318768181057606,0.0005401588412641627,0.0005453033314392377,0.0005448218074956965,0.000547611197379362,0.0005567514458530772,0.0005508168427159989,0.000533416443057349,0.000535066174505288,0.00047485024900860407,0.0005007909513936809,0.00048480755351283796,0.0004828915378055535,0.000482556314033792,0.00048545730482226217,0.0004750994666402204,0.00047301534666305327,0.0004818995508540604,0.0004878234687981256,0.00044312874216038836,0.0004521546252462228,0.0004469366893247709,0.00043286490560637297,0.0004368286877056375,0.0004307720032472654,0.00043065439594789555,0.000449914575998921,0.0004664078720266297,0.0003951911123629171,0.0004408655934309039,0.00041345058175243463,0.0004146449063166714,0.00040977001478951575,0.000405357755996333,0.00041616066905104623,0.0004176833182588683,0.00040979178207386146,0.0004231322305952679,0.00035557918639713814,0.0003700882174630932,0.00035334995579271926,0.00035124012888397625,0.0003568031207264238,0.0003697850630755304,0.00037649817708895994,0.00037656387181381163,0.0003983972500835559,0.000322662716496085,0.0003490257037372968,0.00031806561927953447,0.00029833819384580794,0.0002946600997319828,0.0002831526438424749,0.0002859439526432319,0.0002947346401124201,0.0003136321799212606,0.0003372060694880044,0.0003102499838583347,0.00029699969337862214,0.00028402712703329004,0.0002791378683621911,0.00028009973360732486,0.00026972071773626673,0.0002848769265999351,0.0003115462183934135,0.0003199506452810919,0.0003291822465179635,0.00032835658124520596,0.0003077170518369303,0.00029001117219665273,0.0002758996106384377,0.0002613799265915069,0.00026347368314482333,0.0002701428064441018,0.0002864578830469355,0.0003184095541065818,0.00032645652027514196,0.0002867738704801554,0.00026943164863731903,0.00025703150457886964,0.0002543283750803597,0.0002563636863429084,0.0002615813893023034,0.0002896792639638948,0.0003141377277174179,0.0003240423223992053,0.00027439080858023923,0.00028299893720292824,0.00024115260254770106,0.000244361865986408,0.0002273889586048852,0.00023305436056757854,0.00023225344852000068,0.00023200340603013822,0.0002751957160708979,0.0007695203747372611,0.0008139938184824805,0.0008043684337153037,0.0007890698257876838,0.0007795692741701477,0.0007841678278309655,0.0008136094598492211,0.000818292558604197,0.000754031582338477,0.00022995598131584174,0.00019203200753093412,0.0001683821562275981,0.00018851913873613928,0.00018219566670533543,0.00019761352187016342,0.00019275931622323716,0.00019528285325877352,0.00023405096879602398,0.0001497799335025518,0.00013955675659288032,0.00010634078664487659,0.00011224255478665062,0.00010939929832326322,0.00012121624804435838,0.0001274501010098817,0.00013976677620135462,0.00011325852935221758,0.00013102284680546842,4.836507835826154e-05,6.335801073116877e-05,4.743084413872975e-05,6.960324777587622e-05,5.327914547517589e-05,4.414658935106045e-05,5.906709065677219e-05,3.700294074860437e-05,4.0547699460531666e-05,0.0005998942425408981,0.0005640880917278297,0.0006654189959750108,0.0007057871282820269,0.0006929674621248738,0.000728416855419107,0.0006872897304296096,0.0006896383204381528,0.000708454457552137,0.0006422738647335111,0.0005670389674580998,0.0005538863162657923,0.0005353587253803612,0.000552030069994103,0.0005581839174618968,0.0005558584867578917,0.0005562742015088049,0.0005531279482667525,0.0005424023164917395,0.0004727222608380714,0.00042677812705195945,0.00039537716794113065,0.0003980704578126121,0.0004002772147687199,0.00039199471533233465,0.00039505231874630654,0.0004126579159864587,0.0003963813851130074,0.0004199168204095466,0.0004215801211782854,0.00037582301853495163,0.0003835064315951924,0.00039277039269981507,0.0003956814911654831,0.00038866836919029726,0.0003927708298631813,0.000396025379975334,0.00042633173263618014,0.0004787589519750205,0.0004812504863512931,0.0004399183317430602,0.0004697634505927051,0.00047554749926819297,0.0004844863787911495,0.0004905190560781392,0.0004810213207130252,0.0004967946627468517,0.00047999968488186633,0.000553599980588313,0.0005856648211639477,0.0005928201742403181,0.0005980562305832979,0.0005784008692296253,0.0005747239623594682,0.0005708939326929443,0.0005597053311079945,0.0005621519066833459,0.0005750329390728106,0.0005704881288957142,0.0005740657910535255,0.0005940299053619228,0.0006002774208330689,0.000599048552309895,0.0006098584887392149,0.0006132381584580562,0.0005908992323921548,0.0005626855612078733
0.10000583529472351,0.0009047743416951382,0.0009160141155529586,0.000587032484454162,0.0006210055724591072,0.0006550599774518804,0.0006254186031907602,0.0006114662352475523,0.0006321123842295358,0.0006063385574551965,0.000585470301872879,0.0005916500685265673,0.0006007718410959122,0.0006064764019671306,0.0006058971259940531,0.0006093869160144037,0.0006195331970383952,0.0006130592608547488,0.0005937448104231025,0.0005952046162466072,0.000528643447408269,0.0005576985464807334,0.0005393998129183541,0.0005369441006286496,0.0005365649304342887,0.0005398146441390957,0.0005280789475569684,0.0005258958422894004,0.0005362436590764877,0.0005428593385790364,0.0004935462996467602,0.0005035446537910779,0.0004973982196936304,0.0004816578869452396,0.00048595224738028504,0.00047896707279892673,0.00047904883500313016,0.0005009404635657721,0.0005193214310086185,0.00043973324597726155,0.0004909592485262684,0.0004606477361872716,0.00046197765157124674,0.00045620131077616255,0.0004513842502102021,0.00046325367161475215,0.0004652902765357358,0.0004565332466192383,0.00047140133721428046,0.000395682008858943,0.0004122672207852495,0.0003936676141378208,0.000391196166267794,0.0003973277897305675,0.00041198294725338573,0.00041961960108989453,0.0004196260762846485,0.00044342415760593995,0.00035730975050191234,0.00038720586273257657,0.0003533296639347344,0.0003314263510307015,0.00032743888215478476,0.00031412926112848793,0.0003172365516103152,0.0003270765709355543,0.00034843006922610016,0.0003746738460438611,0.00034373702557975874,0.0003294157009589395,0.0003148551962074773,0.00030983258027631215,0.0003104118412938007,0.00029888226321231955,0.00031593276306483343,0.0003458338301971243,0.0003547041901145827,0.00036383148819879,0.00036286814982815517,0.0003415258670788115,0.0003220485456829477,0.00030570572473716576,0.00028958533768902754,0.00029186403102746914,0.000299359401141825,0.00031770835902282816,0.0003534854695336536,0.000362037181073508,0.0003178546660971874,0.00029831910418708004,0.0002844804596918625,0.00028142281831370356,0.0002839343437105393,0.00028944813914348854,0.0003209887834541089,0.0003473532087327094,0.00035920645509271106,0.0003029250470592162,0.0003140304817650412,0.0002670288474952955,0.0002708321158612301,0.00025156312466751633,0.00025793858980293217,0.000256863594731642,0.00025664404438657015,0.0003053239396156171,0.0008580728649430372,0.0009071569970837756,0.0008963312951629557,0.0008789838958103049,0.0008684817845139865,0.0008736508317659413,0.0009067497310901286,0.0009126409860281611,0.0008407701252795309,0.00025436180542314293,0.00021208872684544584,0.0001854630613674443,0.00020807237700182885,0.00020080110545719784,0.00021786737195164175,0.00021400975612628244,0.0002154315759045563,0.00025902069338064223,0.00016447357175546252,0.00015320524250160675,0.00011587004666562628,0.00012271121388201744,0.00011931813820342338,0.0001327267404936163,0.00013976086874376175,0.00015238960322552347,0.00012347217264921677,0.00014383796761404316,5.195041675965389e-05,6.97265238186325e-05,5.172856612997502e-05,7.55266290443879e-05,5.685991034245713e-05,4.6513766855675416e-05,6.345699026942004e-05,3.944898425012193e-05,4.255692069834421e-05,0.0006683227109815102,0.0006294091235820159,0.0007415324282553837,0.0007866050653667294,0.0007723569368489965,0.0008117984829945289,0.0007659174848019319,0.0007687147056620013,0.0007893577266250569,0.0007171632694997755,0.0006322370793275872,0.000617540346418216,0.000596607283667723,0.0006152608753891545,0.0006220088347741579,0.0006197635315134526,0.0006201859831819245,0.0006161969456948243,0.0006041362112473674,0.0005260906664443957,0.0004747419314307654,0.0004409672557717076,0.0004434387335529121,0.00044600170502493715,0.0004362677426827617,0.00043962985108901196,0.00045991528967498607,0.00044184538122362093,0.000468599786136026,0.00047002366173255083,0.0004188653228691883,0.00042727768053306555,0.00043813410353422835,0.0004410918151190296,0.00043343612972050337,0.00043777805468021836,0.00044172716994854774,0.0004759664628331748,0.0005337590894028962,0.0005363157841293269,0.0004901603060146982,0.0005238482197011593,0.0005298953889537377,0.0005401564874845648,0.0005469435775925604,0.0005362427249273999,0.0005539862195992621,0.0005353622330411598,0.000616761057851245,0.0006522933097093868,0.0006602846548926108,0.0006658906940966823,0.0006438502298147367,0.000639660285274487,0.00063543198482579,0.0006234935255470669,0.00062616023531067,0.0006400306759629823,0.0006349725807733624,0.0006389253797182667,0.0006612377400566638,0.00066823405655171,0.0006670216598840016,0.0006792486084449973,0.0006830074495086294,0.0006578251220251719,0.0006264623468335185
0.11001471430063248,0.0009974959369785416,0.0010100047638763265,0.0006475375601551023,0.0006843482341544038,0.0007215910648489061,0.0006890245936909612,0.0006733732156345775,0.0006962977128260291,0.0006677480367280768,0.000644543377641263,0.0006504301136906052,0.0006603816131255083,0.0006666625140726712,0.000665974897513157,0.000670160948423373,0.0006813224884455267,0.0006743127843976065,0.0006530767455761869,0.0006543472343526803,0.000581424059258455,0.0006136001044157899,0.0005929929458043496,0.0005899889501233696,0.0005895685945381955,0.0005931642057034779,0.0005800568515384854,0.000577770517044575,0.0005895817255451995,0.0005968886558153513,0.0005429877150528031,0.0005539262327324137,0.0005468621052966945,0.0005294345600938652,0.0005340532301721065,0.0005261474907794187,0.0005264680431185253,0.0005509530938825061,0.0005712284834632078,0.0004832109983866746,0.0005400292430338307,0.0005068349189998171,0.0005082882663098014,0.0005016059792162667,0.0004963934261563681,0.0005093307559839568,0.0005118817652857674,0.0005022500761626784,0.0005186595783269607,0.00043475852819544017,0.00045342590206720525,0.0004329626875470869,0.000430154021059833,0.0004368363392149754,0.0004531707815797157,0.0004617328768999466,0.0004616810189708493,0.00048741775243356866,0.00039091402275691036,0.000424361225090517,0.0003875374879595764,0.00036348228267710545,0.00035907243806109087,0.00034400511256277495,0.0003474665410345301,0.00035837497497196846,0.0003821923955952785,0.0004111107148786914,0.0003761878164084347,0.00036079265462403073,0.00034464061809861147,0.00033948531158151346,0.0003396802737880979,0.00032700758195465247,0.00034594739028406737,0.0003790909999163151,0.0003883962062341064,0.00039744346200682715,0.0003961592836896079,0.0003742919550827607,0.00035305838565914503,0.00033446297980653636,0.0003167354973933903,0.00031920742959440964,0.0003279513388577724,0.00034792068704704967,0.0003875416571175738,0.00039658313715692644,0.0003479014346024893,0.00032616155234682566,0.0003108905627900786,0.00030747244800447205,0.00031014786249599654,0.0003162768756333021,0.00035126864171410504,0.0003795276881549355,0.0003933615606668823,0.00033039672546381077,0.00034403237660123536,0.0002918694075616581,0.00029625547106576776,0.0002746895924845702,0.00028178646000512613,0.00028042282206917023,0.0002802174197111437,0.00033439625257083945,0.000945634110224613,0.0009993236065712421,0.0009873465912092674,0.0009679218490620551,0.0009564357865671719,0.0009621676609453368,0.000998951934879041,0.0010060017417632282,0.0009265699496252601,0.00027772342686615127,0.0002310704372835085,0.00020149636662347066,0.00022656389845826085,0.000218361004169996,0.00023706491799659372,0.00023420341341395828,0.00023451140650972672,0.00028293547258645895,0.00017807883773807818,0.00016579098771845485,0.00012432407980345877,0.00013211038558929298,0.0001281641814838533,0.00014316105810571037,0.00015101517943393722,0.00016392041054136446,0.00013263857614695819,0.00015555377211257963,5.450816125337836e-05,7.516135431770676e-05,5.4942304165820694e-05,8.034999626712034e-05,5.937541565156994e-05,4.924692947744156e-05,6.679462270409914e-05,4.35715325796816e-05,4.348802229722838e-05,0.0007357581214203821,0.0006937439378907126,0.0008166702085385696,0.0008664792162123492,0.0008507579046721068,0.0008942244714514952,0.0008435533511597334,0.0008468395645543261,0.0008692800287146008,0.0007911083921916655,0.0006964672401777116,0.0006801973334796879,0.0006568642691583598,0.0006775234559625243,0.0006848510180426998,0.000682690450847518,0.0006830254100203999,0.0006782524419816377,0.000664901217383255,0.0005784415800681003,0.0005220150360978955,0.00048555346695766145,0.00048778153217658054,0.00049067038132777,0.0004794930758141162,0.00048318700041873145,0.0005061672474436695,0.0004862954850468063,0.0005162788176963867,0.0005174435037348269,0.00046087450893132455,0.0004700222582080594,0.00048247666516933505,0.00048549208001761137,0.00047719562126468626,0.00048175734276147407,0.0004864273151111657,0.0005243536944450172,0.000587744842159342,0.0005909641638067606,0.0005393873905761752,0.0005769267089169064,0.0005832400738457272,0.0005948225377654313,0.0006023551639772395,0.00059045717394671,0.0006101690633997035,0.0005897222816204337,0.0006789246439307747,0.0007179321075614351,0.0007267694719986167,0.0007327251349056454,0.0007083093653317638,0.0007036126713713148,0.0006989869434055697,0.0006862965320754203,0.0006889594373673077,0.0007040351270662914,0.0006984584767447258,0.0007027881438737392,0.0007274711606168021,0.0007351975997557136,0.0007339981051594569,0.0007476456068753945,0.0007518073492015914,0.0007237657328635069,0.0006892583460932841
0.12000662833452225,0.0010886041417444644,0.0011023876449836186,0.0007065550379467484,0.0007461707453756448,0.0007865695918604243,0.0007510722302406227,0.0007337734733654682,0.000758979217849764,0.0007276008370763681,0.0007020702295920893,0.0007076751655338763,0.0007184656228839433,0.000725306175770762,0.0007245224983136807,0.0007294060226668883,0.0007415762780418708,0.0007340295820722513,0.0007108711725687189,0.0007119555240864751,0.0006326862186691342,0.0006679719011853148,0.0006450590716540202,0.0006415125332270207,0.0006410483416605184,0.0006449957819028973,0.0006305113194181213,0.0006281235699258381,0.0006414010772763848,0.0006493945818165515,0.0005909213862209505,0.000602791112489427,0.0005948020371044175,0.0005757188852080941,0.0005806488248064904,0.0005718144526375073,0.0005723715920382376,0.0005994505550866992,0.0006216190484125783,0.0005251806648805088,0.0005875982532296546,0.000551509863995235,0.0005530934077591051,0.0005455120136729404,0.0005398944793731983,0.0005539010118574752,0.0005569633159280633,0.0005464583389108367,0.000564406904616911,0.0004722754936830008,0.0004930885481868997,0.0004707654612400126,0.00046761570839017096,0.0004748401298271071,0.000492852646781503,0.0005023298906890425,0.000502226802965579,0.000529916771994493,0.00042303609146846687,0.0004600280548148606,0.00042026636473283994,0.00039404731813166046,0.00038921958502741584,0.00037239606557155393,0.00037617904553079336,0.00038819019759951673,0.00041446902456537555,0.0004460570602609639,0.0004071566694429785,0.00039068752036388644,0.0003729457720446293,0.00036765631792211626,0.0003674732442582319,0.0003536614381424077,0.0003744851778393197,0.000410861899897544,0.0004208728984170132,0.0004295575576638855,0.00042762523346218296,0.0004055827122115566,0.00038257631821560174,0.0003617524652013435,0.00034241508037420685,0.000345075792371469,0.00035507039611427677,0.00037665275000222954,0.0004201020672355328,0.00042965321245969404,0.00037646294402250615,0.0003525276066341801,0.00033581247895888617,0.00033204842414689734,0.0003348773658109024,0.0003416238791055076,0.00038005670184520205,0.00041022236843223396,0.0004260124538229849,0.0003563916223011343,0.00037254153915944257,0.0003152299188398024,0.0003202108328371243,0.0002963429980742552,0.00030415546751233995,0.0003025180123019813,0.0003024317910314428,0.0003620022942864575,0.001031646968880398,0.0010899069437962975,0.00107676075111751,0.0010552846175736683,0.0010428121074473136,0.0010490991700970796,0.0010895621599519758,0.0010978141430845422,0.0010107702737442536,0.0002996085923135534,0.00024861202460341354,0.00021606590109930413,0.00024359454534180093,0.00023445016452384543,0.0002547942474249619,0.0002528325216860242,0.00025214278028246436,0.00030539260417528405,0.00019024251725568948,0.00017690739579998582,0.00013133418420098808,0.0001400710896470528,0.00013556455082180512,0.00015215565409968575,0.00016082455878414212,0.00017401848049907636,0.00014035694617047404,0.00016585286244078716,5.557932539306492e-05,7.917147515857074e-05,5.6730605471752346e-05,8.375724869350746e-05,6.044328150870171e-05,5.3655011059617544e-05,6.867812035951978e-05,4.716024059028323e-05,4.300055178147737e-05,0.0008016611983324414,0.000756536125776183,0.0008902473800285906,0.0009447849882611854,0.0009276202599219502,0.0009750790462775729,0.0009196386140133058,0.0009234382079061047,0.0009476619316132262,0.0008635125577341302,0.0007591382601832377,0.0007413196861545251,0.000715601880715131,0.0007382420445523636,0.0007461584104661392,0.0007440615448759883,0.0007442866771069882,0.0007387540134730691,0.0007241111643998684,0.0006292973466614348,0.0005679978208777268,0.0005286183795405087,0.000530633872922196,0.0005338303746419003,0.0005212062194463993,0.000525239594502269,0.0005508911351787902,0.0005292302932101608,0.0005624434532331069,0.0005633596257030363,0.0005013915252757004,0.0005112630031068553,0.0005253126698102146,0.0005284943585943851,0.0005194359517045373,0.0005242258080543927,0.0005296196677178321,0.0005710312215472314,0.0006401752274812974,0.0006446102475302688,0.0005871064317879802,0.0006284811787628075,0.0006350610235240589,0.0006479660423771676,0.00065614738681234,0.0006431443996488717,0.0006648323549496433,0.0006425567692537808,0.0007395540235835967,0.0007820406806246977,0.0007917031978181113,0.000798026322994297,0.0007712324963001322,0.0007660206634093581,0.0007610018191626561,0.0007475589398132655,0.0007500349485626745,0.0007665075759666024,0.0007604052447502223,0.0007651152704676947,0.0007921622941305379,0.000800615995944556,0.0007994326384286606,0.0008144977136860706,0.0008190658522809019,0.0007881547876416466,0.0007505150333183969
0.1300143450498581,0.0011780258714815214,0.0011930791088151475,0.0007638016911884556,0.0008062563283138441,0.0008498612296883088,0.000811399964869925,0.000792415984633648,0.0008198991293731655,0.0007857334133839252,0.000757835414415068,0.0007631628620606062,0.000774798896899545,0.0007822139468735908,0.0007813213237039394,0.0007869053563342438,0.00080009292077349,0.0007920059484047754,0.000766927202179213,0.0007678239714982636,0.0006821635907620447,0.0007205950824543323,0.0006953721344411476,0.0006912820685001246,0.0006907787784226677,0.0006950687683744812,0.0006792138102410498,0.000676725225567069,0.0006914637351882278,0.0007001495086264688,0.0006370885619069142,0.0006498965120858537,0.0006409822862758896,0.0006204038792087845,0.0006254781517438126,0.0006157201258591891,0.0006165163038876833,0.0006461882531245476,0.0006702517369006581,0.0005653820941412738,0.0006333991228285218,0.0005944188404053682,0.0005961309009954541,0.0005876456981096134,0.0005815973588698156,0.0005967056580798411,0.0006002793949707962,0.0005888985496451415,0.0006083902537157524,0.0005080069010647527,0.0005309760268837412,0.0005067850881282229,0.000503297277997749,0.0005110611601789732,0.0005307573807765793,0.0005411617239373428,0.0005410026309849529,0.0005706436785239782,0.00045336806650429036,0.000493916024811552,0.000451208966107245,0.0004228264814130409,0.0004175758600521731,0.00039899555359214594,0.0004030922833984284,0.0004162147346551428,0.00044496298415917026,0.0004792200431329126,0.0004363335737335579,0.0004187975096276555,0.0003994570583295911,0.00039403321846267147,0.00039346584886395776,0.00037851413927083585,0.0004012256263112597,0.00044084317902973327,0.000451561681015373,0.0004598973935872908,0.000457307653912097,0.0004350716867215089,0.0004103133800929218,0.0003872363692577411,0.00036629787187634864,0.0003691465330594579,0.0003803888447656618,0.00040358538181730394,0.0004508792229835795,0.00046093077875913055,0.00040322706201464963,0.00037709219467091664,0.000358956717466775,0.00035482284545560155,0.0003578082697465284,0.0003651713835622429,0.0004070590175008445,0.0004391312731724704,0.00045688045556981235,0.0003806030226030494,0.00039926088356988053,0.0003367942236328817,0.00034235857585869896,0.0003161961557185979,0.00032472883224514523,0.00032280838393141374,0.00032327981285248594,0.00038781129200403527,0.0011159669077989564,0.0011788151216210916,0.0011645016199236672,0.001140962369801543,0.0011274933296759767,0.0011343517142264157,0.0011784539418496786,0.0011879060028464668,0.0010932732121571058,0.00031969189346158834,0.0002643297145902962,0.0002288175216280823,0.0002588177909068122,0.0002487377079207586,0.00027072061044210806,0.00026911951341865607,0.0002679502946863667,0.0003260365581369973,0.0002005969329087461,0.0001862043155711283,0.00013651644068918078,0.00014620242665277846,0.0001411411516748846,0.0001593193334125369,0.00016880846816363636,0.00018228075192633678,0.00014623775405448494,0.00017431647865977814,5.485246364278228e-05,8.134394700247143e-05,5.667129620812152e-05,8.531244816523081e-05,6.024005691449661e-05,5.620900457661725e-05,6.873170623434347e-05,4.890790123396454e-05,4.2621964855081286e-05,0.0008658176603416084,0.0008175929131495334,0.0009621017183028392,0.0010213817334036109,0.0010027669031171702,0.0010542484299545653,0.0009940165307385676,0.0009983366527506095,0.0010243140411951178,0.0009341886348969892,0.0008200856922909698,0.0008007154805215382,0.0007725900668687376,0.0007972359224248158,0.0008057308303373855,0.0008037120490270127,0.0008038185788367698,0.0007975311963674883,0.0007815991180145445,0.0006783917981584747,0.0006122058075227065,0.0005699298252599141,0.0005717032221711339,0.0005752303114300584,0.0005611528917555266,0.0005657131499054677,0.0005938609394200369,0.0005704096741775049,0.0006068530343131079,0.0006075074494653912,0.0005401327886283986,0.0005507262141484714,0.000566381393225281,0.0005695681853165368,0.0005599139339620335,0.0005649309542021116,0.0005710302620886855,0.0006159447024325421,0.0006908477904121677,0.0006965023996166512,0.0006330517562690499,0.0006782811383053372,0.000685128048467844,0.000699358095678666,0.0007080851925593097,0.0006940802798803473,0.0007177404700972935,0.0006936488755663082,0.0007984409966061408,0.0008444046359313934,0.0008549071636833397,0.000861593463476404,0.0008324143745194237,0.0008266973004220635,0.0008212766541485768,0.0008070825394655945,0.0008093729131189222,0.0008272431679105259,0.0008206140042189905,0.0008257049372799895,0.0008551092585553722,0.0008643081973614261,0.000863137655634739,0.0008796222647661898,0.0008845882726431552,0.0008508115963864823,0.00081003076000363
0.1400028020143509,0.0012649703482792208,0.00128128645394161,0.0008186227319886492,0.0008638977814906828,0.000910693340400904,0.0008693104990012231,0.0008486501583158578,0.0008783860841105019,0.0008414388678859256,0.0008111861229580715,0.0008162150248382702,0.000828713553087492,0.0008366933767151573,0.0008356993178393946,0.0008419839875949459,0.0008561775868853282,0.0008475526171191722,0.000820557199441276,0.0008212643295929403,0.0007292040773507443,0.0007707997436822374,0.000743276211950265,0.0007386411459449324,0.0007380967164938586,0.0007427307425105518,0.0007255012116048607,0.0007229179534517855,0.0007391161860654953,0.0007484890974844078,0.0006808569083101219,0.0006945948614273806,0.000684760627614164,0.000662688311379273,0.0006679050163407201,0.0006572244710643484,0.0006582556543133386,0.0006905230574107646,0.0007164757794875514,0.0006031905659135485,0.0006767929249160406,0.0006349320108625516,0.0006367695856567856,0.0006273846361392846,0.0006209068552188757,0.000637112731288914,0.0006411993942582604,0.0006289445224624653,0.0006499732653182248,0.0005413603399093244,0.0005664750830868015,0.0005404213831750081,0.0005365950314329096,0.0005448985952409648,0.0005662449119727915,0.0005776019445497187,0.0005773833260528747,0.0006089761952797341,0.000481326556228297,0.0005254294994189647,0.0004797751865377473,0.00044923103598779626,0.000443562932815672,0.00042322920723504413,0.00042759267687091703,0.00044186967370162124,0.0004730735147002124,0.0005100056223287676,0.0004631371675776669,0.00044452958845095505,0.0004235980603739634,0.0004180442311305419,0.00041709435854201516,0.00040100028297637106,0.00042559665854197793,0.00046845322079015175,0.00047987608786916486,0.0004878581749676801,0.00048462547151953693,0.0004621961458216603,0.00043567351917385097,0.0004103574708944752,0.0003878220002056467,0.00039085195648799786,0.0004033492445737755,0.0004281594367417779,0.00047927672941634644,0.0004898287762733808,0.0004276322648897989,0.0003993031457630904,0.0003797256230724099,0.00037523674794801546,0.00037838220739342933,0.00038636251995380686,0.00043169221717747204,0.0004656708928204949,0.0004853720441606994,0.00040245386382362736,0.00042360792070873045,0.0003560010421429162,0.00036215144177226684,0.0003336996960204869,0.0003429354152212249,0.00034104599285176266,0.0003417826177254849,0.00041125735615293976,0.0011977688455507098,0.0012652160524978888,0.0012497483750896908,0.0012241546458170564,0.001209693617589567,0.0012171233056338002,0.0012649036647598606,0.001275521985583207,0.00117330769151684,0.0003374241702913883,0.0002777069078430595,0.00023923352151991874,0.00027169280654784243,0.0002606683908684984,0.00028429656347059187,0.00028283714764282703,0.00028141072729533914,0.00034433643637713814,0.0002086071635493887,0.0001931900228015354,0.00013937508185176775,0.00015001208450643867,0.00014438713798678,0.00016415170677582745,0.00017446123610504727,0.00018822211038785244,0.0001497920958475707,0.00018043700047391069,5.2735408007693646e-05,8.222657983877597e-05,5.430503617136057e-05,8.455891312224707e-05,5.8588422080270124e-05,5.6428159173799727e-05,6.647256387702408e-05,4.832858614627019e-05,4.089541920198616e-05,0.0009275262836033818,0.000876210342744794,0.0010315055626374597,0.0010955204251314632,0.0010754508164002288,0.0011309245467078395,0.0010659167343525073,0.0010707644228139877,0.0010984957451964821,0.0010024214451209207,0.0008785930901678243,0.0008576693930672367,0.0008271563242574057,0.0008537902170349156,0.0008628633149147267,0.0008609282411855369,0.0008609117716309311,0.0008538656783344966,0.0008366410620653853,0.0007250679815585528,0.0006540106289145958,0.0006088368770670841,0.0006103884020656718,0.0006142211237381874,0.0005987044242106226,0.0006038651009345451,0.0006344299022766133,0.0006091835522181794,0.0006488492987464839,0.0006492585250726992,0.000576479797958097,0.0005878034289529886,0.0006050550458121107,0.0006080779752685656,0.0005979949540845193,0.0006032410111147153,0.0006100539490819507,0.0006584575052942301,0.0007391146214808163,0.0007459726620527119,0.000676601777535041,0.0007256760389871432,0.0007327820765845195,0.0007483277485389624,0.0007576118260610086,0.0007426007611870594,0.0007682298661794567,0.0007423100751588718,0.0008549083118123908,0.0009043437380803171,0.0009156770050761431,0.0009227207998136155,0.0008911646753181131,0.0008849383749249554,0.0008791212076731901,0.0008641752168671556,0.0008662820423042609,0.0008855314134910579,0.000878398203889614,0.0008838629726014767,0.0009156255141341873,0.0009255539221399171,0.0009244039017819823,0.0009423011088455404,0.0009476656417496892,0.0009110342380929864,0.0008671110323194612
0.150004044175148,0.0013491386996501284,0.001366736356623035,0.0008706629167942572,0.0009187621888968009,0.00096874153957707,0.0009244004919077262,0.0009020646927103228,0.0009340731409373657,0.000894329726584911,0.0008617410843417215,0.0008664603618165382,0.0008798192781893056,0.000888367358972361,0.000887270364229883,0.0008942516561102918,0.0009094602889145739,0.0009002988817339358,0.0008713788960527968,0.0008719043618172178,0.0007734312359101905,0.0008181959754114503,0.0007883640255329963,0.0007831865709392522,0.0007825952637701656,0.0007875788709239093,0.0007689758026328784,0.0007662924754844262,0.0007839534084032966,0.0007940184322618155,0.0007218040255314479,0.0007364783066506764,0.0007257188303781121,0.0007021495793447694,0.0007075118159908158,0.0006959069739084833,0.0006971759947364104,0.0007320381050653857,0.0007598823352410635,0.000638175347734362,0.0007173704354668557,0.0006726205514670364,0.0006745866361849065,0.0006642983276858248,0.0006573918206522094,0.0006746941576652468,0.0006792930771627764,0.0006661627270542933,0.0006887332277586961,0.0005718784453013058,0.0005991457935485509,0.0005712234836948146,0.0005670625317139665,0.0005759058829884049,0.0005989095734740688,0.0006112142899466171,0.0006109387849915349,0.0006444816708816978,0.0005064472931456104,0.000554099857340224,0.0005055058687391349,0.00047279971353182833,0.0004667076740614319,0.00044470552369724176,0.00044925632646374437,0.00046468488235238943,0.000498353960049918,0.0005379519336017366,0.00048710212853620067,0.00046742935024889076,0.0004449020159756078,0.0004392152234943646,0.0004378341634478368,0.00042064445237265466,0.00044712944960850564,0.0004932210155894298,0.0005053519268366716,0.0005129799852361005,0.0005091022506924578,0.000486483000520577,0.00045819595376614305,0.0004306382502393098,0.0004064970462944881,0.0004097116960460383,0.00042346094983631264,0.00044988923087755213,0.0005048410686560452,0.0005158937872120592,0.00044918930011627066,0.0004186644635588802,0.00039765547358469225,0.0003928066853122169,0.00039610451344719095,0.0004047079966338994,0.0004534865860945797,0.0004893653002742833,0.0005110264079922224,0.0004214469451109302,0.00044512363019193993,0.00037236044423500514,0.00037909494474047987,0.000348342060762695,0.0003583025335509038,0.0003567923032339708,0.00035742678603761644,0.0004318547395614265,0.0012768407924159616,0.001348867575532147,0.0013322415624586175,0.0013045758767042648,0.0012891297813611969,0.0012971298433518562,0.0013485591038575357,0.0013603504030181206,0.0012505600724176842,0.0003523093378680291,0.00028821837213455415,0.00024678725927102337,0.00028171690616313796,0.0002697523165946317,0.00029501850236559067,0.0002934323114624953,0.00029202530577018517,0.0003597785799934618,0.00021375874152314514,0.0001972840974155833,0.00013936236269867193,0.00015094803631782755,0.00014476171681536624,0.00016612526813768926,0.0001772461128521719,0.00019128806247168835,0.00015048884912143807,0.00018370622431957803,5.280739040722386e-05,8.093198035220816e-05,4.904796722605666e-05,8.320306819850827e-05,5.488782095566644e-05,5.378835508973978e-05,6.133029863339701e-05,4.489626700255266e-05,3.630598960079234e-05,0.0009864558041257538,0.0009320258059566024,0.0010981231761689502,0.0011668622100666117,0.0011453408370169504,0.0012048326117514371,0.0011350410518290767,0.0011404089946074815,0.00116990758210977,0.0010678626014151218,0.000934296460090826,0.0009118242130034005,0.0008789134043679392,0.0009075475772419937,0.0009171954621173695,0.0009153356288052177,0.000915211778122721,0.0009074097741455364,0.0008888812629161766,0.0007689227793182811,0.0006929974331249148,0.0006449189193796848,0.0006462383566480307,0.0006503923197671696,0.0006334299854117438,0.0006392082543273587,0.000672177440378223,0.0006451352048046693,0.0006880316162193147,0.0006881828839474501,0.0006100013238161027,0.0006220540098559024,0.0006408998740787864,0.0006437716692569756,0.0006332538591940919,0.000638731120424358,0.0006462502014743941,0.0006981521874356555,0.000784563288112866,0.0007926413998704061,0.0007173301761721208,0.0007702521839113758,0.000777627916792784,0.0007944932031817792,0.0008043173868392936,0.0007883113565508118,0.0008159136628205087,0.0007881739630074029,0.0009085630881843065,0.0009614714460726678,0.000973642905947767,0.0009810503251202133,0.0009471132110585845,0.000940378398786604,0.0009341664500065859,0.0009184655194826463,0.0009203855340843013,0.0009410333868529831,0.0009333789301136017,0.000939222743622965,0.0009733429716135252,0.000984006674596,0.0009828708597466058,0.0010021824133957362,0.0010079489571296985,0.0009684571325953366,0.0009213930702464714
0.1600010246038437,0.0014297625948721752,0.0014486457882448107,0.0009191551205337571,0.0009700937640978789,0.0010232486510631544,0.0009759790506055332,0.0009519570432790034,0.0009862418609760681,0.0009437123078548761,0.0009087793103356458,0.0009131849230952329,0.0009274038916660121,0.000936519668194661,0.0009353256093797336,0.0009429981117626985,0.0009592200340291353,0.0009495193904380417,0.0009186812952671802,0.0009190151224170298,0.0008141395043246878,0.0008620735171705189,0.0008299336852459219,0.000824211037315643,0.0008235794927099901,0.000828910782791431,0.0008089327022639144,0.000806146556592598,0.0008252750423299936,0.0008360260905530299,0.000759234758244171,0.0007748418010326452,0.0007631600573124832,0.0007380962804809224,0.0007436025532526837,0.000731073925155271,0.0007325787265934541,0.0007700359306984289,0.0007997721694100087,0.0006696416213529569,0.000754437026051145,0.0007067930296832933,0.0007088860965538781,0.0006976974155892644,0.0006903596192846009,0.0007087606030574684,0.0007138771861037626,0.0006998695261981731,0.0007239784254958794,0.0005988844791464206,0.0006282994729600872,0.0005985149092896668,0.0005940161887860941,0.000603398737356371,0.0006280548731541337,0.0006413118568350684,0.0006409796379862344,0.0006764735138034058,0.0005280578072569242,0.0005792616122607987,0.0005277220795968618,0.0004928552479035317,0.00048634348788527203,0.0004626966909733496,0.00046740862640447435,0.00048398798149210397,0.0005201180254927405,0.0005623898731104327,0.000507561556991482,0.0004868117347172105,0.0004626909813897014,0.00045686903295122616,0.0004550379569355593,0.0004367773543725795,0.0004652876339982303,0.0005144753991662098,0.0005273144115279609,0.0005345916739363534,0.0005300593148621836,0.0005072516886949587,0.0004772076271512373,0.0004474093112416608,0.00042165892332632793,0.00042506431780840883,0.0004399604639376901,0.00046810596064544667,0.0005268934755508967,0.0005384503585110999,0.0004672382638406765,0.00043451480501707876,0.00041206708969707503,0.0004068649445765813,0.00041031846269226846,0.00041954049867964525,0.00047176688746892526,0.0005095479652041597,0.000533174473134172,0.00043693461929184083,0.000463119628123244,0.0003852102827174335,0.0003925328001624493,0.0003594841055995773,0.000370159055184862,0.00036902753489032557,0.0003695633407187865,0.0004489439571325946,0.0013523603819797243,0.0014289820787964892,0.0014111951668997866,0.0013814701977996147,0.0013650339228304439,0.0013735837752755623,0.0014287022114111844,0.0014416745879355813,0.0013242928142437077,0.00036368130992778036,0.0002952325904694452,0.0002508418200689187,0.00028822219041142874,0.0002753225440660043,0.000302231793393138,0.00030052136411266584,0.00029913090390333547,0.0003717142304975572,0.0002154008237626058,0.00019787762894090262,0.00013603853024599002,0.00014837851889960903,0.0001416364531670397,0.0001645891853597967,0.0001765316406568156,0.00019085981263646502,0.0001476741221694131,0.00018346168088469007,5.048641876955363e-05,7.632550943274295e-05,4.0306211567487274e-05,7.913075224058175e-05,5.021187557387695e-05,4.842970088243624e-05,5.269285763179107e-05,3.994986130084057e-05,2.821149917260953e-05,0.001041856801953532,0.0009843245314778253,0.0011612141606134809,0.0012346929381340753,0.001211704877389182,0.0012752110496877264,0.0012006432568065165,0.0012066970329780737,0.0012377863429268768,0.001129776330224005,0.000986477719815558,0.0009624647571689884,0.0009271644411843401,0.0009577798844510896,0.000968006552915541,0.0009658175332878007,0.0009659837059858628,0.0009574234904681064,0.0009376060766810979,0.0008092695090272334,0.0007284722371150218,0.0006774883770536786,0.0006785729563565572,0.0006830503559425896,0.000664646219991766,0.0006710357353276845,0.0007064060112560796,0.000677592293086678,0.0007236991908470256,0.0007235953208312228,0.0006400073751555652,0.0006527928620400629,0.000673231823196798,0.0006759487889158474,0.0006649956929884048,0.0006706948813519388,0.0006789178966593467,0.0007343274559865226,0.0008264978756978544,0.0008357865250283667,0.0007545419360555874,0.00081131098601889,0.0008189494356764899,0.0008371355398497241,0.000847511651460472,0.000830500235163324,0.0008600745899795498,0.0008305093695768171,0.0009586982784011771,0.0010150875058763593,0.0010280909198493243,0.0010358583396025249,0.0009995417372858039,0.0009922925493937441,0.0009856883983493333,0.0009692282818706872,0.0009709682910050306,0.0009930124493174204,0.0009848366660604377,0.0009910564239586916,0.0010275401779893292,0.0010389356970484985,0.001037820939668195,0.001058548216967501,0.001064715170132841,0.0010223580848621838,0.0009721548950341349
0.17000751197338104,0.0015062576615677784,0.0015264121444161255,0.0009635071202958535,0.0010172465545040586,0.0010735888409875828,0.0010233751155224091,0.0009976852885384502,0.0010342442208629106,0.0009889008266207255,0.0009516209704899678,0.0009557292799485193,0.0009708123686374755,0.000980495408350071,0.0009791953351179867,0.00098756948930538,0.0010048014844319406,0.0009945669320713091,0.0009618088982271668,0.0009619519956020744,0.0008506620485510637,0.0009017681038262619,0.0008673180188194752,0.0008610527177019052,0.0008603778893212814,0.0008660570371957662,0.0008447032093070508,0.0008418161870385598,0.000862407904579735,0.0008738504025947491,0.0007924746876207157,0.000809019567775203,0.0007964135709654169,0.0007698510715673228,0.0007755044268032032,0.0007620505746533216,0.0007637934897736201,0.0008038445958092067,0.0008354767936330029,0.0006969158813831071,0.000787308794847577,0.0007367748909330175,0.000738998467174424,0.0007269056748470676,0.0007191353537096317,0.0007386391487986069,0.0007442627032980733,0.000729382053459693,0.0007550327382163605,0.0006216912137304644,0.0006532612193132729,0.0006216077615447217,0.0006167712403063871,0.0006266762773284752,0.0006530079935838468,0.0006672150091878509,0.0006668232739980021,0.0007042692015889894,0.0005454608621078084,0.0006002236359338707,0.0005457410631177873,0.0005087064533345934,0.0005017774565466482,0.00047648662626613615,0.00048135328186555906,0.0004990839722525119,0.0005376831954753907,0.0005826274216000725,0.0005238105224138362,0.0005019935348942487,0.00047627914738212026,0.00047032271368705104,0.0004680412903784307,0.00044870608964248,0.0004793611698213827,0.0005315291489832222,0.0005450756130417979,0.0005519991383850864,0.0005468171729556612,0.0005238236994380365,0.0004920141363835744,0.00045996939669455943,0.0004326145398457055,0.0004362065294576282,0.0004521533022518252,0.0004821157419437922,0.0005447383230979164,0.0005568024294554422,0.00048107763540759774,0.0004461594036562749,0.00042227565614687707,0.0004167157043154693,0.0004203247571038317,0.00043016584057673846,0.0004858421477865142,0.0005255280153339618,0.0005511122063922044,0.00044821711206354567,0.00047691327010120375,0.0003938484352599394,0.00040175853248113,0.00036641088435865413,0.0003778056613905307,0.0003770591888367705,0.0003774944585953107,0.00046183199448978724,0.0014237410100303874,0.0015049586329260534,0.0014859911268461014,0.0014542121847845799,0.0014367760895866522,0.0014458987871016455,0.0015046804957873348,0.0015188497749893987,0.0013938516513985152,0.00037083938722217997,0.00029802979522349594,0.00025066883337449393,0.0002905192388591001,0.00027667660812424096,0.00030523519430185396,0.0003033898011859449,0.0003020220274544591,0.00037943412714156496,0.00021282679435827642,0.00019426370465708216,0.00012928809628624818,0.00014158550407757198,0.0001346699696204451,0.00015883468202528277,0.0001715930567280683,0.0001862021556389704,0.00014063715868475204,0.00017900503620468176,4.439171030176373e-05,6.96925550746509e-05,2.7273720478522008e-05,7.30389612630461e-05,4.828510334692476e-05,4.379755926993734e-05,4.317409068225946e-05,3.083871755344332e-05,2.609211621781097e-05,0.001093088206921401,0.0010324525666290034,0.001220135547596382,0.0012983489493268055,0.0012739219308492544,0.0013414265810627486,0.00126209172414908,0.0012688802637987634,0.0013015050525497559,0.0011875211978464018,0.001034480072799821,0.0010089208150090392,0.0009712214684164006,0.0010038342995988983,0.0010146392063486473,0.0010120055823740692,0.0010125871615078283,0.0010032587027006762,0.000982154457129859,0.0008454361953709645,0.0007597537654950717,0.0007058611998622755,0.0007067189465987456,0.0007115193040728284,0.0006916612686056632,0.0006986654586430202,0.0007364443620657229,0.0007059721749332086,0.0007551713500650452,0.0007548152183800815,0.000665824697383979,0.0006793318673585149,0.0007013740354271587,0.0007039363465524148,0.0006925400544043455,0.0006984742249797772,0.0007073428017308735,0.0007663114966925744,0.0008642462835244768,0.0008747489240185542,0.0007875646009912934,0.0008481837970385434,0.0008560865211544345,0.0008755953942410369,0.0008865227941659877,0.0008685080672357329,0.0009000546293578154,0.0008686671325778048,0.0010046580269724708,0.001064523739746083,0.001078365390314658,0.0010864965196346456,0.0010477960344205724,0.0010400357875978668,0.00103303314603917,0.0010158224879361687,0.0010173733606409967,0.0010408119608006387,0.001032112431671952,0.001038716968110383,0.001077563162175262,0.00108969780484192,0.0010885896371241467,0.0011107416816031584,0.001117303977706548,0.0010720837484906325,0.0010187382375899667
0.18001209199428558,0.0015777148576315966,0.0015991393598810335,0.0010027801836800627,0.0010593611245477605,0.0011188986334729283,0.0010657388134641943,0.0010383563359436076,0.0010772048630803461,0.0010290725690376373,0.0009894396327703942,0.000993242017606157,0.0010091876342182935,0.0010194405048743974,0.0010180396769907092,0.0010271101265808653,0.001045357817868954,0.0010345781239411342,0.000999898754801799,0.0009998575164912099,0.0008821540987022442,0.0009364302084639229,0.0008996742903266648,0.0008928634139298298,0.0008921470136139427,0.0008981720175334261,0.0008754450422551106,0.0008724566095899666,0.0008945135767889853,0.0009066452743550712,0.0008206868287332156,0.000838165459926672,0.0008246375315948221,0.0007965793191548417,0.0008023765724648479,0.0007879968612251864,0.0007899780395834888,0.0008326261882233441,0.0008661490508809063,0.0007191617158110418,0.0008151498118725133,0.0007617284025089003,0.0007640787538256373,0.0007510820457086232,0.0007428837945554791,0.0007634972230099343,0.0007696243689994943,0.0007538673952824413,0.0007810594743519004,0.0006394710286250461,0.0006731892388832129,0.0006396733259727429,0.0006344999358478742,0.0006448825703962174,0.0006729335305260389,0.0006880886890471986,0.0006876430332074221,0.0007270405892140184,0.0005578394223754829,0.0006161548204027738,0.0005587276762123324,0.000519532831708201,0.0005121802362731626,0.00048524763321883594,0.0004902695634937741,0.0005091576956620177,0.000550218406332754,0.0005978323017019849,0.0005350332894662825,0.0005121447236522404,0.0004848364362061831,0.00047874642149243004,0.0004760152962820362,0.00045560390632854786,0.000488406466411965,0.0005435581258129864,0.0005578096101347697,0.000564378368202969,0.0005585491973655126,0.000535362825512564,0.0005017916540021797,0.0004675047126114995,0.0004385449945325248,0.0004423243040451333,0.0004593178300067357,0.000491100200349392,0.0005575620548743747,0.000570124431983656,0.0004898979803846762,0.0004527771964985701,0.00042745715105046864,0.00042153659351217346,0.0004253073311715152,0.0004357616501580416,0.0004948880138399024,0.0005364794960578094,0.0005640289044097695,0.0004544706109206588,0.00048567865904143446,0.0003974600937720502,0.0004059595251750299,0.00036831562930410066,0.0003804240180097602,0.0003800592627021839,0.0003803956000900991,0.00046968403641595,0.0014900742004741255,0.0015758864747723515,0.0015557556263560955,0.001521908238924944,0.0015034926999128427,0.0015131739633616559,0.0015756275452114266,0.0015909740041207638,0.0014584012176091252,0.0003729739673561026,0.00029579471008126006,0.0002454731789795579,0.0002877893112462436,0.0002730054263685359,0.0003032040447195082,0.00030123872158623895,0.00029988254188739597,0.0003821327147427864,0.00020522336263673697,0.00018561890608098053,0.00012698287863577895,0.00012977105136459857,0.0001288942891721298,0.00014805533207600622,0.00016162931441805254,0.00017651962326596549,0.00012981735041636612,0.0001695155666784782,3.52694027825103e-05,6.010004039089067e-05,3.1252696305620894e-05,6.885864639636623e-05,4.132752987999075e-05,3.4135167473383995e-05,3.525332897579404e-05,2.1827758994844035e-05,2.322063855827723e-05,0.0011392816676299709,0.001075544926168667,0.001274026891472613,0.001356979576654005,0.0013310822972459181,0.0014026124581764108,0.0013184922338903991,0.0013260245057697948,0.0013601922741259963,0.0012402333786741926,0.0010774679594984084,0.0010503434704870794,0.0010102386830909864,0.0010448555240638,0.0010562415543770634,0.0010531596952988484,0.0010541469114175007,0.0010440686161995287,0.0010216708180333625,0.0008765701765132112,0.000786007942774443,0.0007292077575760294,0.0007298374292817874,0.0007349586922769596,0.0007136512485718251,0.0007212716042677849,0.0007614603362336225,0.0007293139560619722,0.0007816188593918169,0.0007810035312461891,0.0006866058746254743,0.0007008457027913995,0.0007244845801438147,0.00072689116907632,0.0007150626051900586,0.0007212225039191841,0.0007307469591694107,0.0007932690054040438,0.0008969660977861165,0.0009086815905181471,0.000815558826519625,0.0008800261600001977,0.0008881945298868339,0.0009090253826918855,0.0009205025316558185,0.0009014859367315651,0.0009350064755207072,0.0009017929565636288,0.001045586929437016,0.0011089307841281302,0.001123608475121615,0.001132096479304289,0.0010910183637794291,0.0010827472156349756,0.0010753493726411083,0.0010573829787227035,0.001058749994320878,0.0010835780883287252,0.0010743621438677271,0.001081345216613638,0.0011225551944148945,0.0011354200977770072,0.0011343354264397357,0.0011579007637105214,0.001164865696477596,0.001116781665270513,0.0010602959040710701
0.19001086056232452,0.0016432041755235914,0.001665911710837271,0.0010361345520720024,0.0010955473912085767,0.0011582562948710714,0.0011021674250883385,0.001073117265961912,0.0011142376068662245,0.0010632981349925667,0.00102132216874454,0.001024823481470879,0.0010416307838915007,0.0010524499789807441,0.0010509450786055888,0.00106071463524921,0.0010799738443373907,0.0010686574288389006,0.0010320592990665132,0.001031829595027047,0.0009077186116568596,0.000965161454613866,0.0009260990533532365,0.000918745348903764,0.0009179852736667363,0.0009243588348406494,0.0009002566471510438,0.000897168865659647,0.0009206880798944413,0.0009335101481492484,0.0008429712083153178,0.000861384964161057,0.0008469333027339029,0.0008173796786646729,0.0008233206367765795,0.0008080180483614676,0.0008102361393530584,0.0008554783555854325,0.0008908935028820756,0.0007354823610698595,0.0008370688655338031,0.0007807549348467248,0.0007832336350269104,0.0007693339843839435,0.0007607071244614438,0.0007824287827568875,0.0007890569846890173,0.0007724234754141879,0.0008011585478940149,0.0006513304953595765,0.0006872189525301962,0.0006518184686131986,0.0006463052679525134,0.0006571680804414018,0.0006869341705083117,0.000703039604843682,0.0007025382348337465,0.0007438831074446453,0.0005643034545080256,0.0006261678689883443,0.0005657591590488976,0.0005244400158029579,0.0005166670670836052,0.00048809143498600117,0.0004932721637032721,0.0005133095247336716,0.00055683437919493,0.0006071247819641009,0.0005403436750858108,0.0005163807722463878,0.0004874812573150848,0.00048125350622980944,0.000478075175550549,0.0004565890378682014,0.0004915356323185496,0.0005496658525456491,0.0005646255403702036,0.000570840717256552,0.0005643624669607394,0.0005409915005755641,0.0005056521505040361,0.00046912432925565845,0.00043855921729751433,0.00044252492176516015,0.00046056829209933865,0.000494168631609686,0.0005644638762069626,0.0005775335457393612,0.0004927971189809896,0.00045347866308378276,0.0004267222909362299,0.00042044826495821506,0.0004243755151556563,0.0004354487332222542,0.0004980203468800319,0.0005415158009544853,0.0005710195883999715,0.00045481253939794143,0.0004885266104092886,0.0003951593708512432,0.0004042458114171619,0.0003643055711616669,0.00037712940532638734,0.00037714810671502034,0.00037738559686412404,0.00047162725518890957,0.0015504569394583318,0.0016408550252556815,0.0016195591318668532,0.0015836570490043679,0.0015642484220793488,0.0015744952460758405,0.001640629550196568,0.001657157877965496,0.0015169829401608088,0.0003691919336254649,0.0002876552643034457,0.00023437321916967922,0.00027914679052136573,0.0002634275474541032,0.00029526969758622394,0.00029317238102754796,0.0002918360048291927,0.0003789155720096192,0.00019172086110677967,0.00017106162138283917,0.00012035659677117059,0.00011205290411496522,0.00012060665881834156,0.00013137740815360357,0.00014587646959395004,0.00016093596871758154,0.00011544940807469402,0.0001541222576614459,2.1106441741517383e-05,4.425705017982332e-05,3.575475535679518e-05,5.924010438629992e-05,3.964013565762621e-05,2.1966374294818405e-05,2.2476433501871565e-05,3.05474425051413e-05,3.0459323025249718e-05,0.00117954184359414,0.0011126989942929577,0.0013219735475431657,0.0014096670853619249,0.001382320061790335,0.0014578470279106867,0.0013689534122277058,0.001377221568103961,0.001412935380810654,0.0012870029815847622,0.0011145018284047397,0.0010858344173096971,0.0010433400719455012,0.0010799408983256,0.0010919124836583948,0.001088378188106508,0.001089781823039179,0.001078933996050311,0.0010552474356789454,0.0009017704035356539,0.0008063300616676988,0.0007466339912887602,0.0007470305490807958,0.000752468585252817,0.0007297144161122658,0.0007379481994436405,0.0007805403451554291,0.0007467304065187398,0.0008021338869742662,0.0008012691778359747,0.0007014667968917412,0.0007164360252315474,0.0007416744971459508,0.0007439245723899269,0.0007316595169885598,0.0007380414394870658,0.0007482231859643531,0.0008142997200966709,0.0009237513572287341,0.0009366826703078883,0.0008376253399860449,0.0009059397456018428,0.0009143698567001063,0.0009365271183787644,0.0009485502429715714,0.000928531658107749,0.0009640697541498385,0.0009289866393323839,0.0010805785862269776,0.001147396634560139,0.0011629112103940882,0.0011717639411235907,0.0011283080296260377,0.0011195222044488682,0.0011117289817031942,0.0010929917813375521,0.001094194015107427,0.001120414127006704,0.0011106779811485574,0.0011180393428595176,0.0011616053988176079,0.0011752099802944266,0.0011741401771133246,0.0011991229268653951,0.001206484534768356,0.0011555358341459525,0.001095913013940306
0.20001079142093658,0.001701811511246813,0.0017258061291380222,0.0010626113927597845,0.0011248527801133344,0.0011907468100445736,0.0011317079802737797,0.0011009854826012336,0.001144378852127106,0.0010906349266405282,0.0010463085308465307,0.0010495143671545328,0.0010671823384035986,0.001078571847616913,0.0010769641287188933,0.0010874308896049072,0.0011077031304589425,0.0010958474394353798,0.0010573272127831984,0.001056911645287314,0.0009263913637884585,0.000987004168047123,0.0009456334682847226,0.0009377342115645832,0.0009369336826101657,0.0009436532608892651,0.0009181778004131991,0.0009149885579062331,0.0009399720255265679,0.0009534833416505031,0.0008583657528940745,0.0008777134852630455,0.000862338426666121,0.0008312871430275954,0.00083737481086433,0.0008211456017748371,0.0008236028510389026,0.0008714383985886526,0.0009087494359717175,0.0007449116228466719,0.0008520924148731463,0.0007928899985707303,0.0007954965736372414,0.0007806933592361693,0.0007716357024266234,0.0007944687473427315,0.0008015991211344448,0.000784091920164579,0.0008143653728308307,0.0006562961857178863,0.0006943910800250987,0.0006570686971022517,0.0006512191337441933,0.0006625598532249827,0.0006940428978108199,0.0007110962748885412,0.0007105396405265418,0.0007538350647506529,0.0005638696837596595,0.0006292875070344062,0.0005658253018661996,0.0005224537686504677,0.0005142596429389844,0.00048404295133411057,0.0004893795437470111,0.0005105730247147337,0.0005565621644693932,0.0006095174299869449,0.0005387536705075606,0.0005137266890262727,0.00048322814439406787,0.0004768672678603532,0.00047323807794682896,0.00045067859490968357,0.0004877699036310403,0.0005488828135771682,0.0005645471558282187,0.0005704131783870137,0.0005632832014936197,0.0005397198464135708,0.0005026209529078111,0.00046384933431148156,0.00043167904935671096,0.0004358319046118456,0.00045492485126843107,0.0004903406727170019,0.0005644745890102938,0.0005780476360528224,0.0004888033532269551,0.0004472857205563239,0.00041909536283418855,0.00041246007080251735,0.0004165477346458863,0.0004282359633394565,0.0004942598008792716,0.0005396595983991326,0.000571122363206499,0.00044825928107193277,0.00048448046328054725,0.00038596346918015427,0.00039563969719724697,0.0003533994852516768,0.00036694284314949275,0.00036734391522849895,0.00036748118912719715,0.0004666733774449257,0.0016039652108819436,0.0016989529690211982,0.001676491073502112,0.0016385277147492017,0.0016181267177795293,0.0016289387065758101,0.001698720241651926,0.0017164424303618368,0.001568679298279781,0.0003585176489886688,0.00027262367115816496,0.00021777948715945202,0.00026361186128143156,0.0002469534106861321,0.00028043787889584523,0.00027821163365704534,0.00027689315584724516,0.000368805642269955,0.00017131900821725337,0.00014961614564569522,0.00010683807320384306,8.74346933896479e-05,0.00010323898889065932,0.0001094546949747668,0.00012950603142772502,0.0001390178354002204,9.417444560766625e-05,0.00013194213694045655,2.4377074863825683e-05,2.1367423669403393e-05,3.333419330259095e-05,4.812193557179019e-05,4.4628217983723486e-05,2.675247909273409e-05,3.287558707330652e-05,3.4223260493387624e-05,3.050640782064644e-05,0.0012129100930733858,0.0011429640718294575,0.0013630349910377553,0.0014554615907825246,0.0014266623887377397,0.0015062082022850453,0.001412530042937538,0.0014215368139312613,0.0014587874767525977,0.0013268861731714015,0.0011446566579420103,0.0011144381958255035,0.0010695404827325526,0.0011081483123215954,0.0011206930096240048,0.0011167136357481567,0.0011185276520386735,0.0011069232379162682,0.001081940290290253,0.0009200781702736943,0.0008197660016238664,0.0007571639775018218,0.0007573318390309931,0.0007630886455261888,0.0007388880638671567,0.0007477375572868895,0.000792737838108984,0.0007572567757801612,0.0008157637940151452,0.000814640956015147,0.0007094361378020577,0.0007251312874156944,0.0007519655252613423,0.0007540627865993825,0.0007413631539982817,0.0007479756410578274,0.0007588058986810949,0.0008284369621265738,0.0009436496324333258,0.0009577936619997036,0.0008527990917554259,0.0009249620696670529,0.0009336587928971868,0.0009571342263712887,0.0009697087428169906,0.0009486851193743351,0.000986328437729449,0.0009492898819716604,0.0011086793576710848,0.001178975243057822,0.0011953259030330174,0.0012045410364409281,0.001158705452619497,0.001149408614528878,0.0011412168759594602,0.0011216764373769602,0.001122741470875651,0.001150358860431911,0.0011401024947697376,0.0011478399044082801,0.0011937685660625193,0.0012081053961776787,0.0012070543035886492,0.0012334531681370648,0.001241217723319787,0.0011874057015859186,0.0011246449227378778
0.21001194417476654,0.0017524542274240727,0.0017777291909752526,0.0010810971264033345,0.001146171866169168,0.0012152537834009382,0.001153284965105338,0.001120876470982769,0.0011665427402820514,0.001110012271075408,0.0010633235917056369,0.0010662309995921504,0.0010847605646153089,0.0010967173001988125,0.0010950063026059645,0.001106172743459539,0.0011274548270877158,0.0011150610017655526,0.0010746227231451441,0.0010740212507773642,0.0009371875295717438,0.0010008712822313476,0.0009571923598955506,0.0009487494744235555,0.0009479056801010458,0.000954972987325039,0.0009281217277184281,0.0009248352002564698,0.0009512798266058845,0.0009654808576734916,0.000865725027725176,0.0008860644490842931,0.0008697651120882865,0.0008372209362620164,0.0008434515335108917,0.0008262989548619463,0.0008289924126961947,0.0008794238754289006,0.0009186293211446618,0.0007463631455748175,0.0008591393571868553,0.0007970489499539632,0.0007997836023824641,0.000784077574303589,0.0007745897165296907,0.0007985328273729252,0.0008061649473651549,0.0007877817538404308,0.0008195912858332855,0.0006532850320620003,0.0006935827097404079,0.0006543406251328417,0.0006481533116589373,0.0006599750120803499,0.0006931746545518419,0.0007111783695669889,0.000710564155037515,0.0007558111133419823,0.0005554560456672914,0.0006244293070948291,0.0005579174491337654,0.0005124868776137856,0.0005038738930264424,0.000472014109104646,0.0004775093331475422,0.0004998535741996324,0.0005483057027131833,0.000603934966543039,0.0005291894011789748,0.000503086620475889,0.0004709972636636364,0.0004645027439880227,0.0004604220828115219,0.0004367893947720278,0.00047602925789943596,0.000540118646393503,0.0005564892916371119,0.0005620015224853821,0.0005542222602066779,0.0005304718371700938,0.000491608296923017,0.0004505937507037485,0.0004168210848457453,0.0004211569976587455,0.00044130171910929783,0.0004785346986724725,0.000556504889165845,0.0005705800758559196,0.0004768287146531764,0.00043311215715327134,0.0004034879404038436,0.0003964939604319467,0.00040073925042956895,0.0004130462136917334,0.00048251626066601134,0.0005298238644253119,0.0005632455191618854,0.0004337211832438468,0.0004724558270228372,0.00036878762423668917,0.00037905069575481376,0.00033451494587604535,0.0003487736986140062,0.0003495558598044649,0.00034959585795161,0.0004537438084175166,0.001649487354321978,0.0017490746831020918,0.0017254493762209064,0.0016854293709075334,0.0016640327366722603,0.0016754090159415982,0.001748869543042085,0.0017677682350064811,0.0016124095458956266,0.00033986216941175336,0.00024960953246804944,0.000193514943898229,0.00024040567902541574,0.00022249445627425197,0.0002582810175667961,0.00025526895277042057,0.0002539666177931313,0.00035071410113454374,0.0001429297342609295,0.00012019039071064111,8.533904150305311e-05,5.543279686094785e-05,7.91497366349728e-05,7.96736263104158e-05,0.000104152649972093,0.00011846699263378246,6.740722720691265e-05,0.0001046190354084355,2.9467820404749192e-05,2.4609452502405003e-05,2.329026142606002e-05,4.8335457664128495e-05,4.1508040386033395e-05,2.4254322841893862e-05,3.215553184159221e-05,2.6626863650753834e-05,2.229482203440411e-05,0.0012383087048313981,0.0011652587270515244,0.0013961234904755473,0.0014932980594171133,0.0014630286562641482,0.0015465842426472694,0.001448127450544118,0.0014578792399481942,0.0014966666562480611,0.0013587960939791485,0.0011668337024134177,0.0011350674656998329,0.0010877771897158514,0.0011283700769128566,0.0011414996849940472,0.0011370718919457763,0.0011392969614452074,0.0011269278243489337,0.0011006578401625857,0.0009304150683304963,0.0008252264021533572,0.0007597153687463628,0.0007596496884018849,0.0007657322046134783,0.0007400847042468042,0.0007495443212672477,0.0007969478409699467,0.0007598074077409612,0.0008214124600987085,0.0008200405862350199,0.0007094242929756941,0.0007258493857661301,0.0007542819388957052,0.0007562250702359915,0.0007430893510711137,0.0007499258682498048,0.0007614103339479715,0.0008345992123344375,0.0009555743078360705,0.0009709283227690632,0.0008599975295823925,0.0009360096941194212,0.0009449686233348663,0.0009697662597108202,0.000982891109613899,0.0009608641318218,0.0010006126908968167,0.0009616186941986942,0.0011288098954712646,0.0012025835810978202,0.00121976944398495,0.0012293450013318224,0.0011811279183038144,0.001171320965785507,0.0011627319607592278,0.0011423889247493305,0.0011433218578326331,0.0011723258778170496,0.0011615515356891758,0.0011696692406425323,0.0012179591849985224,0.001233032922993162,0.0012319961923711411,0.001259811963211681,0.001267975943057777,0.0012113010350749498,0.0011453981928505924
0.22001273930072784,0.0017939285326033965,0.0018204845412759327,0.001090448777877492,0.001158337009033626,0.0012306044574854696,0.0011656876855515729,0.0011316091905564638,0.0011795439235714191,0.001120211172763528,0.0010711806230463234,0.0010737822259547594,0.0010931756833109723,0.001105700846313493,0.0011038889100002552,0.0011157520328010425,0.00113804771650745,0.001125115807505602,0.0010827538996327584,0.001081966977963328,0.0009388896757568569,0.0010055758388050234,0.0009595895037984867,0.0009506021290530627,0.0009497158056376037,0.000957129544121551,0.0009289054811038837,0.0009255167057322967,0.0009534264321836666,0.0009683185149945024,0.000863889132558612,0.0008852553264184406,0.0008680333308286665,0.0008339915713614749,0.0008403683491374191,0.0008222901391838163,0.0008252209169035416,0.0008782481061486981,0.0009193531279283159,0.0007386536683745134,0.0008570265995579142,0.000792045681953041,0.0007949080251990814,0.000778298994771898,0.000768381923102511,0.0007934348628843103,0.0008015683011171295,0.0007823105576766554,0.0008156399962524243,0.0006411099379788122,0.000683614110315308,0.000642453248968671,0.0006359288158145118,0.0006482292308296228,0.000683145765696827,0.000702098175835487,0.0007014244012486615,0.0007486252911294194,0.0005378841928372882,0.0006104082653885148,0.0005408469294999405,0.0004933628037750986,0.00048432786105371514,0.0004508277918639791,0.000456475520347165,0.00047997542691676333,0.0005308914668339941,0.0005891911384844019,0.0005104632748516559,0.00048329209219109977,0.0004496070890923134,0.00044297872034784654,0.0004384481099271415,0.00041373790852528215,0.0004551239768808633,0.0005221933550349578,0.0005392715388328496,0.0005444310938876088,0.0005360011093366355,0.0005120643695742481,0.0004714340036716028,0.0004281793575861165,0.0003928043453377779,0.0003973232133203816,0.00041851793790283795,0.00045756993352492263,0.0005393740478900677,0.000553952942263657,0.00045569456940897264,0.0004097831895128563,0.00037872137023720596,0.0003713695225816097,0.00037577168405146375,0.0003886972449810629,0.0004616151810174736,0.000510824427012751,0.000546207405988223,0.00041002520315237,0.0004512716771921227,0.00034245236005547223,0.0003528132813896755,0.00030646896480687855,0.0003214461633251082,0.00032261145218882164,0.0003225520002718819,0.00043164644042088406,0.0016858580855164406,0.0017900346310682149,0.0017652391206867365,0.0017231613644001858,0.0017007755721205708,0.0017127219952503528,0.0017898443499609381,0.0018099207232200492,0.0016469748338032693,0.00031205133621639146,0.00021743121636207019,0.00015887881596795783,0.00021630418619547634,0.00018886793758085028,0.0002281337486549006,0.00022318862338167945,0.00022188306029805995,0.0003237068984526394,0.00010538433819897868,8.159632716591302e-05,5.468202975232994e-05,3.949868454792127e-05,6.135427704403163e-05,6.299483841514996e-05,6.773797810718015e-05,8.8757436993558e-05,5.065995997119553e-05,6.951536240847153e-05,2.5373951142440412e-05,3.501094604827889e-05,1.981591017511481e-05,4.286846056952819e-05,2.9235509491104708e-05,1.6964140530386118e-05,2.589863001280235e-05,1.4799233913580044e-05,1.4575900954960875e-05,0.00125454542162649,0.0011783893751213547,0.0014200489629273866,0.0015219558460155202,0.0014902337190855826,0.0015778000906828415,0.0014745663546551558,0.0014850555949416301,0.0015253867708381857,0.0013815446904372108,0.0011798509272974642,0.00114653629015293,0.0010968433919187762,0.0011394326937678248,0.0011531438763810549,0.0011482662698393093,0.001150903800673865,0.0011377761575269627,0.0011102092614899257,0.0009315917556537679,0.0008215252758574991,0.0007531027574403866,0.0007528133644954189,0.0007592140251963152,0.0007321169095142881,0.0007421937091733758,0.0007920039742670482,0.0007531948470539011,0.000817901228365677,0.0008162761494803006,0.0007002547867684827,0.0007174089668158642,0.0007474367152634478,0.0007493082438460746,0.0007356543434389722,0.0007427235695800568,0.0007548540522921567,0.0008315997286395684,0.0009583329536307949,0.00097490487118905,0.000858034109260196,0.0009378947862706984,0.0009471201343457889,0.0009732384136406354,0.0009868470147195631,0.0009638801126815925,0.0010057355092732284,0.0009647884277152298,0.0011397770404487804,0.0012170269686330546,0.0012350465825895713,0.0012449832414786225,0.0011943875180623665,0.0011840701865174906,0.0011750827174368138,0.0011539159977696804,0.0011547336842357902,0.0011851374150364518,0.001173836850161275,0.0011823361550169647,0.001232984328833722,0.0012487947239141217,0.0012477770743226043,0.0012770090473921626,0.0012855684369012428,0.0012259940935111853,0.0011569898487052853
0.23001383244991302,0.0018249605419391936,0.001852794669039393,0.0010893265473044867,0.0011600528982544558,0.0012355057490782224,0.0011676449441711662,0.0011318806736085772,0.0011820957611827657,0.0011199744050844082,0.0010678046174467486,0.001070890233829053,0.001091189139347565,0.0011042390916617191,0.0011023236350633716,0.0011148834398113719,0.0011381894126587262,0.0011247202436850097,0.0010804411903827089,0.0010794638081389359,0.0009301440799632446,0.0009998331825977328,0.0009514873020386107,0.0009420081415148395,0.0009410788840551026,0.0009488409681143759,0.000919241207203996,0.0009157523582353125,0.0009451256593185753,0.0009607071556604463,0.0008516038111839331,0.0008739984157566663,0.0008558519162835475,0.0008203151685453136,0.0008268357408566914,0.0008078336919682325,0.0008110018701035284,0.0008666232350816155,0.0009096304397992681,0.0007204950525735722,0.0008444673194059532,0.0007765947640077862,0.000779585642486921,0.0007620734003331854,0.0007517263324759702,0.0007778870925457098,0.00078652518756672,0.000766391242193144,0.0008012479316963786,0.0006184873688166383,0.0006631945891232087,0.0006201164488972449,0.000613254794824999,0.0006260341637232301,0.0006626665786078246,0.0006825697063257808,0.0006818147551035767,0.0007309908088950624,0.0005098635235270229,0.0005859415214157075,0.0005133281191323229,0.00046378801869808597,0.0004543312547438218,0.00041918669891611123,0.00042499484909823415,0.00044964726670652466,0.0005030272226291551,0.0005639985583695776,0.0004812896032691263,0.0004530437545602347,0.0004177662090348144,0.0004110042282100561,0.00040602350863538905,0.0003802380119000328,0.00042377062255975106,0.0004938199029411996,0.0005116055988334863,0.0005164134456062897,0.0005073310430493584,0.00048320708232325757,0.0004408144027511549,0.0003953162906415312,0.00035833472718153274,0.00036304092886998106,0.0003852842346529713,0.00042615179159294337,0.0005117971649709734,0.0005268786695179422,0.000424111810160171,0.00037675066769367294,0.0003435014647016157,0.0003357946611004249,0.00034035505270023554,0.00035389711061225204,0.00043026398260201447,0.0004813761984293858,0.0005187186747610579,0.0003758838279591864,0.0004196374270013652,0.00030566525376332724,0.0003155134986624299,0.00027268971964021434,0.0002836642710854967,0.00028521508511839943,0.00028505536173041834,0.0003994306479101247,0.0017117791949297038,0.001820553769546256,0.001794593195785327,0.0017504496999402972,0.001727070276744846,0.0017395788735566485,0.0018203750111449681,0.0018416372475563204,0.001671103269701724,0.00027378339424196914,0.0001748077559481046,0.00012636600776364055,0.00017704293542559316,0.00014952148942304943,0.0001875212397253337,0.00018570616043757902,0.00017935051145737994,0.00028806683290495986,5.739178687755713e-05,5.663941606964331e-05,3.0204898547856317e-05,4.683813402036687e-05,5.8577983654472815e-05,5.0365117439739557e-05,3.0888137721559336e-05,4.889065974088863e-05,2.9776596943286998e-05,3.723549325253016e-05,1.907303271482642e-05,3.0535955462480136e-05,1.8179100355936204e-05,3.671684148447187e-05,2.450078404344344e-05,6.774290424805898e-06,1.3805204948995e-05,2.0224610754860797e-05,1.8081553102924116e-05,0.0012603305724138327,0.0011810739953530267,0.001433532673335178,0.0015401731912634171,0.0015069886171228991,0.0015985722669607134,0.0014905587477474728,0.0015017855263490187,0.001543661377584472,0.0013938425054807232,0.0011824201755150834,0.0011475550234494234,0.0010954652136991754,0.001140049140131326,0.0011543384321817038,0.0011490164835911399,0.0011520625642991236,0.0011381772434111276,0.0011093167487615456,0.0009223186141184555,0.0008073733313333338,0.0007360466308351781,0.0007355192185433476,0.000742248994233178,0.000713705631694577,0.0007243941563528113,0.0007766123724880037,0.0007361215836447385,0.0008039410467025137,0.0008020619989099887,0.0006806350421496393,0.0006985208680100882,0.0007301439958444662,0.0007320790005478613,0.0007177738923870673,0.000725065574859179,0.0007378518394342965,0.0008181540928601111,0.0009506464298080747,0.0009684299111227828,0.0008456239386298575,0.0009293331488215721,0.0009388224607388778,0.0009662629705458942,0.0009802550605330685,0.000956450608706145,0.0010004102796565587,0.0009575053780691701,0.001140295403458931,0.0012210220044617105,0.0012398796283791449,0.0012501765766068582,0.001197203130845423,0.0011863711073122423,0.0011769953899947768,0.00115498880472328,0.001155704545842828,0.0011874974161592818,0.001175678900127863,0.0011845559693525623,0.0012375667764757863,0.001254112968120372,0.001253107968656156,0.0012837597563046532,0.0012926956147986633,0.0012302153521783973,0.0011581366616646282
0.24000988900661469,0.001844149252682429,0.0018732620688235275,0.0010763910765716343,0.001149923500939838,0.001228558183201084,0.0011577690095745362,0.0011203329158584277,0.0011728197619795544,0.0011078930135174697,0.0010478308349253795,0.0010560968717097385,0.001077372200013478,0.001090938626331869,0.0010889232433914531,0.0011021796150436753,0.0011264996849549818,0.001112492262037954,0.001066290518234025,0.0010651279719952195,0.0009095647456496312,0.000982256311592458,0.000931548200377338,0.00092157854255672,0.0009206091995171648,0.0009287173697074191,0.0008977454634318915,0.0008941531770090518,0.0009249927148190217,0.0009412626606316625,0.0008274867898510552,0.0008509082681623321,0.000831840025837655,0.0007948069691348409,0.0008014727026923866,0.0007815453331153461,0.0007849508426404181,0.0008431663695462767,0.0008880743352705943,0.0006905080500525757,0.0008200722575704693,0.0007493136324597776,0.000752432190252153,0.0007340166397357526,0.0007232400450661129,0.000750510871062979,0.0007596495365451366,0.0007386419316885616,0.0007750271030792671,0.0005840366108083537,0.0006309504109048257,0.0005859527116474515,0.0005787531625051908,0.0005920107720199972,0.0006303611169880836,0.0006512110807348164,0.0006503744213786145,0.0007015264973015416,0.00047001503810993806,0.0005496448997656803,0.0004739811337237536,0.00042238736979381295,0.0004125110521040226,0.0003757236720095588,0.00038168632838001643,0.00040749111667455,0.0004633355016943204,0.000526979776201099,0.00044028822832190874,0.00041097234174421334,0.00037409940762855946,0.0003672037330429859,0.0003617715260993236,0.0003349151712386371,0.00038059151715350963,0.0004536206077279195,0.00047211272395661553,0.00047656744741867243,0.0004668386781171152,0.0004425226370113569,0.00039836523707042294,0.0003506250187448166,0.0003120405486351162,0.0003169359626814539,0.0003402259491547652,0.0003829111071248568,0.00047239071038901573,0.00048797633217254743,0.0003807015753318037,0.00033215173735462325,0.0002964601141400531,0.0002884847794899004,0.0002931121008010723,0.00030727245496788686,0.00038708639231196587,0.00044010176664193655,0.0004794045295247276,0.00032991483683398785,0.00037617847836884726,0.00025660891140751865,0.0002674448406502472,0.0002280565341001352,0.00023406234194612397,0.00023599748700196832,0.00023933019502141346,0.00035675551248541754,0.0017258540284377957,0.0018392247684226707,0.0018120902315564992,0.0017658975991574654,0.0017415230632924531,0.0017545955824397413,0.0018390628062980828,0.0018615167684525034,0.0016833777402214824,0.00022432914348940943,0.00012475576252153647,0.00010816095831063222,0.00012600221996761935,9.891582514193266e-05,0.0001350934405698182,0.00013692066149485337,0.00012499234153015072,0.00023937993730990454,2.9737550201678316e-05,5.6000022080707684e-05,4.5830426444140234e-05,6.27299243178282e-05,6.552844861498686e-05,5.280666333552012e-05,4.9532168220000646e-05,3.587179434378906e-05,3.1664221190798344e-05,2.066530594086114e-05,9.198929602614653e-06,2.271455983871607e-05,1.6549122939998927e-05,3.001890739371775e-05,2.6868092697068257e-05,8.895556633368735e-06,1.4297667180129762e-05,1.392889227044445e-05,1.4460199917953469e-05,0.0012542795526723422,0.0011719182206772329,0.0014351692933334212,0.0015465499644376419,0.0015119155955147046,0.0016075016048179883,0.0014947165118870374,0.0015066778975082417,0.0015500923176006251,0.0013943034275254184,0.001173152724006111,0.0011367393532774274,0.0010822521120167651,0.0011288291076507783,0.0011437008347547689,0.0011379297537252378,0.0011413835375902344,0.0011266976555357835,0.0010965919539574316,0.0009012087590513922,0.0007813902459599064,0.0007071569152658569,0.0007064050771069918,0.0007134560068107723,0.0006834601574837603,0.0006947647879782423,0.0007493875590858575,0.0007071210586663914,0.0007781494480869095,0.0007760197032099027,0.0006491902861720994,0.0006677996588190425,0.0007010202184071759,0.0007030228591858978,0.0006880566311672991,0.0006955813355187403,0.0007090177586554705,0.0007928738281279015,0.000931125879857876,0.0009501237181728607,0.0008213820703421798,0.0009089360264998396,0.0009186921507238202,0.0009474529169052792,0.0009618292504827219,0.0009371873731132759,0.0009832507017920348,0.0009383925128691058,0.0011289794941496017,0.0012131839368076766,0.0012328779922961902,0.0012435359063153529,0.0011881805460421434,0.0011768375751700182,0.001167066624205345,0.0011442225386133812,0.001144835020595409,0.0011781748061377973,0.0011656843170927936,0.001174939507319775,0.0012303130029701014,0.0012475912591842421,0.0012466023542344806,0.0012786738552240848,0.0012879772438626168,0.0012226004863339726,0.0011474467864016785
0.25000619888305664,0.001849993823174674,0.0018803959123118523,0.0010501021333003532,0.0011264562033060665,0.0012082888782441814,0.0011345452717580785,0.0010954309677015852,0.0011501980947544307,0.0010824799247494577,0.0010144841422018058,0.0010279641206149656,0.0010502161731165693,0.0010643036889639997,0.0010621822731995488,0.001076138653842286,0.001101470802963481,0.0010869248039827666,0.0010388042075113928,0.001037452535196941,0.0008756464641256452,0.0009513415402680293,0.0008982698846059535,0.0008878125687495089,0.000886800185826124,0.0008952547596660146,0.000862908195486414,0.0008592183710140014,0.0008915190284384342,0.0009084793886561329,0.0007900298871587171,0.0008144791089335502,0.0007944865145822767,0.000755958524829056,0.000762768922647048,0.0007419180086452087,0.0007455619562736311,0.0008063704739696119,0.0008531793456547629,0.0006471791092034381,0.0007823414513214849,0.0007086906960334976,0.0007119379915346317,0.0006926205798963946,0.0006814136945288695,0.0007097942988453842,0.0007194335670007268,0.0006975505563085479,0.0007354658293920388,0.0005362448969390719,0.0005853608637763069,0.0005384467760723572,0.000530909278940306,0.000544644668899723,0.0005847122928079714,0.0006065116074232664,0.0006055930328556829,0.0006587226793887116,0.00041682544957682754,0.0005000066365984289,0.0004212949986291474,0.00036764277506120413,0.0003573467598321486,0.0003189183812032003,0.0003250343427131657,0.0003519956271356031,0.00041030374984413697,0.00047661535362102564,0.000385941489066275,0.00035555735468871736,0.00031709159744153134,0.0003100625627198168,0.00030417875106330833,0.0002762481661672225,0.0003240694518373661,0.00040008040727255827,0.0004192793694967306,0.0004233797248828775,0.0004129983638604458,0.0003884946059556825,0.00034257501199000184,0.00029259297735675043,0.000253274386859244,0.00025748573917449234,0.0002818247612681525,0.00032632604311635786,0.00041964251995458115,0.00043572824167342663,0.0003239492710262853,0.0002742090832202106,0.00023779518099290817,0.0002306935978601472,0.0002325285312673056,0.0002494485298020073,0.000330565984765324,0.00038548647793046234,0.00042720747669817765,0.00027463065596023057,0.00031937609354844396,0.00019269524302934496,0.0002052456119512154,0.00016749255063560305,0.00017230143624661604,0.00017939506990869212,0.00018323631396598828,0.00030074087304226096,0.0017266014719544008,0.0018445658187514764,0.0018162602362703168,0.0017679992781463637,0.0017426359247642634,0.0017562737927801263,0.00184440422476446,0.001868046829509787,0.0016823240384574146,0.00017124144853351467,8.24474048601892e-05,7.758650486161094e-05,9.381450830055713e-05,4.482403495973176e-05,6.931456407094869e-05,8.667568805243743e-05,8.864975675388996e-05,0.000192720805581967,1.9241536183888133e-05,6.7274676973429e-05,4.488114920309243e-05,6.664586118752485e-05,5.915404877766864e-05,4.483369511969429e-05,5.553498609865076e-05,3.0015857604023732e-05,4.0285434803294916e-05,3.1472060281047175e-05,1.4800577615716073e-05,2.0132682201533948e-05,9.913997720664844e-06,2.565791635908804e-05,2.653593367058972e-05,6.622281819807865e-06,1.5228728513967052e-05,1.6971777084135226e-05,9.892385744357114e-06,0.0012348965596265995,0.0011494293222672758,0.0014234758405376252,0.0015395874774845578,0.0015034957646581255,0.001603096834173096,0.001485533504234391,0.0014982348210648814,0.0015431903731720367,0.0013814268127868119,0.0011505468659888237,0.0011125809923961281,0.0010556887129824807,0.0011042711748510767,0.001119721917930985,0.0011135045805372638,0.001117368221164067,0.001101877604183444,0.0010705231661573555,0.0008667620620606935,0.0007420696468117753,0.0006649283422196961,0.000663947872222042,0.0006713203056704655,0.0006398757705754684,0.0006517936078228221,0.0007088248085508004,0.0006647663248744726,0.0007390167831690368,0.0007366352091845158,0.0006044009113647257,0.0006237368127124922,0.0006585561293496388,0.0006606246667536617,0.0006450034207575064,0.0006527566004892688,0.0006668466426807839,0.0007542561508588205,0.0008982666680039224,0.0009184775127144683,0.0007837999134428536,0.0008752021358819861,0.0008852202175984172,0.0009153054139140357,0.0009300636442047285,0.0009045868906454427,0.0009527545028864185,0.0009059391289714105,0.0011043262735412334,0.0011920056127540312,0.0012125347100942919,0.0012235556836873423,0.0011658196306589233,0.001153967066503859,0.001143802050728767,0.001120119593940894,0.0011206300293385282,0.0011555232599470256,0.0011423519142686642,0.0011519853060280216,0.0012097155309785115,0.001227734075035211,0.0012267597023160849,0.0012602490805606581,0.0012699196588164582,0.0012016465145198475,0.0011234185299398723
0.26000240445137024,0.0018408968308656116,0.0018725767071066388,0.0010088555028021327,0.001087310570742237,0.0011730644998370974,0.0010963889352901806,0.0010555919112080509,0.001112630170973963,0.0010421202849160446,0.0009662058447982343,0.0009848850669476527,0.001008112734632686,0.0010227189425132217,0.0010205093071814766,0.0010351502074264082,0.0010614951030068398,0.0010464096536357062,0.0009963674342616617,0.000994831366439358,0.0008267820917082226,0.00090547995558018,0.0008500461313853216,0.0008390993996361466,0.0008380270194920441,0.0008468468088114755,0.000813125710974232,0.0008093352468932067,0.0008430999092103193,0.0008607505043660096,0.0007376277402893566,0.0007631038818199299,0.0007421893835569105,0.0007021657889022153,0.0007091195855077515,0.0006873440709864549,0.0006912250762023344,0.0007546294308520372,0.0008033376347099039,0.0005889053199251677,0.0007296623016372982,0.000653124728857344,0.0006564983001472273,0.0006362780909372059,0.0006246417500839108,0.0006541319578547277,0.000664273071147559,0.0006415148202816837,0.0006809584648113738,0.00047350878560918245,0.0005248287897862158,0.00047599718391351775,0.0004681204203989979,0.0004823354084822851,0.0005241186386056051,0.0005468690205308894,0.0005458676357174535,0.0006009730996053993,0.0003486894595342043,0.000435425072330275,0.00035366155088453895,0.0002979561193911368,0.000287236079855921,0.0002471684766554109,0.00025344098291551337,0.0002815543918321928,0.000342324650831054,0.0004113099112425632,0.00031665477230175156,0.0002851974616825931,0.0002451370199082789,0.00023797711918247037,0.00023164221935614574,0.00020263733539886594,0.0002526035573729908,0.00033159359247815083,0.0003515016509387055,0.0003552487254052082,0.0003442162774242256,0.0003195254584655065,0.0002718405769690484,0.00021961727938493925,0.00017983693738277175,0.00018325031814929468,0.0002084828757035257,0.0002568307396038142,0.00035194995506813704,0.00036880128674231195,0.0002551660790269206,0.00019982177668601534,0.00016959262247391585,0.0001588237690471472,0.00015699929880002913,0.00018098353291086166,0.0002611605850494639,0.00031685918068833507,0.0003698338390028962,0.00020922532865517692,0.00024781216519920423,0.00013846404605139095,0.00013556483842928286,0.00010652189019753834,0.00011232450221006979,0.00010342010797412488,0.00012464432727863899,0.00022977576647028623,0.0017123883751778873,0.0018349454084432347,0.0018054780390070106,0.0017551585108037833,0.0017288050514230947,0.0017430114066803296,0.001834807458091749,0.0018596328980577915,0.0016663239696967317,0.00012318606533207488,5.285844188495365e-05,5.319547988468468e-05,6.0765921878096774e-05,6.182739939793286e-05,3.528075407444197e-05,4.154839976817051e-05,4.394491093465572e-05,0.0001319001600538646,2.2784973051847706e-05,6.19757438836644e-05,3.1274142620021444e-05,5.93500003539765e-05,3.8694981557379375e-05,3.145648576091228e-05,5.131527360923935e-05,4.958782716952393e-05,3.536065833433921e-05,2.8816136373074532e-05,1.77479514373372e-05,2.0363387115022704e-05,1.017768085798184e-05,1.825064329124043e-05,1.0753972615870127e-05,4.528161155424587e-06,8.188306836993585e-06,1.4680049374802185e-05,7.533346380932444e-06,0.0012005603867383087,0.0011119908034449152,0.0013968305124868001,0.001517682070222872,0.0014801317388166031,0.0015837438650471703,0.0014613974754985237,0.0014748359049850186,0.0015213379478094713,0.0013536039322894222,0.0011129970936914915,0.0010734766050454674,0.0010141933779443842,0.0010647674180576778,0.0010807977937439361,0.0010741350467024392,0.0010784027551277368,0.0010621122672386054,0.0010295105331030291,0.0008173724723717105,0.0006878031178303952,0.0006077590899024,0.0006065478068508454,0.000614235771011814,0.0005813468757652972,0.0005938771558800621,0.0006533135926349704,0.0006074656658510242,0.0006849403834381849,0.0006823064649535497,0.0005446649026609974,0.0005647309956784238,0.0006011464187740685,0.0006032792237946384,0.0005870055459873665,0.0005949843388298316,0.0006097272269872314,0.0007006932800316335,0.0008504610270301382,0.0008718834354971371,0.000731271955558428,0.0008265200605882578,0.0008368059485828068,0.0008682090912096067,0.0008833504928898909,0.0008570380440346686,0.0009073078460554233,0.0008585401281574019,0.0010647259381568075,0.0011558810229416027,0.0011772462090248294,0.001188628060976656,0.00112851309835939,0.0011161488091747612,0.001105589185586333,0.0010810702569623337,0.0010814764150919763,0.0011179205057505726,0.0011040705122642833,0.0011140832513842078,0.0011741744576238122,0.0011929275879924317,0.0011919702600428667,0.0012268741470836295,0.0012369152604068785,0.001165746076772135,0.0010844441825846294
0.270000696182251,0.0018151151075403635,0.0018480725868164534,0.0009509419775530662,0.0010256707938080564,0.0011211579673768277,0.00104153257169,0.0009990664854861375,0.0010583733010021154,0.000985059716013299,0.000901287673941566,0.000925113017575673,0.000949317299017299,0.0009644429121974847,0.0009621550476317927,0.0009774699479478122,0.0010048258827494926,0.0009892058009884075,0.0009372423130441048,0.0009355172295874266,0.0007612235777579421,0.0008429239532562943,0.0007851275739842032,0.0007736935707436518,0.0007725416774858217,0.0007817453146476322,0.000746649476075362,0.0007427573922194397,0.0007779865748218321,0.0007963271564226534,0.0006685305453483686,0.0006950351021935662,0.000673195455806452,0.0006316758098834765,0.0006387759549788488,0.0006160751657861672,0.000620193978669806,0.000686192810465076,0.0007368027600976112,0.0005139353459505176,0.000660289044933151,0.0005808611366465622,0.0005843624378686021,0.0005632409864680362,0.0005511742513781637,0.0005817735288038041,0.0005924159120191687,0.0005687829547790753,0.0006097552560615828,0.00039407443721595204,0.0004476007151685306,0.0003968478407255745,0.0003886338240809303,0.00040332852303021885,0.00044682857422259647,0.00047052801940896516,0.0004694433434699741,0.0005265270337130708,0.00026385708922211656,0.0003541438766777281,0.00026933133172429624,0.0002115690212835891,0.00020042902421194838,0.00015871914780061244,0.00016514903977511686,0.0001944140704481673,0.000257650947812289,0.0003293071567464083,0.00023198624391672617,0.00019814000461462576,0.00015648528671580186,0.0001491910410858485,0.0001424070387317341,0.0001174549352820624,0.0001644382926718123,0.0002464079021318019,0.0002670240214418189,0.0002816298669369328,0.0002587364658659749,0.00023385589959945788,0.00018515517928816228,0.00013363036292364673,9.24159387107842e-05,9.899720080168606e-05,0.0001186727677311002,0.00017538703422204183,0.0002675585031254523,0.00028359479662317245,0.00017616391033748949,0.00011176363196513823,8.83051811373822e-05,7.255619715606094e-05,8.59488728945662e-05,0.00010592284983859028,0.0001756748188659939,0.0002319253056443414,0.00029331748475222027,0.00012538766376046187,0.0001695696875032105,8.605492987762982e-05,6.976473649855571e-05,5.056854681046881e-05,4.5246127694071497e-05,5.702937614613938e-05,6.457616184929193e-05,0.00016443934071346122,0.0016815064647334361,0.0018086487526898303,0.0017780147000688409,0.0017256334726169816,0.001698289944051461,0.0017130603781026496,0.0018085222790271366,0.0018345361314981033,0.0016336290139246084,7.845133824633276e-05,4.381805072751178e-05,5.9897991536054596e-05,8.308347755797182e-05,6.0959582948451864e-05,4.925951057894807e-05,3.076307793722608e-05,4.5472447168739585e-05,6.638979389621857e-05,1.7199960255259103e-05,4.6321883199532795e-05,1.8919314570980666e-05,4.2098659598033055e-05,3.0541785841268995e-05,1.8755960426200516e-05,3.316369843935333e-05,5.046243000504981e-05,2.075719768043083e-05,1.4626984644728173e-05,1.3691356104144278e-05,1.693700879136549e-05,6.571453525480803e-06,9.328396683936881e-06,1.4711357174399681e-05,6.267364988830255e-06,5.65257984612047e-06,3.2290749922039444e-06,4.7897643154625254e-06,0.0011495354057102275,0.001057862146585787,0.0013534987277749226,0.0014790807612705646,0.0014400849606983417,0.0015477042735982849,0.0014205809263199449,0.0014347575912820375,0.0014828030324681865,0.001309096688913418,0.0010587522204027558,0.0010176825858471998,0.0009560037817287191,0.0010085739327805598,0.0010251849994686857,0.0010180728392833233,0.0010227508922527097,0.001005653916182222,0.0009718025022463819,0.0007512855015392405,0.0006168392583244441,0.0005338903258454216,0.00053244766833017,0.0005404557004992527,0.0005061194723903262,0.0005192658123241421,0.0005811085987221344,0.0005334692592945623,0.0006141681625468053,0.0006112813887711752,0.0004682351251637023,0.0004890277284750736,0.0005270412183617847,0.0005292398739904594,0.0005123103038788984,0.0005205182899699493,0.0005359103059037616,0.0006306264935582295,0.0007859614700077589,0.0008081943563470453,0.0006620481903186336,0.0007611449987933024,0.0007716965210542975,0.0008044222853394368,0.000819945040730053,0.0007927962983553406,0.000845170825703398,0.0007944470088191335,0.0010084332306007269,0.001103064792630943,0.0011252640956202682,0.001137010005719145,0.0010745139960142572,0.0010616386996683286,0.001050686280193674,0.0010253287778981006,0.0010256298373527955,0.0010636262882220953,0.0010490998189395494,0.0010594901613682963,0.0011219432462323453,0.001141432458471769,0.0011404916691026045,0.0011768124716389306,0.001187221299175487,0.0011131544794058933,0.0010287761906822503
0.28000229597091675,0.0017707752379112485,0.0018050191555241176,0.000872920152313999,0.0009473870939074924,0.0010506845637522466,0.0009681217247547893,0.0009239692187426967,0.0009855519895739283,0.0009125620343242302,0.00082318493206428,0.0008467773320482914,0.0008719577210573491,0.0008876043685459387,0.0008852385784597966,0.0009012259832880194,0.0009295947473798902,0.0009134344812541028,0.0008595515654273998,0.0008576385937576599,0.0006770990830761011,0.0007618039029230983,0.0007016424054159331,0.0006897194096408583,0.0006884900142207853,0.0006980769194082996,0.0006616065425766669,0.0006576129585905584,0.0006943074897877666,0.0007133371697018275,0.0005808651516469516,0.0006083974381505465,0.0005856347466252148,0.0005426189896116038,0.0005498625242910812,0.0005262371345789423,0.0005305931016861507,0.0005991889921917082,0.0006517005771576406,0.0004203950748312807,0.0005723487767122429,0.000490024789972904,0.0004936584090415856,0.0004716332673356244,0.00045913639110375487,0.00049115838219171,0.0005019925052594784,0.00047748310449600165,0.000519983160594276,0.00029606804532553025,0.0003522569104761258,0.0002991271719087043,0.00030107899129567833,0.0003111973191736928,0.00035518049110632794,0.00037621780236406444,0.00037444960309518236,0.0004335113172177656,0.0001604501490687528,0.00025429113336328127,0.00016791501725966387,0.00011615729520923986,0.0001150438884336519,8.402656088437888e-05,0.00011493978142928739,0.00012075669788733198,0.00015920673681064427,0.000228728675076487,0.00013356077111747154,0.00010281203098822603,8.460530535883738e-05,8.500466789899592e-05,7.690946535469822e-05,7.860152226949196e-05,8.154985094793922e-05,0.0001426478237121029,0.00016397327279577415,0.00018737267550748916,0.0001613049909696977,0.00012615717942533907,8.845268120755908e-05,7.290313920689561e-05,7.190058785753e-05,7.605585556418795e-05,6.713637228953059e-05,9.798252737234841e-05,0.00016459450149641533,0.00018066524576824976,9.340487242129351e-05,6.782228851363647e-05,5.4808487309005046e-05,6.22317386978863e-05,5.386371515148865e-05,4.504138568281382e-05,0.00011166149104549158,0.00012494960996153713,0.00020171035003820325,8.746361979932967e-05,0.00013083458815397534,4.388073765336125e-05,6.317588157024138e-05,6.411544688198066e-05,3.3433545580133375e-05,4.820682349406182e-05,2.347503772621259e-05,7.777190124348553e-05,0.0016320574484369715,0.0017637984327074927,0.001732002804810542,0.0016775586172388685,0.0016492255901017527,0.0016645575627976508,0.001763689712479185,0.0017908855718613316,0.0015823887690533034,5.7584674859012046e-05,6.453304143536846e-05,5.455135241874136e-05,9.595724383211874e-05,4.1264650832346136e-05,5.791449621191147e-05,3.547765475542639e-05,3.827769531920772e-05,1.9211574387286486e-05,8.631942521846398e-06,3.3830365670188634e-05,1.720414551927526e-05,1.1559655496288824e-05,1.8918269980621495e-05,2.2931625255180203e-05,2.4228431266317274e-05,4.353121173694651e-05,8.456550278477719e-06,1.3033717447250367e-05,1.2432900824519742e-05,1.1109264486998719e-05,5.757795864919173e-06,6.957250196129024e-06,1.3302365840063168e-05,3.592456686466568e-06,4.145293479329729e-06,6.150649272641364e-06,4.565598445587802e-06,0.0010799501845958413,0.0009851700468434818,0.0012916107893037841,0.0014219307625482588,0.0013814721121149867,0.0014931084409574651,0.0013611995491405763,0.0013761180481230279,0.00142570628944732,0.0012460293020872216,0.0009859488648846192,0.0009433284324021793,0.0008792494127329001,0.0009338131713878014,0.0009510046161608594,0.0009434497153251147,0.000946566699329372,0.0009404183785268705,0.0008955373144555915,0.0006666318160009265,0.0005273083021699186,0.00044145186516826996,0.00043977677479380345,0.0004481071298136258,0.00041232370689387875,0.00042608357570094173,0.0004903354175531686,0.00046416882480378033,0.0005248292361530213,0.0005216873200317332,0.00037323370912054456,0.00039475310803247855,0.000434365493019792,0.0004350818243098845,0.0004190446840957499,0.00042747990310281815,0.00044350590715541444,0.0005420106215669376,0.0007028955203999108,0.0007258951866817462,0.0005742572271924328,0.000677204179450189,0.000688019490688053,0.0007220662936399744,0.0007379520096675057,0.0007099891080447904,0.0007644656779175981,0.000711786986104516,0.0009335773562646481,0.0010316866126951307,0.0010547264404851585,0.0010668302769396602,0.0010019536435053578,0.0009885661527544614,0.0009772220280011353,0.0009510254320396687,0.0009512233830631619,0.0009907736436848525,0.0009755670011243163,0.0009863335916554502,0.001051150276187091,0.0010713746591568295,0.0010704504313766635,0.0011081903053142062,0.0011189673118377542,0.0010420030100909189,0.000954547574449976
0.2900022566318512,0.0017059422172748715,0.0017414674929260331,0.0007635976509394436,0.0008489248533682828,0.0009597130576700667,0.0008742114132529652,0.0008283832554566095,0.0008922395887088796,0.0008258294299023766,0.0007245369661202411,0.0007457423804974303,0.0007741044352820604,0.0007903012551678394,0.0007903139651174959,0.0008044886145263844,0.0008338690022578989,0.000817171591203234,0.0007613666935397283,0.0007592654885279532,0.0005888596363534025,0.0006622425278417764,0.0005976689751675226,0.0005917665656610732,0.0005969817129404208,0.0005990409594724825,0.0005667430998935933,0.0005565505117648249,0.0005901339123451629,0.0006098542643605817,0.0004801437842812263,0.0005091134363224822,0.000480685176597335,0.0004399362450872041,0.0004461126041674961,0.00042575675006753055,0.00042189116291331796,0.0004933229758915804,0.0005486214151936544,0.0003071509649675674,0.0004639132867102332,0.00038337187041022434,0.0003827765045244119,0.0003618461901509764,0.0003476677489251012,0.0003746774733493704,0.0003997264142367992,0.0003675881630028998,0.0004161747503131567,0.00018113240544392236,0.00024351362295143243,0.00018776242735617132,0.00020651489967888175,0.00022217172156960424,0.0002644375547397219,0.0002701341546359562,0.0002619858436452479,0.0003164057525440799,7.111919975597144e-05,0.00014451429040312136,7.882447673667042e-05,9.548708153437845e-05,6.492235612068447e-05,9.903752912221557e-05,8.729850319592589e-05,6.866657982186776e-05,0.00011128032140394533,0.00012970714153175375,4.9225213962441843e-05,7.376752162309232e-05,6.029175838512611e-05,7.088689114318679e-05,7.442840219147537e-05,4.9264827865996636e-05,6.815267357719227e-05,7.698100368828279e-05,9.445599952322047e-05,7.128666553725345e-05,6.067026823271816e-05,5.415098785413035e-05,5.078832609109295e-05,7.80787370067635e-05,7.619910134455403e-05,5.5950585806572906e-05,6.663877453927321e-05,4.998322762906904e-05,8.296441726562434e-05,6.529337666955602e-05,4.09981560443267e-05,7.071878342201446e-05,7.905294176312248e-05,6.090570141314106e-05,8.359129572755839e-05,3.142137464002908e-05,4.302119394537015e-05,4.4714242530747166e-05,0.00010072465989613049,2.6949816937084684e-05,9.832813262362653e-05,7.226781658941495e-05,0.0001086118808185412,7.909057692723038e-05,5.600397955960146e-05,5.9118283062166085e-05,3.811379817150959e-05,4.62988400884158e-05,0.0015621160772307432,0.0016984498169953306,0.001665487073351968,0.0016089834689846062,0.001579657317120815,0.0015955576205996178,0.001698362835290621,0.0017267413642315765,0.001510641232090271,2.867963096155691e-05,5.7096443909089876e-05,3.491539133987263e-05,8.920185497075029e-05,3.511954203015607e-05,6.475968533127144e-05,4.047913498826697e-05,1.5793704643250906e-05,2.684752301025988e-05,1.2642297475197262e-05,1.554827192604175e-05,1.4359445266349561e-05,1.763228721408695e-05,5.184796637436119e-06,1.877872513327905e-05,2.127342089094704e-05,3.789678107310171e-05,8.357180744486633e-06,9.51112636927781e-06,1.0039277237111094e-05,1.0048050415612251e-05,3.3267533942258852e-06,7.572585244336259e-06,1.2581271770139247e-05,3.2875536454390434e-06,5.372668744479144e-06,2.947228867452345e-06,4.87759503744645e-06,0.0009898687753392285,0.0008919844969821377,0.0012092179562368523,0.0013442789799926387,0.0013023686066564169,0.0014180118644719713,0.0012813257894411262,0.0013012640927040405,0.0013481153048116353,0.0011614633897493961,0.0008926478440722499,0.0008484764433992993,0.0007820014187526957,0.0008385558537152445,0.000856329222751035,0.000849359863129663,0.0008433774711340823,0.0008679411284730209,0.0007987721098918303,0.0005614840913234593,0.00041728402934622404,0.0003285199589737993,0.00032661814187247615,0.00033526600634429057,0.000328479537468447,0.00036500337707890274,0.0003790642995885111,0.00040225036772796325,0.0004570899810686399,0.0004142938963456715,0.00025756422150301965,0.00028263035901675775,0.00031629200263620156,0.0003632695227445832,0.0003028644976321413,0.00031459950855804164,0.0003299803607199978,0.0004329001306198173,0.0005993366636759419,0.0006231000451550434,0.00046597335234839146,0.0005716753265466525,0.0005838481220708785,0.0006192184164061519,0.000617255364221527,0.0006066889507957641,0.0006621834532658474,0.0006077949188915476,0.0008382272495171909,0.0009398135676114889,0.0009636911637721528,0.00097615550124442,0.0009088976527597288,0.0008950003604980794,0.0008832603521046456,0.0008562258129071966,0.0008563221717661106,0.0008991925109876834,0.0008815377075593787,0.0008926863236519125,0.0009598627055928874,0.0009808358619762079,0.0009799136037320494,0.001019072247658172,0.0010302154406241055,0.0009503554630749889,0.000859822431849081
0.3000045120716095,0.0016190694444726639,0.0016552966480314324,0.000631658590248569,0.0007278357456607516,0.0008461142702647971,0.0007613027917598928,0.0007101629610129382,0.0007676867758287995,0.000713587303075653,0.0006098326247739561,0.000625899795810487,0.0006705267667281871,0.0006912708955248291,0.0006863162607979637,0.0006947263268054583,0.0007177253258379453,0.0006982610687241505,0.0006405578420628118,0.000643610401992054,0.00047791458934013466,0.0005529558669606677,0.0004972888782331709,0.0004762171622185164,0.0004905393381574698,0.0004877603780713774,0.0004601577864950624,0.0004427265369079197,0.00047396363108308785,0.0005050593236170372,0.00035744742244935967,0.0003877725662323718,0.0003649381799149875,0.0003157656809519267,0.00033004783113341717,0.00030856750082126016,0.0003131255662517908,0.0003779700060554642,0.00043252395154322494,0.00019769424293529747,0.0003462288142010417,0.00024602892290880615,0.00026509785319057,0.00023270614384040248,0.0002099030308097184,0.0002434570333041112,0.000245556820986236,0.00023897118496081255,0.00028106995960183674,7.05315992720582e-05,0.00014215266027153714,9.615265585679834e-05,0.00012786705534902404,0.0001081620673250664,0.0001451949031453376,0.00016009255863866207,0.00014826461828541232,0.00018234848808906557,5.622060091011996e-05,7.540586496534226e-05,5.489477875576807e-05,6.11735583101751e-05,6.271884337692561e-05,7.726518863704342e-05,5.3764559597461e-05,8.15587851866279e-05,6.618268199934426e-05,7.131780307322413e-05,7.006381606337384e-05,8.609189779238935e-05,5.538776098122259e-05,6.686440605685451e-05,4.925780564182e-05,4.6998220944199825e-05,7.140597202160188e-05,5.94866610735321e-05,9.990136393377464e-05,4.013021189712559e-05,0.00011297716180630895,6.673607790114416e-05,5.200723879381718e-05,7.858757215639138e-05,6.708474099512566e-05,4.2207816989706794e-05,6.402579157815792e-05,8.010252958982856e-05,0.00010123249877345545,2.7207020853143023e-05,6.44629181305744e-05,5.641758212119815e-05,7.114726104236015e-05,5.471598814244235e-05,8.587315044739537e-05,4.291387954241381e-05,4.917114145576581e-05,6.53749605571233e-05,5.730019885148394e-05,2.7805831126108897e-05,5.587711244987806e-05,9.08259490881228e-05,0.00010368140972152614,7.946121783423133e-05,4.8852635731470815e-05,5.939632356477214e-05,1.5900098702278457e-05,8.836638745993623e-05,0.001469562214628361,0.0016104839977260997,0.0015763559974310611,0.001517788963568481,0.0014874731290643087,0.0015039380267296647,0.001610410443839311,0.0016399758483108295,0.001416282823536399,1.5219221361182686e-05,4.4628572316136066e-05,1.9493155913158558e-05,7.377583232876925e-05,2.320093629562173e-05,5.781824204211931e-05,3.5086188766176846e-05,1.1709885536644478e-05,1.95154811560111e-05,1.1233115169495526e-05,9.87890270580039e-06,7.86064369060717e-06,9.328886767078961e-06,6.8459507039610425e-06,1.2103134692256047e-05,1.0184896354383527e-05,3.0811301658234674e-05,7.79666598239757e-06,6.744160665437248e-06,8.613846259346631e-06,8.511630561755773e-06,6.3664929325400345e-06,6.0517882286709326e-06,9.286652184186944e-06,3.3305176008946222e-06,3.1434622990883957e-06,3.2552403700993467e-06,4.2694156632855305e-06,0.0008771664305309149,0.0007761744268294906,0.0011042103033036268,0.0012440093358340406,0.0012006391451700146,0.0013203049133813595,0.00118009666372817,0.0012072811292524782,0.0012479028186127346,0.0010539562759778113,0.0007780735611282614,0.0007310018024032917,0.0006653944411989909,0.0007252579083334169,0.0007455793875876422,0.0007351400460481269,0.0007187183953439846,0.0007769363427543759,0.000677583503802158,0.0004337127574951787,0.000284632953778283,0.000285752667210643,0.00025518712959343183,0.00025848108653175536,0.0002914982040944307,0.0003292417202930716,0.00027548213975626533,0.0003257295268006345,0.0003749361889303318,0.0003077784347504757,0.00020460665627607585,0.0002284013386521953,0.0002691829377700785,0.0002751739349813933,0.00023962335907562932,0.0002482138953241196,0.00023989384815629967,0.0003282115609267022,0.0004696046383452136,0.000481353192132026,0.0003350616531783428,0.00042347098158513637,0.00044867232222373283,0.0004831831487793895,0.0004823293457166542,0.0004634435339655412,0.0005203940297344042,0.00046757731854404146,0.0007205885388089986,0.0008267172994956361,0.0008463335053920734,0.0008602444279473083,0.0007894907772955517,0.0007741690549301603,0.0007666491317654292,0.0007321115784220805,0.0007339404950808046,0.0007922708555995178,0.0007648425219426791,0.0007757874590211931,0.0008422211418185156,0.0008711710386773402,0.0008667560936303153,0.0009066284435654734,0.0009174893762518872,0.0008327365052483681,0.0007424763191835882
0.3100067675113678,0.0015062681166748094,0.0015453045044142918,0.000585521583436591,0.0006139334656415255,0.0007041533360405048,0.00063585517449505,0.0006545380918253423,0.000613604912062388,0.0006342642495728709,0.0005600913394577464,0.0004996798397257654,0.0005487626005540499,0.000566154634286387,0.0005621431173988259,0.00056982338748455,0.0005900517555435,0.0005506259472791498,0.0005142668400285075,0.0005154416820622018,0.00034769661781328744,0.00042968513919058366,0.0003655411524433713,0.00034434757829082603,0.00036907402606388824,0.00035305437238440055,0.0003358591726081131,0.000304547456947199,0.00034320159364101884,0.00037811099354191505,0.0002155270431802893,0.00023366741316284238,0.0002203728288306971,0.00016377548513332838,0.00018227192927934945,0.0001709014389733236,0.00016898758837513158,0.00024134647989887943,0.0002885450067966002,7.78477122737595e-05,0.00017423942516520032,0.00013262653229622012,0.00010070419144715428,0.00010234905542613968,8.210599867808618e-05,9.909210091547296e-05,9.896577910952737e-05,0.00010165309134719128,0.00012817943733490285,3.789769221359121e-05,6.501689384904943e-05,4.669575106243403e-05,4.195202350071932e-05,5.9562667676890945e-05,4.393963736394377e-05,6.0367473929717465e-05,6.336976122227957e-05,9.221120705339573e-05,5.668973702437963e-05,0.00011188786343993557,5.554263875841863e-05,3.9044364820485156e-05,4.3086674115043484e-05,3.643896089162343e-05,4.305071167602615e-05,8.166465004789641e-05,7.378316516902186e-05,8.087909739006008e-05,7.330066796177604e-05,6.182631454252679e-05,3.0854155172418805e-05,3.629853941668882e-05,3.0203258034803253e-05,4.097631168117694e-05,6.560226940151484e-05,5.666407323392541e-05,0.00013809547821908962,6.461253844307722e-05,0.00016489077171139084,6.402653245502059e-05,4.414762818927007e-05,5.081087451734822e-05,4.1240604546346765e-05,3.201817856323019e-05,6.321854181220046e-05,6.56518000109023e-05,0.00012892365734689737,3.4784067464674077e-05,5.446159587708645e-05,4.359044737306304e-05,4.027501881088087e-05,2.6344242136242233e-05,6.055678522457914e-05,2.711239339124501e-05,4.429356712605776e-05,7.488720514427459e-05,6.947808847935568e-05,2.7457605195493564e-05,2.109284250953965e-05,8.810378802759537e-05,7.463689690510267e-05,6.50530702680302e-05,3.737265210823723e-05,3.171027059927518e-05,9.989318667796737e-06,8.80335795909879e-05,0.0013521854614126192,0.0014977046109275077,0.0014561838375832194,0.0014017830534312275,0.0013704770393009522,0.0013875045248030967,0.001497652933615906,0.0015284040907983945,0.0012971076676648924,1.1195631862135871e-05,2.9983544328684036e-05,1.4087014259989447e-05,4.7468307313565966e-05,6.400683709494455e-06,4.753534516533878e-05,2.1035877822067403e-05,5.877788005494543e-06,1.8644923232052236e-05,8.602873458855674e-06,9.340066644953896e-06,4.898238351769133e-06,5.039216634780659e-06,4.343079991345608e-06,4.187951420428987e-06,5.260393687746649e-06,1.322665374676154e-05,3.26639493851624e-06,3.2466742689821656e-06,7.158092249988473e-06,3.446552262576211e-06,5.197476675914977e-06,2.773872885026107e-06,4.7000468884245885e-06,2.3891553176343882e-06,3.44168364319293e-06,2.447785827617737e-06,3.062055577727402e-06,0.000760673014214583,0.0006381955170715613,0.0009743879416145684,0.0011189304911780231,0.0010741068657713398,0.0011977783849155318,0.0010648227859484337,0.001088473370075623,0.0011338126135666895,0.0009280020001767323,0.0006449581950568457,0.0005887142473221123,0.0005479135234573889,0.0005881637528045479,0.0006523970221162919,0.000623203050047553,0.0005719806460433078,0.0006574636442924119,0.0005269797669976597,0.0002811277180859475,0.00021442664316527498,0.00023448092817009505,0.00028184460158239724,0.000267858894180369,0.0002967367557198874,0.00028406783039397053,0.00028800811726316307,0.00027163407134873723,0.0002689795233549381,0.00020208167430057133,0.00023601820164294548,0.00029614092966211066,0.00026889026840072437,0.0002515483565987491,0.0002733673596715406,0.0002837752162452522,0.00028380423008760714,0.0002122688277984402,0.00031694830909525856,0.0003359048262687006,0.00024211409045182404,0.00029068706817623395,0.00031934719474908,0.00032120511144500006,0.00034315237824942695,0.0003098207147422103,0.00035403512308695306,0.0003191948364133891,0.0005702806488612684,0.0006985139884392206,0.0007095746771736578,0.000719741640626589,0.0006455884350749796,0.0006391134335932357,0.000623475069200005,0.000579107064656987,0.0005959400734339697,0.000659919296759761,0.0006226074494740388,0.0006409930128843796,0.0007067004430840574,0.0007368188914258229,0.0007248100965879872,0.0007595869117425024,0.0007720093597608509,0.0006926730164917372,0.0006018734536640527
0.3200090229511261,0.0013663063719395057,0.0014086751409763385,0.0005993412009715108,0.0006517763605775967,0.0005543054408909617,0.0005679160943368505,0.000596197085228233,0.0006264844626981273,0.0006256995749887795,0.0005586103128041038,0.0003498241722717437,0.00039265267150788403,0.0004173557793589122,0.0003971095152122669,0.0004309405067163271,0.00043604455928003094,0.0004035909084825963,0.0003724493598123951,0.00038126306335759745,0.0001937087441706033,0.0002765229083872738,0.00020155251335527617,0.00018485555096827664,0.0002138894430157619,0.0002082310995157874,0.00020119665317177156,0.00016246103612907646,0.00018602291520754952,0.00020953683056217388,7.999613783166084e-05,7.959196649447438e-05,8.413006276261022e-05,8.053629228518532e-05,9.437686144964394e-05,9.694609126038471e-05,7.156321508269489e-05,9.267430801234238e-05,0.00012676302342678068,2.3423514572219296e-05,7.117322854631087e-05,5.534034486201151e-05,3.364586432278479e-05,2.8884835445638807e-05,5.148559935928006e-05,5.0855663054642624e-05,5.0203461329508015e-05,5.123931302307695e-05,6.385700970505776e-05,3.4861058836036714e-05,2.7472650517869403e-05,3.863567919632801e-05,7.30669788330982e-05,5.4895618569603087e-05,8.372571656007731e-05,9.667294698747979e-05,6.978231736845536e-05,7.078649082399546e-05,4.924495764057414e-05,0.00011020726940877485,3.0945303734266e-05,1.414388231134917e-05,1.6426091363598736e-05,2.0408299898747486e-05,2.6306135295870822e-05,4.945847052947316e-05,6.20889507886248e-05,5.2973204171153694e-05,5.521812318826865e-05,2.8111040181492742e-05,8.121105624173411e-06,8.982899573070402e-06,8.183316272039741e-06,1.7343402759139956e-05,2.60145979495491e-05,5.315398042650578e-05,0.00012510062459509207,5.259059649221872e-05,0.00017903782230671485,4.423237805995238e-05,1.5576855507610037e-05,1.114824105238283e-05,1.2233029733505163e-05,1.1906293833626996e-05,2.3340517956721323e-05,4.270293211221628e-05,0.00011123029380883631,2.48009035969011e-05,2.262871936047814e-05,8.50858422335149e-06,2.3032909104543163e-05,6.436844022456479e-06,2.49054385611925e-05,8.575030754150057e-06,2.9260529040808768e-05,7.6596907353043e-05,6.332489905747087e-05,1.6993255610573284e-05,4.506358207751633e-06,6.326547705170875e-05,4.3015135781458906e-05,4.608033203284329e-05,1.5115903551737104e-05,5.392230654685502e-06,5.236253066494576e-06,9.043940463803244e-05,0.0012076671306996505,0.001357781391789063,0.001294930782771853,0.0012586287644551133,0.0012263338775871141,0.0012439225427998365,0.0013639840036799237,0.0014046754274996643,0.0011520693840476358,4.477843651978003e-06,1.9204368094324086e-05,5.6475133527925e-06,2.9364737283005452e-05,3.4682608749964644e-06,3.2403791165092656e-05,1.0420497497573425e-05,5.0458707213857865e-06,9.745448234406695e-06,5.134522850326153e-06,8.842471195556327e-06,4.962607206148465e-06,3.984589925064484e-06,4.555835897363199e-06,3.418564603701812e-06,3.679772015850372e-06,3.1998310638667514e-06,4.450914388621708e-06,4.229615390085155e-06,7.94887016048047e-06,4.652708998447451e-06,3.923734483633294e-06,2.4473003461953017e-06,4.319003794168551e-06,2.420566655923874e-06,3.5216592297446613e-06,2.518762751405757e-06,4.811804251697142e-06,0.0006266464892467902,0.0005000966680928326,0.000817418940536675,0.000966699342416289,0.0009204179796590808,0.0010481045636166792,0.0009362484842543243,0.0009412450176385477,0.0009827098110633673,0.0007751040484334334,0.0004782868638576092,0.000457032869126139,0.0004065739226228597,0.0005382996752013595,0.0005244165355284747,0.0005143337996510464,0.0004641805315785545,0.000508393715865872,0.0004084780681943227,0.00023104163051853753,0.0002805679787136185,0.00025167663413554333,0.0003072128051770024,0.00029236541196648875,0.00031398627419485187,0.0003187304216634841,0.0002817560138775319,0.00029494965948928753,0.00029485783217379286,0.0002308379215933399,0.0002350836982228145,0.00032217928629018136,0.00025439308446199263,0.0002762041403649591,0.0003021794028149919,0.0002855808666094564,0.0003556701692970782,0.0001949988454762192,0.00025860939628058715,0.00024316483331016073,0.0001391467755846434,0.00021979506912424241,0.00022718879472945826,0.0002248018827501503,0.0002323919959446103,0.00021232223075490802,0.00019611512142400512,0.0002058442565622741,0.0004018679648255525,0.000544899990712447,0.0005533257761942452,0.0005675003795859373,0.0004894070137124257,0.00048640722400320033,0.00045464464565673254,0.00042280179491279606,0.0004366277375113664,0.0005171134453933658,0.00047706940069657287,0.0004959144550167995,0.0005518764047700332,0.0005899436565473443,0.0005635811455841157,0.0005958042134136322,0.0006033918969001201,0.0005313370386923872,0.0004467350626777121
0.3300112783908844,0.0011967003308511082,0.0012424297357439052,0.000630814772917461,0.000680933997468027,0.0005814390942269616,0.0006845049503185975,0.0006526165333467467,0.0006334011786467727,0.0006380011496372409,0.0006089145540946737,0.00016582336311700974,0.0002036198681173505,0.0002473339038748907,0.00020189361122216305,0.00024996391089782865,0.00023783634567598301,0.00022006751853748108,0.0001840622858283171,0.0002021867545686405,5.396404644488532e-05,0.00014451470915960896,5.774083651598873e-05,6.831569869901789e-05,7.08856256702847e-05,7.712043349263414e-05,8.185500248182751e-05,7.193314042229119e-05,7.171412387669801e-05,7.292526427494364e-05,2.7424203613458078e-05,3.121810747991727e-05,3.434071938729901e-05,3.626155079419089e-05,5.3140911542717e-05,6.458157117073337e-05,5.346395916430056e-05,7.498876049509654e-05,6.53395043072668e-05,2.639450902077273e-05,9.032331705657495e-05,4.754077519451862e-05,5.1825316710273756e-05,4.0121395002287814e-05,6.581777943673931e-05,6.908173316298445e-05,8.958836260708349e-05,7.293803634781538e-05,8.157764763544838e-05,1.9630434413576363e-05,2.535216199992639e-05,2.444804833632397e-05,6.501917860285264e-05,4.323851705813434e-05,8.614339103520497e-05,9.245637057000571e-05,6.206448804699765e-05,5.551092600749246e-05,1.7843071283237117e-05,6.708225606651793e-05,1.319914466673011e-05,6.031032172216974e-06,4.488802647310029e-06,6.337902448392279e-06,1.3343187695024498e-05,4.337060942051343e-05,3.6438146387246454e-05,2.280249179853216e-05,3.088126160198139e-05,1.0963735103259341e-05,2.7070766235345997e-06,4.170101349930172e-06,5.214875777888686e-06,2.0212694601842832e-05,1.2123920659887691e-05,3.963221379725918e-05,0.00010235295308267809,3.305481024827877e-05,0.0001448836658372202,2.216005032076234e-05,3.2555970033717514e-06,2.9853610172817945e-06,3.932440937199615e-06,4.8839799234524065e-06,9.632480618867787e-06,9.698823610974366e-06,6.884843057875669e-05,6.711239963104552e-06,4.593836898182796e-06,2.7791809686353836e-06,7.397011233041646e-06,3.2576677772115216e-06,9.764669617359401e-06,6.041680551473034e-06,5.844301291645644e-06,5.1548670528719797e-05,5.5626939961435644e-05,8.106002780302025e-06,3.423191632803786e-06,4.506657779700453e-05,2.3214953133657146e-05,3.2199562245575274e-05,3.619758689114022e-06,5.211438293314668e-06,4.285857607573302e-06,6.796288945563719e-05,0.0010335325189027799,0.0011882425358074667,0.0011068386491057732,0.0010858628973525735,0.0010525773982968248,0.001072626538579083,0.0011900386053913723,0.001256977722667506,0.0009911770396322788,4.195360189055719e-06,3.4059996082140528e-06,2.703777190549899e-06,1.0633731982433984e-05,2.979406392062546e-06,2.115713773640468e-05,4.923011709472245e-06,3.5791393098170263e-06,3.678444419733098e-06,3.517075916979304e-06,5.748063227872254e-06,3.2679894343728625e-06,3.2046743737919903e-06,2.526726027249583e-06,3.59275119652378e-06,4.83877262967041e-06,3.2932804855359175e-06,3.838970807792052e-06,2.0860883627447924e-06,6.867275072791027e-06,3.6012735813043435e-06,3.3857382366218165e-06,2.6312494872418736e-06,4.056517103958977e-06,3.598420515125105e-06,3.1514969015867024e-06,1.575619602643321e-06,2.1503559792919586e-06,0.0004630182016205721,0.00038040727465283577,0.0006534527578404422,0.0007929828152559484,0.0007395816442553294,0.0008794605304267243,0.0007773078671915485,0.0007783261909349937,0.0008011546594409158,0.0005893060928923971,0.0003849575562745887,0.00030843055824637637,0.0003215799445185966,0.0004728265369556328,0.00038672415644589456,0.0004113990465520662,0.0004057137323732586,0.0003628044913642459,0.000343688635046413,0.00026497753202704005,0.0003274512556036923,0.000250103508664947,0.0003399961323731677,0.0002880600660762234,0.00030854931482522733,0.00035014200384411086,0.000246177017751247,0.0003010850908750664,0.00033914277107551823,0.00023212501337430862,0.0002347796948179774,0.00033396815574279434,0.00025918492875473423,0.00029617448540175423,0.0002989516692240641,0.000259636900454722,0.0003980449297728874,0.0002424297454107996,0.00021343811555652424,0.0002262070086399859,0.00018797806163782619,0.00013926322670195277,0.00014518214717848462,0.00022896283588142832,0.0002277371862611454,0.00019228381708113985,0.0001936142432559955,0.00017023328998876298,0.00023469352761764474,0.0003521291069164548,0.00038033549012725024,0.0003820629250626665,0.00030733916379670516,0.0003132621383882433,0.00026192578430131507,0.00025470807217161984,0.0002544618111448748,0.0003651555743544062,0.0003207966950214421,0.0003418844848428127,0.0003836444325655943,0.00041424524236387614,0.000372230575653644,0.00040119849744831384,0.00039454294059376065,0.0003438304715501381,0.0002845712792307552
0.3400135338306427,0.0009957083161519023,0.0010439268832344954,0.0006913493272344402,0.0007164449709745353,0.0006338738396782797,0.0007838736928139048,0.0007220333545307631,0.0007178655218286174,0.0006539342357667868,0.0006278323892127888,0.00012978902683195772,9.420963725864325e-05,0.00010321716523524797,8.703349476335144e-05,9.099318938514224e-05,8.887869230617563e-05,7.700132948395004e-05,8.822816790785123e-05,0.00010872814326534516,4.580521592307095e-05,0.00011221934601362646,5.4951987334381444e-05,6.187649169352424e-05,5.506315107581993e-05,5.9273011283473674e-05,5.262011652373455e-05,6.97010279909453e-05,7.079637301693081e-05,9.829053657413558e-05,3.530040341732156e-05,6.63895454033578e-05,2.220221127614005e-05,4.7930757129182995e-05,1.3769983386840339e-05,5.9259841161852746e-05,6.047419125955001e-05,4.387143297624122e-05,8.648239742051368e-05,2.0422560627924034e-05,9.201261293958234e-05,5.167879105423147e-05,5.492090041732685e-05,2.605530015979969e-05,5.820775920309965e-05,5.5032623267702075e-05,7.917128878892515e-05,7.410342184764136e-05,7.278534668831003e-05,1.0466187971918032e-05,2.004070533015084e-05,2.628622825669117e-05,5.430352450645753e-05,5.0995348254434204e-05,8.375831054031528e-05,7.6447185802708e-05,5.021104496348122e-05,4.2027231705719935e-05,4.435887473124445e-06,3.975073108668867e-05,6.2595167559775275e-06,7.94643354992901e-06,4.874376134555518e-06,5.111576375321682e-06,1.300914886607141e-05,3.174999724496125e-05,9.225518338717297e-06,9.17776169225256e-06,1.341137137498865e-05,4.513021497796048e-06,3.5409450367723837e-06,4.805175474550057e-06,3.7241118854794874e-06,1.3905439606279145e-05,7.930378150091327e-06,2.3669810111861694e-05,7.118642627824966e-05,1.3765174589812428e-05,0.00011617363361483563,8.940082872643429e-06,3.0110386128949402e-06,3.126371512330829e-06,3.633388982699351e-06,3.452725469478547e-06,4.648523734431294e-06,4.112639676736381e-06,5.1043659408116034e-05,3.009211730196299e-06,2.3067132093535094e-06,1.6194785925696453e-06,2.6585514898893274e-06,2.6636133814976534e-06,4.484292962058975e-06,2.8349262004019857e-06,5.039274156276208e-06,3.252389144607966e-05,4.709918957576718e-05,5.172682610473466e-06,3.1567520654200738e-06,3.957849102127608e-05,1.456688618617841e-05,2.5616710260536447e-05,3.153268563649617e-06,3.194127232368096e-06,3.6126582357034337e-06,4.7555367247509524e-05,0.0008265611769532763,0.0009809689529117498,0.000888304161255631,0.0008903903600596473,0.0008466199808467869,0.0008734978890118555,0.0009594884017170498,0.001079010669903018,0.0008120739695427326,3.860396414454203e-06,2.6376918947433796e-06,2.791058007036374e-06,2.995627453807409e-06,3.295687184909695e-06,1.817375085685013e-05,3.0953789305289412e-06,3.363373879152303e-06,3.104260249441732e-06,4.6427715848763785e-06,3.140489588198415e-06,3.563705142131276e-06,2.0823655715528507e-06,3.014627954217208e-06,3.2386718785213664e-06,3.465417012256514e-06,2.7980158071380003e-06,3.428676882619354e-06,3.0817302300650367e-06,7.125408536217441e-06,2.3624860514379755e-06,3.1898154210617316e-06,2.689323189148306e-06,4.515506426403772e-06,3.7317001211723324e-06,2.642845820744585e-06,3.8242867204082615e-06,2.59189558084696e-06,0.00032354903876111407,0.0003325993926415851,0.0005580414666285993,0.0006120878355370548,0.0005299479774058285,0.0006761806235515088,0.000586239147987548,0.0005862811800947757,0.0006189962683903411,0.0004752920555098984,0.00027299389791039796,0.0002346414407529951,0.00027764654938734984,0.0003572806607311832,0.0003080067904860862,0.0003214273514952038,0.0003429226143876054,0.00032344451069940214,0.000294252443742596,0.00031704776146020326,0.00034535001689806034,0.000251825752860605,0.00034509306147486273,0.00025190564791706296,0.0002931718403254898,0.00034180360501835096,0.00019081839025709014,0.0002764630285104071,0.00031638223315497984,0.00023567614661837265,0.00022461991695027026,0.00030823993661184605,0.00023986474688127146,0.00028381569297124016,0.00027353901761941824,0.00022405464170920954,0.0003978127546099724,0.00025036541093676184,0.00020098981047549642,0.0002226140457643585,0.00019244759228326743,0.00016439835779831236,0.0001855120875133158,0.000210354204111348,0.00021282008159974583,0.0001984710270163523,0.00020070969459733097,0.0001923100790951478,0.00011692275675911076,0.0001682947580672607,0.00017850097648961438,0.00017589713024285215,0.0001227367672312002,0.00011161041425830376,0.0001046579590540437,0.0001323260515077704,0.0001374758405630153,0.00016964878416131027,0.0001410429854905804,0.0001428609063402152,0.00017898531208385796,0.0001921325608573036,0.00014021110962194846,0.000173243629140272,0.00014250210105613847,0.00010540251959329186,0.00010484259385131723
0.35000133514404297,0.0007631486519503458,0.0008379978675980999,0.0007171064773767899,0.0007384062178032404,0.0007106151075782724,0.0008200748874532458,0.0007527636935335824,0.0007687814881183339,0.0006629515446984948,0.0005932579852985316,0.00016458252322018216,0.00016491219961891284,0.0001588162831997164,9.780991226678484e-05,0.00010208174383288343,0.0001296610944241367,0.00013363643259185708,0.0001745502805305873,0.0001216285926108474,4.417291463871348e-05,0.00013811338120936432,7.023023725429668e-05,9.747864827477706e-05,5.320834284151938e-05,9.358095032088913e-05,3.840916644943488e-05,6.110970024667625e-05,8.2372785675303e-05,0.00011785722336548455,5.247517155838995e-05,7.762500975073154e-05,2.242052605948751e-05,4.330535243424282e-05,2.0614790563469865e-05,2.3101009953553726e-05,4.7313441040669046e-05,3.158292260984898e-05,9.091189540591253e-05,2.886285763261938e-05,8.20732045230437e-05,3.558545694066498e-05,2.1815765763022034e-05,1.6075610590357878e-05,3.8688994720122616e-05,3.5679863520020085e-05,4.6660213132053846e-05,5.032629733282334e-05,5.849029328493803e-05,9.568019730095576e-06,7.008580077897274e-06,8.844420023825532e-06,3.506001418484216e-05,2.6092799573178097e-05,4.090011410645289e-05,4.063672317833328e-05,3.33571156185673e-05,3.1476270854521376e-05,7.068977648223892e-06,2.2998315677119897e-05,5.937824340829114e-06,4.687288620711785e-06,3.7120829903302466e-06,4.220094432141858e-06,5.132610835814099e-06,9.237613958801376e-06,4.641920266742251e-06,7.497213678288284e-06,6.297361298329231e-06,3.6470008694061045e-06,4.171145940289344e-06,3.6234170562309486e-06,3.529891706187657e-06,5.950773579907141e-06,3.4995663737341398e-06,1.5841465891435287e-05,4.298674777297548e-05,9.009085658704201e-06,8.543909554284122e-05,4.095590305455611e-06,3.3207757604084166e-06,3.531681775129147e-06,3.50417729681736e-06,3.444285915651574e-06,3.4444101620819604e-06,3.868992426749069e-06,3.537276085700276e-05,5.330130448090629e-06,2.828529810096919e-06,2.7652561649928427e-06,2.7281571012234555e-06,2.692581206656211e-06,2.7653850131428724e-06,2.5125619341855575e-06,3.400790461577121e-06,1.691976154614003e-05,4.0403924482406534e-05,4.497900247046085e-06,3.374749330112105e-06,3.517600743104695e-05,7.828657137362192e-06,1.9154542974879404e-05,2.756117149779992e-06,2.8118255677894428e-06,2.849490643075033e-06,3.0375208191878267e-05,0.0006103381696940386,0.000734509481608758,0.0006453744482089574,0.0006553227402452686,0.0006061135333646082,0.0006496765774971916,0.0006944099677833772,0.0008664722963764346,0.0006481865222696076,3.884900571558145e-06,2.7149271572471487e-06,2.613956224819974e-06,3.005019563600676e-06,3.3271399386759756e-06,1.4830461183083772e-05,3.1831567327369606e-06,3.2561492097290236e-06,2.5687305241594017e-06,5.203942092014702e-06,2.9101136976642046e-06,3.095273090977131e-06,2.382047961644334e-06,2.4616991269611678e-06,2.9003396451404916e-06,2.7813069631108803e-06,2.7994975608633465e-06,3.008438641296118e-06,2.84150665949281e-06,7.478010702214151e-06,1.8942012553124364e-06,3.4655412586869e-06,2.0737235420615448e-06,4.267432322118995e-06,3.615815015379171e-06,2.8136524504880845e-06,3.4953834105778046e-06,2.4072239698162908e-06,0.00035976983212441865,0.00039635464452015656,0.00041217695805443374,0.0003758062452668495,0.0003412389280008439,0.00043315944672519223,0.0004444274383278692,0.0003935216142282479,0.00042466789346624293,0.0004730236102011039,0.00027663576786240106,0.0003113828421028576,0.00035628369817032515,0.00024269344235327553,0.0003835089717444358,0.00034452521847424075,0.00035863502044990696,0.0004214264053352995,0.0002723724862914009,0.00030511688293937854,0.00034324667668837044,0.00020748570376442386,0.00031139339844772076,0.0002027010680655045,0.00024037984957305436,0.00029670122124079697,0.00020627134676414713,0.00024577774494462153,0.000277438915195296,0.00021700659728364594,0.00017537059457861388,0.0002479256113935861,0.00019054279326761504,0.00023672747849682376,0.00024342865449906705,0.00020060151737194136,0.0003343832630667145,0.00023300541437658586,0.00023479332971328238,0.00015812937530502725,0.0002240499203448549,0.00018768358839437165,0.00020656489506195322,0.0002042347683030514,0.00022626869929353249,0.00017724871512463057,0.0002063356557961711,0.0001977313972197026,0.000124270766580524,0.00015933719786340959,0.0001537733966935197,0.00017351298389705017,0.00017120263532917793,0.0001715566042059089,0.00022744970302982997,0.00013303255812642306,0.00017404835946472442,0.00010869091765428557,0.00016178044179373876,0.0001946649746100331,0.00014514609960765385,0.0001266075842397881,0.00012550595096390917,0.00016729338245726413,0.00012661390700257887,0.0001495732921315111,0.00017465016085545883
0.36000359058380127,0.0007290290359884984,0.0008485152266924584,0.0007050013593433674,0.0007227226000990313,0.0007495369124986209,0.000810210217866304,0.0007454392468176059,0.0007821754741965078,0.0006340605866648698,0.0005272007323715221,0.00019016602056918855,0.00019508962129877522,0.00026418056250276717,0.00015239159922141902,9.915620517097276e-05,0.00019997259344562562,0.00018677880057884139,0.00022414845466673058,0.00014984812753638516,2.5512177597104868e-05,0.00014067093645736843,5.68238909571592e-05,0.0001054826217271338,7.04630566579618e-05,0.00010019540921730231,3.79251437721271e-05,4.317244096576711e-05,7.932714903326516e-05,0.00013014430489792736,3.43236032910834e-05,7.657195452827377e-05,6.254084425937865e-06,1.2101201970005597e-05,9.754467604908802e-06,1.1773400772029862e-05,2.2937899699914705e-05,3.402582371206468e-05,8.007178320002762e-05,1.0452467944799647e-05,3.6291643739802385e-05,1.1949089826315572e-05,2.766457213819909e-06,3.2923440355883774e-06,7.432741285216962e-06,2.604524310151787e-05,1.8799518003490163e-05,2.3385437643025573e-05,3.335418432315411e-05,5.929299655188728e-06,2.8901606412881116e-06,3.6872935266083804e-06,1.3954859774395163e-05,9.243607698637598e-06,8.179952414980025e-06,2.33222905452117e-05,2.500458261092103e-05,1.4416865524066555e-05,5.878786578657277e-06,1.0490277974254022e-05,3.608443060509591e-06,2.9230767419011637e-06,2.6406162875770993e-06,2.6248991141332464e-06,3.246533916533026e-06,4.798116436616264e-06,2.438649113264708e-06,5.488404294383877e-06,4.170416567725781e-06,3.061906021838974e-06,2.69412508359675e-06,2.8472910210852333e-06,2.60916583467064e-06,3.081000857501473e-06,2.4111285289341675e-06,9.252498220989676e-06,2.6463019422831603e-05,5.740242605337391e-06,7.281806951669804e-05,3.233628393791616e-06,2.631433556027631e-06,2.5484967628850293e-06,2.7109604749140785e-06,2.840540298367584e-06,2.6634707281886915e-06,2.3242572654960032e-06,2.3173210934767032e-05,3.4901259458846114e-06,2.241212331941769e-06,1.2516999551872438e-06,1.955075103622202e-06,2.2009656919359324e-06,1.947914827856243e-06,1.5933247189733526e-06,1.8680036653795267e-06,5.1998787735691095e-06,3.417434421357262e-05,3.753537581742616e-06,2.8728420694081706e-06,2.9915611442440476e-05,3.4063861526641436e-06,1.3760220838615734e-05,2.429263906050907e-06,1.848450958612456e-06,1.7268643221804624e-06,1.0362669987667942e-05,0.00043088871896345435,0.00044995810711632273,0.0004049815159469553,0.0004991746767484134,0.000376860802950771,0.0004868286863019489,0.0005948749191401381,0.0006079075229712347,0.0005743134233927245,3.3426408312965636e-06,2.166880754533322e-06,2.1858513437654348e-06,2.2024681533996764e-06,2.8444034420086654e-06,1.1284249478178908e-05,1.5384216019015898e-06,1.932020488206099e-06,1.8668670406274754e-06,4.581235088937887e-06,2.4276832153532164e-06,2.955539573129288e-06,2.2771793726787484e-06,2.194132138264692e-06,2.9137697639213093e-06,2.5395579224766896e-06,1.8339118253974505e-06,1.9198466388880745e-06,1.4926851103605412e-06,6.995288010705773e-06,1.7506391067208411e-06,3.1035124699995927e-06,1.6851750430662526e-06,4.203597267218359e-06,2.559409741020616e-06,2.003278116892399e-06,1.993655921116935e-06,2.0424226450435134e-06,0.00043666285553482906,0.0003869352833431582,0.00032016126656440966,0.0002493023676818169,0.00030472955619694874,0.0003308287153466747,0.00036903023149803695,0.0003701741177636865,0.00038997948654952695,0.0005282305696175163,0.0003288337226260012,0.00035129377745723013,0.0003841530652395578,0.00032576805699921317,0.0004105538118913079,0.000387444261146095,0.0003479352583923022,0.00048314731058680255,0.00032025705596051775,0.0002507270600835785,0.00030577467115216084,0.00019248574974255493,0.00025218697404749474,0.00020540933423356702,0.00022878110476925014,0.00021384039788779685,0.000188252305721726,0.0002319287546332145,0.0002006507603738511,0.00017113672950043752,0.00014437022436622872,0.0002217130842787122,0.00018561269951161078,0.00016609381308306314,0.00017924115849262133,0.00016008506933994158,0.0002497037894915161,0.00018600247436889117,0.00022131122990736644,0.00011302689949308041,0.00022577930180768058,0.00017037657603417592,0.00026450791733393747,0.0001744187863917619,0.0002276526664764453,0.00017520071519537862,0.00018277714287561758,0.00020952490060399697,0.00014029419136925983,0.00019805927434605244,0.0002101515374756497,0.0002014562660880635,0.000309392593755137,0.00018023503790131793,0.00027230430261143674,0.00014307432489386152,0.00019558193397402156,0.00013781388288805862,0.00018734520324121485,0.00030637926348585934,0.00022270842243253593,0.00022168286938753013,0.00021753218959535715,0.00029455739510167976,0.00020153658910444835,0.00019659813862557072,0.0002352991346305247
0.37000584602355957,0.0007111304633646359,0.0008275830532242867,0.0006523144120452439,0.0006662182870668441,0.0007478095926061958,0.0007597185485346367,0.000695072118426382,0.000754772086461859,0.0005879635227794011,0.000531514264721034,0.00018064890506179417,0.0001681091085908057,0.00033453637608442713,0.00017355177869450832,6.04794487242432e-05,0.0002273391582196836,0.00019588594428143817,0.0002307145149767887,0.0001258915106459957,1.209906447123099e-05,0.00011324685018776129,5.9163738848808845e-05,9.779479331689471e-05,7.545950260951194e-05,9.21404280035524e-05,4.8473670313634014e-05,2.1025312273764934e-05,4.0729712428038054e-05,0.00011744758978708075,2.012254231229854e-05,7.119450229622477e-05,2.7302876974185966e-06,5.421258302199431e-06,9.982422990910304e-06,8.242772790699175e-06,1.775046167540297e-05,3.148795692155714e-05,6.511919467845368e-05,7.247768261549615e-06,1.8919517046644997e-05,4.437850106552583e-06,2.3078107194885874e-06,2.932770264331108e-06,2.235393457452016e-06,1.3775068287046883e-05,7.254286597425247e-06,6.7440824362033e-06,7.297416214788007e-06,4.479942036135637e-06,2.3188272363161625e-06,2.141624216267596e-06,9.071609223506319e-06,3.074781633402698e-06,1.8069641551625794e-06,9.192254808271128e-06,1.3226853921566053e-05,9.562288288279056e-06,5.489083048031357e-06,1.0005134778212935e-05,2.425140765249943e-06,2.0619592457918307e-06,2.1445739185593575e-06,2.185009229070595e-06,2.2265075368195815e-06,1.7477630319433832e-06,2.5484001267725066e-06,5.266969545117828e-06,3.4152329586796044e-06,2.5068304923690395e-06,2.1396362733814172e-06,2.663693911591422e-06,2.626074853502271e-06,2.309623797028297e-06,2.3041684583904145e-06,7.629407278499543e-06,2.6583214039071307e-05,5.574247073481623e-06,6.648016016572629e-05,2.9587975906371923e-06,1.9547184703497975e-06,2.279659699566828e-06,2.7407382027299685e-06,2.602088389858271e-06,2.3043019082600885e-06,2.3518008584247633e-06,1.7963854919591246e-05,2.9269076735047377e-06,1.7917416665804495e-06,2.130375312598002e-06,1.6654106571955608e-06,1.8257690824875111e-06,1.4399747126991123e-06,1.4961709129908205e-06,1.2160665391244496e-06,3.07189405432613e-06,3.200185856451298e-05,3.193002111915155e-06,2.28746651694276e-06,2.6050461451594092e-05,1.8372020549428622e-06,1.1089635851857522e-05,2.067488211944016e-06,1.8711581441954429e-06,1.7951377356776718e-06,2.2782607767950724e-06,0.0004564030087498757,0.0003538890553020154,0.0005256529899864816,0.000480041407523448,0.0004669832089276918,0.0004320889026672277,0.0006004856670538354,0.0004623989113943309,0.0004835671254699186,3.0419874783602104e-06,2.0662641545187295e-06,1.5277387097481998e-06,2.097825048696643e-06,2.4798598135359486e-06,6.9604621964404895e-06,1.4497533669424695e-06,1.4406534663465923e-06,1.6283230977252842e-06,4.614220215345596e-06,2.8053555499700732e-06,2.868286366960677e-06,1.7455887194116249e-06,1.8601577333866213e-06,2.2687053059544457e-06,2.2630221821941886e-06,1.739019764619911e-06,1.8247336955676262e-06,1.8538027585583501e-06,7.199767723943752e-06,1.959619301770586e-06,2.7367876264156518e-06,2.730635127251714e-06,3.7591447771287476e-06,1.9059931619000146e-06,1.8253158131025835e-06,2.223691284397495e-06,2.3926917391807507e-06,0.0005097056753397966,0.00037545639492919983,0.0003978862900898824,0.0003210308995427201,0.0003834778641196429,0.0004480954506491695,0.00045965368191322844,0.00047044651835235145,0.00042931001620864957,0.0006434045624706612,0.00029797984125590123,0.0003498829638419146,0.0003715766482836429,0.00039102490521823567,0.0003920753765751133,0.0003907248823008905,0.00031107210638218135,0.0005039227955010983,0.0003062271398378702,0.00020777004402122246,0.00020905863136107548,0.00015182470187418383,0.00016598856485222695,0.00019645890669516404,0.0002304607462444446,0.00016574792712688676,0.00016933396671530988,0.00022364672687309278,0.00012840549681241106,0.00011153930618550588,0.00016123707764076264,0.00017281696919918568,0.0001800018595635206,0.0001466644669153472,0.00016485032489658053,0.00013356436966223309,0.0001659257973962837,0.00011799193180548123,0.0002023276546224181,9.482484345870045e-05,0.00017710279919644112,0.00015236638409863007,0.0002818908396613795,0.00015167699817791267,0.0001865189299662494,0.00013427507765092066,0.00016091193163502145,0.0002217184820958545,0.00010870415219998151,0.00018664927022387406,0.00025288462925841234,0.00021085162239453925,0.0003724889323004731,0.00019304375656743804,0.00028911178449912467,0.0001296667890521961,0.00019513556371727035,0.00010218500872255311,0.00018732680096435875,0.00037506499796574497,0.00027319156477770306,0.00028552873602847006,0.00029744170005472097,0.00034548316305423786,0.00023858364193755948,0.00020440637333115312,0.0002592762038638716
0.38000810146331787,0.0006654733975046415,0.0007875883297586374,0.0005507726270928002,0.0005779423763176871,0.0007022625814732057,0.000732128735933773,0.0006441234062996791,0.0006838771653178935,0.0005432295158627833,0.00048474971219777355,0.00012166072641912098,0.00012720289490496475,0.00034236225378312437,0.00014373782153986214,4.036084778481968e-05,0.00020395638037061222,0.0001941608700281992,0.0001963186163692393,7.631777624288131e-05,7.341042817872312e-06,5.987445374007588e-05,2.649110831953817e-05,7.349280356206916e-05,6.184874332407132e-05,5.865072073602463e-05,3.3124595326679016e-05,8.507622463945908e-06,2.5500160206254736e-05,7.559085639588818e-05,1.0680545276371713e-05,6.169386094515564e-05,2.2953998816089e-06,3.4358256540862037e-06,3.240496460360186e-06,3.1126767946704848e-06,3.6941823009153477e-06,1.338587554730144e-05,4.322392960686307e-05,7.237228022705187e-06,1.8258562850747635e-05,2.605864100826118e-06,1.0069160804478796e-06,1.530545758730999e-06,2.0117889973738526e-06,4.222089277607503e-06,1.584740210977596e-06,1.669112740649105e-06,5.078443993885366e-06,4.272360763857647e-06,1.6787142286861709e-06,1.3627348484756995e-06,2.007516300684461e-06,2.167193671469109e-06,1.7890266519905292e-06,2.0506275111686462e-06,4.039246850135296e-06,7.302356160825769e-06,6.126011665667747e-06,7.939970434689106e-06,2.550250018069368e-06,1.221733556865953e-06,1.3812889820800368e-06,1.8634663698106092e-06,2.068258999984375e-06,1.615781110835745e-06,1.2897607783622124e-06,3.747336764522416e-06,3.7038574164667168e-06,2.3395280721343945e-06,1.8709809779891514e-06,2.3177941502561e-06,2.5773909605292837e-06,2.3920083838136266e-06,2.484171624842314e-06,2.865134189004583e-06,1.911971255889448e-05,5.5938688060433525e-06,5.859476612601424e-05,2.819103187406323e-06,1.7543227832958098e-06,1.9215653811750835e-06,2.764685551756995e-06,2.751331361350302e-06,2.3446589895373797e-06,1.9656981734202212e-06,1.0462656152091315e-05,3.1371763500547837e-06,1.3358446997363779e-06,1.0363233698324323e-06,1.623999782119809e-06,2.2580569266983853e-06,1.7938216438595073e-06,1.2987709454250328e-06,1.240715650397176e-06,1.7253618607167182e-06,3.0462090959615542e-05,4.757545375375529e-06,2.3766593479412887e-06,2.1990819779996884e-05,1.3354650578657532e-06,7.4347982538978006e-06,2.0272093599006717e-06,1.797201606937976e-06,1.6201389393385496e-06,1.3567940284153822e-06,0.0006115739523009775,0.0005624002246787718,0.0006764332579599606,0.0005146606229835978,0.000559230661425863,0.0005470911041226252,0.0006746069642814337,0.0004456074112789664,0.00044891183252776024,3.2829588283745765e-06,1.7676033461881996e-06,1.1354260040841701e-06,1.759223614716598e-06,2.4394544142023965e-06,2.4718022024394224e-06,1.7490607168829723e-06,1.3317284615148799e-06,9.25320688581484e-07,4.379293224083537e-06,2.396313292540526e-06,2.556190838129685e-06,1.6228102375918525e-06,2.373023989422582e-06,2.387268612580376e-06,2.4737211195309425e-06,1.9677183283439075e-06,1.565212813668567e-06,1.5101417338298005e-06,6.795104002755406e-06,1.6681187692060155e-06,2.12151470142361e-06,2.4885041438870767e-06,3.840793088771049e-06,1.9141174979313782e-06,1.7594329929603967e-06,1.9997808099630096e-06,2.22345199497601e-06,0.0005774481424244895,0.0003330813905622495,0.00043894204125727255,0.0003526321830139483,0.00042709823647555035,0.0005135010356505231,0.00046850752855974464,0.0005332784351843678,0.00042739397979362664,0.0006668852050914,0.00031323556805901924,0.0002999162586872271,0.0003348723108218735,0.00037220797660847264,0.0003285763944635125,0.00037748941165929113,0.00025905239002554963,0.0004837944412168896,0.00025223464326128625,0.0001732963786525504,0.00012823472239470508,0.00016715607864738825,0.00016930646683871773,0.0002077560870055424,0.00022769410956355855,0.00015602291512941877,0.00016137149847328158,0.00020783436685840536,0.00013777189679802735,0.00011692977208070792,0.0001675229300382624,0.00012524208605866623,0.00014423231773107954,0.00018361522186232954,0.00018946523158719348,0.00013163985227790642,0.0002043318415789402,9.643950865252253e-05,0.00015556088637114917,9.736233290819719e-05,8.0191232337685e-05,0.00010908041410752752,0.0002584000801600034,9.982242603500261e-05,0.00012216778760582614,0.00011385025067607198,0.00014985243934769154,0.0001837251270334454,9.90759948967192e-05,0.00017332466312234185,0.00027778603671319675,0.00021465682923487385,0.00040364844378330437,0.0001601313603386997,0.0002528954340961363,8.531378841607711e-05,0.00016326923615014036,5.6697044555174196e-05,0.0001397276874690542,0.0003721302374576678,0.00028204519744425574,0.00031214717162969606,0.0003258453958004089,0.00033998616734927877,0.0002119178017214215,0.00017927216948130178,0.00022926920687102226
0.39001035690307617,0.000732399086962854,0.0008555276031890619,0.00046446535041419615,0.0005423122550861581,0.000706714469125532,0.0006865928057416856,0.0005527552135773135,0.0006426467144659411,0.0005040976608475679,0.0004480799888711658,5.8292826592437405e-05,9.773819676699398e-05,0.00030929070017792116,0.00010287866733995992,2.137134318411011e-05,0.00014841495876703943,0.00016049484557165432,0.00012648542699012026,5.746818002536606e-05,1.4134902055464034e-05,4.035787507392971e-05,9.134698799824637e-06,4.55390455562864e-05,4.6983800305265655e-05,3.628758732393626e-05,4.064526396999242e-06,2.822987038785802e-06,1.0159405128415961e-05,4.230579680436541e-05,6.471881515825385e-06,4.3183512703230406e-05,2.6610617279550928e-06,3.1213142224421468e-06,2.3667334386693255e-06,2.4635835311553582e-06,2.4238936992264376e-06,9.367815014406809e-06,1.8428647010507037e-05,7.497169961951666e-06,1.0172745513663723e-05,3.3953190169204845e-06,2.3633557764506785e-06,2.1257206731781642e-06,2.283642487918652e-06,2.400137321564634e-06,2.1877242436605156e-06,2.576070266991475e-06,4.191630495284311e-06,4.960909171599854e-06,2.7420680997070645e-06,1.8377795707581758e-06,2.0114645761389553e-06,2.062780652748273e-06,3.2071869127175783e-06,1.5958602664971598e-06,2.5132452895526816e-06,6.172171515416038e-06,6.017095864275323e-06,7.502731140141359e-06,3.078578052108943e-06,1.9057078552820908e-06,1.837832490534081e-06,2.2260381614159006e-06,2.1910673929818327e-06,1.848950245193823e-06,1.6455519360721686e-06,3.6073869658513084e-06,4.053572003386859e-06,2.5111054899182526e-06,2.0945693320485608e-06,2.2372686582069185e-06,2.5427216047318935e-06,2.3719863016428752e-06,2.0739329203053437e-06,2.007438071450514e-06,1.5941247279334506e-05,6.154749404844108e-06,5.085750719378993e-05,3.3017683574191515e-06,2.1280307364394186e-06,2.0253502651645226e-06,2.865571352370757e-06,2.8792223536944836e-06,2.2832743503471375e-06,2.245466621752585e-06,5.1511557659791475e-06,3.7003900207150135e-06,1.994219631773317e-06,1.3981772931732702e-06,1.7041387297188998e-06,2.251573103720084e-06,1.8094076682935078e-06,1.448918154827096e-06,1.1654476230411882e-06,2.3236199273253183e-06,2.9933477618958048e-05,2.962745866091687e-06,2.978773655611505e-06,1.9822749480935607e-05,1.8177735946061778e-06,4.191701821938792e-06,2.485899570568611e-06,1.9604015941100545e-06,1.7606133340490657e-06,1.5820044886492779e-06,0.0007001609208911858,0.0007238338233586482,0.0007983104377668331,0.0004984755190760321,0.0006060338683941324,0.0005780232469387096,0.0008188077027114568,0.0004934082526591619,0.0005287930286061549,3.748017819029718e-06,2.5240823393141434e-06,1.8322874183631418e-06,2.1055283273805867e-06,2.6807156725543302e-06,2.329618268881185e-06,1.9026891271956706e-06,1.7196396223394878e-06,1.3669316167909663e-06,5.111813363883344e-06,2.5160983557319203e-06,2.8267144316973875e-06,2.0755412213208986e-06,1.8606202062108365e-06,2.669045711537316e-06,2.689438232139405e-06,2.0368959797511504e-06,1.744620057426577e-06,1.5279572914312865e-06,7.196967577540418e-06,2.247657040303097e-06,2.0977514211823403e-06,2.4083997091853153e-06,4.218150205592296e-06,2.206398021975595e-06,2.006975598626299e-06,1.8091062556568301e-06,2.2272806257197626e-06,0.0005816481779607034,0.00031361330481771113,0.00043869280751963755,0.0003400460518278651,0.00042180247627148025,0.0005186525227403166,0.00043002414787675217,0.0005537958832713497,0.0003871275708001996,0.0006126667686820186,0.0003073682374614155,0.00019131149672897506,0.0002641956170285823,0.00035376779998939775,0.00024777565515554927,0.00032830646679263867,0.00022472957132766555,0.00041741779213283383,0.00016554950327670018,0.00016169144223496528,0.0001028679200237315,0.00014011119018245992,0.00015005321927833579,0.00016233880755275412,0.00015442713539301538,0.00014952917314442487,0.0001532691264497786,0.00013367487995948215,0.00011176622158286784,8.462423453259271e-05,0.00012701739728525802,0.000112615399917361,0.00010692032088946898,0.00017358524470061884,0.00016958060738392556,0.0001263556653987408,0.00018563387662541214,7.271287190477791e-05,0.00010652138400837751,6.345389676338941e-05,8.676183224417186e-05,9.486011794063101e-05,0.000229035264647764,8.840589092221958e-05,0.00013838075952755542,6.980477836203739e-05,0.00011661948962941666,0.00010828783922551455,7.511675502613272e-05,0.00016851671396127642,0.0002678461428152356,0.00018505133688267729,0.00040299813106408364,7.602106771410973e-05,0.00019001564787552393,4.927003356134384e-05,9.264431975585278e-05,6.571360800829978e-05,7.55584925016324e-05,0.00031122721424535954,0.00022187799840645163,0.0002709932059599454,0.00029602847974003166,0.00028647253952400145,0.00013541436909950572,0.000147748008530446,0.00013128986388866745
0.4000126123428345,0.0007961499211905673,0.0009046316883861763,0.0004714017801297962,0.0005006936215719222,0.0006851899991185505,0.0006054582300804336,0.0005698234150948678,0.0006011016256350544,0.000559033109601549,0.00044052493157695335,2.83902633260473e-05,2.5932696543326383e-05,0.00025935764739898977,3.873791099993762e-05,1.3402920316862567e-05,9.455665523785203e-05,0.00012083761222469108,3.8570733976563276e-05,2.5881081354940212e-05,6.722238073053551e-06,1.4494508038758812e-05,8.560514629533273e-06,1.2039529723337609e-05,2.0580256958401967e-05,1.768504362894482e-05,2.6626010031759885e-06,3.857218927040066e-06,3.2727154004471817e-06,1.8069549517232918e-05,4.259959129417249e-06,2.9743072265251037e-05,1.8646720203573194e-06,2.34203831020016e-06,2.686212426669008e-06,2.0083146990426836e-06,1.96261962297843e-06,4.493629851216514e-06,9.08376696680559e-06,5.785852549588231e-06,6.933123380035885e-06,2.757417135579403e-06,1.7409939023471582e-06,1.9512142608409425e-06,2.2337736521373517e-06,1.940158629396394e-06,1.4890083363650388e-06,1.4721798476271766e-06,3.914367683298069e-06,3.3044649651304966e-06,1.6774280480456914e-06,1.6270806334214222e-06,1.7972867387513886e-06,1.8459085085091832e-06,1.5850876408107132e-06,1.5216092191824812e-06,1.3892246476059988e-06,4.001949912421221e-06,4.478959568991657e-06,5.29614214680054e-06,2.0737626566785187e-06,1.4780999599490962e-06,1.6216414008022936e-06,1.7871675572543805e-06,1.762529950280764e-06,1.4504896420854991e-06,1.5085334328142462e-06,1.6381569726043686e-06,2.8948612979043895e-06,2.2023692164273315e-06,1.8109216340563618e-06,1.8512119903988158e-06,2.0717171922967903e-06,1.859697561422228e-06,1.6934719435842636e-06,1.6659812704314085e-06,6.072042697683703e-06,4.7296405474547205e-06,3.9101009688442144e-05,2.877687680193232e-06,1.8227020363448298e-06,1.8243241425193163e-06,2.5684452175414784e-06,2.5131394500008715e-06,2.0776096943008462e-06,1.5864773601431808e-06,1.7779940291442002e-06,2.667771035195947e-06,1.486074740092032e-06,1.2046979907441134e-06,1.5297358560736667e-06,1.7701803091888022e-06,1.5478252159939668e-06,1.1363624540317106e-06,8.241242718917566e-07,1.5953448738970393e-06,2.7055051362761962e-05,2.260548757885575e-06,2.1210085122627772e-06,1.4748412521832452e-05,1.7975697445094906e-06,1.8016836818711664e-06,1.8464146976700158e-06,1.5340246587818122e-06,1.2417832493545682e-06,1.3308794442405743e-06,0.0007110579310596082,0.0008347943988748545,0.0008666642525096617,0.00048780382750825536,0.000576435662864992,0.0005724659618038354,0.0008850283719064617,0.0005055241111062334,0.000572437201056061,2.749479169193619e-06,1.85886925188632e-06,1.7616487209689508e-06,2.0458785364961074e-06,2.169004448148997e-06,1.8005125442217853e-06,1.1477379049915125e-06,1.1525996217953275e-06,1.0087958829224262e-06,4.538572546118985e-06,2.3633534755908567e-06,2.7078566150142456e-06,1.8335367852464697e-06,1.7481748858515151e-06,1.8663884617845065e-06,1.9229712065263043e-06,1.6937365424637897e-06,1.4243978917043997e-06,1.411694844627323e-06,6.815282543394052e-06,1.8172697063051673e-06,1.8031148166804295e-06,2.0641657703610963e-06,3.5463198453164974e-06,1.8473143338604045e-06,1.673919236817193e-06,2.00144203075447e-06,2.1622215133938396e-06,0.0004902903759212938,0.00027652863062565104,0.0004060076442069166,0.00031510791114602296,0.00039165817546875506,0.000436017639220114,0.00040916739429268465,0.0005055147788187956,0.00029509694212821123,0.0005125598183214317,0.0002317618318548505,0.00010988922615730408,0.00016285737073770928,0.00029515334540588693,0.00019060555152011898,0.0002820951974290469,0.00017643656912897198,0.0003136987403446204,0.00011449763209987956,0.00011971904922224211,9.389295151446743e-05,0.00010235667587387003,9.27609135264711e-05,9.207960592458862e-05,0.00015420156369778945,0.00012189815444500953,0.00012330357944662199,9.624329477819497e-05,7.259006121092063e-05,4.3949763448020245e-05,7.02023140194973e-05,8.05654844441765e-05,9.11335740463197e-05,0.00010989030295970076,0.0001026570163098706,9.546527513541579e-05,0.00012172661384098282,4.8414746444023367e-05,4.423886993594006e-05,4.330069549396316e-05,7.558449106719071e-05,8.0649456624239e-05,0.00017371081642626247,7.58957893480934e-05,0.00011890390060451583,8.162883256304785e-05,8.119960601283011e-05,3.8492383947475765e-05,5.4900836919679304e-05,0.0001058752864643506,0.00020541077917353524,0.00011114094682022972,0.0003631220353291353,6.160558960851582e-05,9.782400043147475e-05,4.1869933423991206e-05,3.534384710205002e-05,2.8084214456828436e-05,5.0007219844862595e-05,0.00025239285728522414,0.00016710113181397988,0.0002427808359118933,0.00023160798026113506,0.000254275034247107,8.247444686567677e-05,9.586453758817206e-05,3.2154598842934405e-05
0.41000041365623474,0.0008201910992811336,0.0008830963767277136,0.00048408442318197164,0.0005337976656186713,0.0006096023915367309,0.0005271768310396915,0.0005408183344140732,0.0005466319537399929,0.000559792651039098,0.00038595188665181045,2.6771226498563474e-05,4.139564798544997e-05,0.00018512795436431887,1.8744840370680954e-05,1.4758584623105365e-05,2.699176621335878e-05,9.041382367853181e-05,1.4728970256336834e-05,1.5801831280142093e-05,7.686378868551253e-06,5.227930856518524e-06,6.239807590742563e-06,9.01118864458148e-06,7.79198603351969e-06,1.2889448934693429e-05,2.940676018679385e-06,3.0433725959730343e-06,2.925041676189123e-06,1.8385616330116623e-05,5.496215713479453e-06,1.5627787340629086e-05,5.476920703012443e-06,3.672885542403226e-06,2.431739631219343e-06,1.7786589776327484e-06,1.4082044402773998e-06,2.247238283815499e-06,4.511360277004588e-06,6.816791907437261e-06,4.600516294245965e-06,3.1895117075652318e-06,2.0440125391804927e-06,1.832006713464862e-06,1.982243656399982e-06,2.0348137016122706e-06,1.5890957386205784e-06,9.276169466838064e-07,1.3095389693918359e-06,4.116758215817702e-06,2.3570629248376004e-06,2.4504801344692594e-06,1.7949007471160097e-06,2.031898512217839e-06,1.4448916501386545e-06,1.014752809001497e-06,8.946479262948496e-07,1.6931360180502563e-06,5.5706163166825595e-06,2.7853288660796776e-06,2.852946534527627e-06,2.8687948569813316e-06,2.476219853297598e-06,2.2376160880400353e-06,2.437008600211646e-06,1.3221430794965679e-06,8.929452900265944e-07,9.204405648990934e-07,3.5478269084998853e-06,2.6221104720290233e-06,1.8885779539075507e-06,2.3565360279383704e-06,2.261317245066112e-06,1.8643245905242022e-06,1.4286383763562837e-06,1.5013363432911351e-06,2.078803840548447e-06,5.419574072809751e-06,3.0294269695491046e-05,3.292500494056271e-06,1.8974914848578486e-06,1.9412722455502258e-06,2.6379357858845085e-06,2.5246575542696353e-06,1.8530503773965673e-06,1.3210892856981071e-06,1.5278123372625025e-06,3.219158286371269e-06,1.9963019099121968e-06,1.2171640492595276e-06,1.4391233945649848e-06,1.7959407357555382e-06,1.210482352336537e-06,9.219223186244395e-07,9.700010854642501e-07,1.5850600304928494e-06,2.6148681706104104e-05,2.3786610959863993e-06,2.7917896804597593e-06,1.1226362145918055e-05,1.936583093233058e-06,2.326604142514409e-06,2.0840682078211058e-06,1.51059730407455e-06,1.1206107676905285e-06,1.2421214757483975e-06,0.0006711276408724132,0.0008913833099209758,0.0008740988183767174,0.0004322035867241938,0.00048457041999700666,0.0005130330775764923,0.0008931131331488873,0.0004567497115112889,0.000569389730628745,3.4180308042231153e-06,2.4990535861707927e-06,2.05776938005603e-06,2.1644763560193665e-06,2.5624123630882823e-06,1.8360976422283182e-06,1.1129281967449824e-06,1.103922631401806e-06,8.998639755112475e-07,4.582406226587267e-06,2.3424685709868676e-06,2.928729954483735e-06,1.981811094753452e-06,1.8428368606468581e-06,2.512959982934758e-06,2.0855936778830698e-06,1.4642925001574755e-06,1.3608642494404408e-06,1.3625737882881618e-06,7.070243121125974e-06,2.041375753824519e-06,1.7191012211411475e-06,1.9480137648285873e-06,3.71402951773963e-06,1.7582181389743989e-06,1.615507308516931e-06,1.7182959202034592e-06,2.1073782186774475e-06,0.00033620628492257466,0.00030773611733663007,0.0003789443143505152,0.00029771007464521494,0.0003285780602860236,0.00035690368555709237,0.00035151422283677267,0.00044516600972900074,0.00019636938023949135,0.0003576413067031175,0.00013388109912274552,0.0001066154845733763,9.224500438332059e-05,0.0002295905242460197,0.00011380476267739171,0.00019398707458154695,0.00011450733712660863,0.00023244519872627362,6.703557967373962e-05,0.00013261613931240428,6.313855932306927e-05,7.562495398801981e-05,9.023888470454806e-05,7.582528064927914e-05,9.123219810172847e-05,9.751664812516674e-05,7.68482935450415e-05,6.834955585129811e-05,4.847432260739354e-05,5.1220837118706555e-05,6.542240313622233e-05,5.676118677486106e-05,6.782602165869762e-05,6.996320981722846e-05,9.761360980935414e-05,6.519735028488624e-05,0.0001059328344197877,3.0337186483320273e-05,4.0225961028186814e-05,3.9527127777040416e-05,4.455446162127053e-05,5.5786093886610804e-05,6.857199492587644e-05,4.455184784451278e-05,7.23820140145287e-05,8.884012299298e-05,7.80536173696572e-05,2.441508506808457e-05,2.6268145799350335e-05,4.707910652081115e-05,0.00013625263215500348,3.141044555587473e-05,0.00025795413441188935,3.8516437136054603e-05,2.8572118684655884e-05,3.0365810329935447e-05,2.949272721232198e-05,1.6177419035760248e-05,4.317606136869697e-05,0.00014012573851911422,6.617314033366256e-05,0.000153863173942913,0.00014381513503159988,0.00019576815176285258,3.379034451444535e-05,4.5217080489249086e-05,1.850881126756417e-05
0.42000266909599304,0.000770768252964284,0.0007910659597348288,0.0004667209017045484,0.0005619747220701759,0.0006227364356756583,0.0005275745760753951,0.0005841004251555159,0.000508093057911216,0.000520576759419745,0.0003754336532307195,6.919621934600585e-06,3.135370405180522e-05,0.00010662155999373619,9.889325600793899e-06,6.12118216090144e-06,1.5924194456764e-05,5.1516700081493576e-05,3.5822926382030314e-06,5.937298594359794e-06,5.965545099964165e-06,4.44187315995129e-06,3.1623696146754047e-06,3.2645669053876876e-06,2.740911917646527e-06,9.124320771597658e-06,1.987433245728427e-06,1.9793997936600314e-06,1.6390025385889412e-06,7.818309020312898e-06,3.817484228344617e-06,5.735668496011321e-06,2.5872708526048073e-06,1.7571183279794987e-06,2.3727421340943907e-06,1.889293521312182e-06,1.7020207882527796e-06,1.9029928406921704e-06,3.2724554032872997e-06,5.973700497603125e-06,4.133471661564466e-06,2.530249794066925e-06,1.721443496439909e-06,1.3196995663656393e-06,1.7952964950053879e-06,1.7256184065868675e-06,1.4295034996493432e-06,1.0438678891886602e-06,1.7297127866400568e-06,3.330602732708035e-06,1.6719658068283433e-06,1.1269657425187998e-06,1.9642704899006908e-06,2.0952653421447058e-06,1.5138909849096949e-06,1.19650347848818e-06,1.3476043942864482e-06,2.263649166495675e-06,4.921475885541083e-06,3.0182023399506326e-06,2.0338703490852645e-06,1.1638220655769689e-06,1.2969095498290621e-06,1.8326095387382173e-06,1.6204092903676307e-06,1.276006238346497e-06,1.3232210323231591e-06,1.5979505976454163e-06,2.689121863913884e-06,2.116898026190834e-06,1.640058633247224e-06,1.8828039461843255e-06,1.934794174721479e-06,1.952501591911333e-06,1.688772437397897e-06,1.943646732886495e-06,1.8662343041764344e-06,5.036142686058512e-06,2.6849514404435792e-05,2.993824730136898e-06,1.7939401381403383e-06,1.8673007527039162e-06,2.7679401179751665e-06,2.6610065073193653e-06,1.981392338265854e-06,1.4814868256070307e-06,1.6013547197520155e-06,2.8126826380731253e-06,1.5632904452873139e-06,1.156473119305608e-06,1.6575302123053259e-06,2.0202906744160188e-06,1.6710167021517822e-06,1.145586601057974e-06,1.016203501119247e-06,1.560209593985701e-06,2.4691066301149976e-05,2.5196094678202406e-06,2.1901838628101975e-06,7.239114727759199e-06,1.360444342522932e-06,2.0786197717626894e-06,2.2233933230505503e-06,1.545479489405472e-06,1.106457028495702e-06,9.643133599843492e-07,0.0005724524511549609,0.0008858934399788854,0.0008216319437188455,0.000334655482393971,0.000366880740642038,0.00044318331280321577,0.0008402089662766916,0.0003461294975868265,0.0005332234170243048,3.232950790574047e-06,2.043246352859778e-06,1.3750847135701043e-06,1.7806549735283042e-06,2.710319685453661e-06,1.9918554983062465e-06,1.3475215633328575e-06,1.1707902195477943e-06,1.1927553778381968e-06,4.447871501507158e-06,2.4221162850139686e-06,2.8160982644788346e-06,1.985394683926165e-06,1.908157120562574e-06,2.3292639364686023e-06,2.2803073916067113e-06,1.864551225216666e-06,1.63880236378443e-06,1.6398354498444932e-06,6.991742385720123e-06,1.9588255051320074e-06,1.8146777877157218e-06,2.1228906155971455e-06,3.848284688351371e-06,2.1202239190634865e-06,1.8770759556575406e-06,2.119338088032029e-06,2.2460096246705692e-06,0.0002365144833013847,0.0003129351125800276,0.00029924094482518086,0.0002331406773237996,0.0001889314321084973,0.00026562481336344545,0.0002798695849266981,0.0003941635483664269,0.00015308697658111283,0.00021971788908237437,0.00012063155642247506,7.727956555964098e-05,9.462646102399068e-05,0.00013178905383392166,8.702747571405717e-05,0.00011688952544070211,7.814360629815413e-05,9.533341861116844e-05,0.00010341022578118952,0.0001047917172389339,2.0582159769474737e-05,3.9104145760379485e-05,5.518600088429418e-05,5.831633217637861e-05,5.199300107323885e-05,4.501933654313991e-05,5.8209349097236644e-05,4.5970258898960425e-05,3.547129863016821e-05,3.1910668011974036e-05,3.265247384680034e-05,3.68185935588086e-05,4.3252249739981745e-05,3.690390483928747e-05,5.4250618535711234e-05,3.585348295089594e-05,5.2498952095079884e-05,1.3846050962984459e-05,2.605556590910912e-05,1.0773513818338088e-05,3.0721052732577866e-05,3.590595751042562e-05,4.0003531157047764e-05,2.9187933462135998e-05,3.1687053198026676e-05,3.094305234293021e-05,2.788235887421741e-05,1.3743967564833362e-05,1.889922921516481e-05,3.1068775925322097e-05,2.6973571013886667e-05,2.447236439813747e-05,0.00016873623899689024,2.533667261160491e-05,4.7639424559385426e-05,2.3980605654893273e-05,5.052309677597559e-06,1.1167942164608417e-05,2.5522861639688168e-05,1.9746769337464717e-05,3.2904943743774984e-05,7.961339325156645e-05,8.912312529979216e-05,8.926421632493495e-05,5.766659812340307e-05,1.0416606743614479e-05,1.206793153697996e-05
0.43000492453575134,0.0006584229371762647,0.0006408101313422905,0.00043583603695608575,0.0005248107648503704,0.0006280295084754564,0.0005381518771698355,0.000597661241977661,0.000497595596652598,0.0004409450777838837,0.00033903663701365057,3.982399506513973e-06,7.685719672212259e-06,3.18236063523856e-05,5.000266529284501e-06,5.053113828105338e-06,4.074532836364974e-06,9.682570337191996e-06,1.8342661578100332e-06,2.677420841289274e-06,6.104624023192658e-06,3.1556016355090905e-06,3.6147577702909774e-06,2.6911857351741883e-06,1.6521266430134378e-06,3.438057488113511e-06,3.142773191571717e-06,2.405569651604297e-06,6.618308234895328e-07,2.090023983470266e-06,3.609441633672324e-06,2.804202819199268e-06,1.94398035756068e-06,1.960145048239905e-06,1.8872112431733027e-06,1.981263490115824e-06,1.8856305524756116e-06,9.148138122044744e-07,2.0194071442443836e-06,5.6272933966770585e-06,3.028457272177137e-06,2.6200983701147136e-06,1.7353901582507588e-06,1.6610367226740028e-06,1.4042757221313922e-06,1.8964722039567174e-06,1.425950972084227e-06,9.141431115663712e-07,1.2253528093659061e-06,3.34026174224065e-06,1.7962663074203466e-06,1.2763904819367653e-06,1.4604569668342576e-06,1.9116900908192034e-06,1.5237133554896695e-06,1.15449783114845e-06,1.0838016122587095e-06,1.5478298177136107e-06,4.82043707774916e-06,2.21070983328196e-06,2.385756947677344e-06,1.3546507774912204e-06,1.114545701199825e-06,1.4536832355183884e-06,1.6995841777013173e-06,1.203097742737936e-06,7.500112761663961e-07,7.78459107005189e-07,3.0574020887374744e-06,2.4255319114196774e-06,1.722425963583889e-06,1.9884709335081342e-06,2.0188790969152422e-06,1.8565718433540866e-06,1.470907472145629e-06,1.4686733372584998e-06,1.3261212661287477e-06,5.1970003979318294e-06,2.2867075783304843e-05,3.077402312739918e-06,1.913711396172801e-06,1.7622296880739974e-06,2.730051859286845e-06,2.6713707303874133e-06,1.6838037306123604e-06,1.1520715744661864e-06,1.2639980509356542e-06,2.9226487819742776e-06,1.706318794400213e-06,1.167381495721551e-06,1.3118214223352265e-06,1.4932154585495047e-06,1.3454381347640668e-06,9.326719357126669e-07,4.299938869683737e-07,1.0899184480954072e-06,2.341810410034794e-05,2.3019676859707033e-06,2.322497107732199e-06,4.376638031848988e-06,1.4931820960820862e-06,1.9230540374798957e-06,1.9973372968320817e-06,1.430689592887567e-06,8.325028529334475e-07,8.116996288531381e-07,0.00041886413102380055,0.0008048600929463606,0.0007075482132923395,0.00017870063360066554,0.00028571095262207075,0.00032980080161949154,0.0007046376946433467,0.00031576480202347477,0.0004295849965676924,3.152656534936974e-06,2.000102930338085e-06,1.197619395501834e-06,1.7746186677853755e-06,2.386366675530165e-06,2.016217002101227e-06,1.3018874600538863e-06,1.1897631096397292e-06,1.0447157560330547e-06,4.301850884195791e-06,2.4772414350585514e-06,2.793173647642672e-06,1.7351106037823899e-06,1.6220797145983784e-06,2.1417427105484275e-06,2.1972463520337237e-06,1.7436237851236659e-06,1.5995715533899917e-06,1.648406152681318e-06,6.984155300457189e-06,1.9292352973916084e-06,1.8602302104710133e-06,2.02116960286801e-06,3.82159356398665e-06,2.08748958637637e-06,2.455452292544529e-06,1.8787785919257956e-06,2.336475981580556e-06,0.00026660919597322686,0.00026663218616456796,0.00019293623968881738,0.00023464513593386916,0.0001068792942579835,0.00017583855035178486,0.00016133354694094815,0.000291937012575377,0.00015996897715676444,0.00027534538585188693,0.0001459567845573255,6.445624563709069e-05,6.0683249683833696e-05,9.580471408237101e-05,7.900186612636457e-05,8.434700623350378e-05,4.8848548253997096e-05,0.00014096490351166218,8.358182423810126e-05,7.077057002445737e-05,3.0900730327364955e-05,4.183257206220211e-05,3.6672174892748034e-05,5.1369076915316214e-05,3.0430061265248905e-05,2.803387969693319e-05,2.378011333172676e-05,3.2031964164853505e-05,2.1339249065668453e-05,2.0945219343362284e-05,2.3946754829977546e-05,2.935451743889123e-05,2.6936781990978286e-05,2.2950673498431306e-05,1.823472594299206e-05,2.0012652096771516e-05,5.7869380952522346e-05,1.0134301597328398e-05,1.1911937842770283e-05,1.3402968634918829e-05,1.355106577821952e-05,1.8468496752193586e-05,4.085816022845916e-05,2.2732304069663073e-05,1.785406134017674e-05,1.7442095840343386e-05,1.5640562864790556e-05,1.0297205924013354e-05,9.998688919421696e-06,3.092217836741037e-05,4.399704956865139e-05,1.5635217967424127e-05,8.394802333521588e-05,1.4014242665540294e-05,4.2271087183521133e-05,5.955156717867987e-06,6.777054907881991e-06,6.838158842173953e-06,6.035985923413667e-06,4.2520859322354525e-05,6.09344690634951e-05,2.9404083136390985e-05,4.855800602954837e-05,3.0360188178960472e-05,2.6983695372318272e-05,1.2589459379815713e-05,7.186729901762579e-06
0.44000717997550964,0.0004904965237579027,0.0005362176087415835,0.00039818624858315257,0.00042351332200758025,0.0006153227984295431,0.0004975544664824204,0.0005598340941262112,0.000465529893829745,0.00044221271349419785,0.0003518690476333574,3.091366230999432e-06,3.0335421723836826e-06,2.184077956057654e-05,2.0355798879329856e-06,1.5893177715933982e-06,2.548227562285859e-06,1.7648572699906827e-06,1.0390464374317296e-06,1.2695534769757922e-06,5.1683351358398605e-06,1.700616113331469e-06,2.666398572312144e-06,1.7711271130055414e-06,5.134966916271792e-07,6.109668658352319e-07,1.267724293417329e-06,1.0853892055358664e-06,5.652683384812458e-07,4.7642983989530015e-07,3.032620678024985e-06,1.8206416163742587e-06,1.1746061955625255e-06,1.4125737730793141e-06,9.973099906911698e-07,1.1234051619443067e-06,6.522005747046923e-07,8.190037083579703e-07,1.3041227453709267e-06,5.05529274235674e-06,2.389714426571126e-06,2.166794472289998e-06,9.911920044245608e-07,8.820127545825208e-07,9.691520681899445e-07,9.165751203981896e-07,7.974596074149878e-07,5.750746030424667e-07,7.443166481070292e-07,2.975284401691493e-06,1.3280436345100006e-06,6.721570823705181e-07,7.767150552601384e-07,9.210537440416473e-07,7.54816621904573e-07,5.82037004863737e-07,6.624923206883481e-07,7.797303320568254e-07,4.5056437907769125e-06,1.8080029933721971e-06,1.8328649341784556e-06,9.084427313574493e-07,5.360968872284444e-07,7.606562041327238e-07,7.764458546609683e-07,5.771074126951741e-07,5.133241271405319e-07,5.240311783220526e-07,2.472176092160492e-06,1.9557377512509284e-06,1.3668441841177316e-06,1.2237882246869688e-06,1.128730502002248e-06,1.0075373125998102e-06,1.021939544655409e-06,1.1432650334976099e-06,9.466669155797777e-07,4.479296644955575e-06,1.829288075020722e-05,2.60847557672405e-06,1.29888483798622e-06,9.065192125462855e-07,1.318970193802076e-06,1.5306205366752127e-06,9.238412357159596e-07,7.34802592743198e-07,7.705821134046869e-07,2.465523155985276e-06,1.220087291663336e-06,5.723549867329023e-07,4.5497317162555217e-07,9.976332614961557e-07,6.614189695814007e-07,2.5215467917903357e-07,1.8689424161868889e-07,3.438658012527044e-07,2.177120788692479e-05,1.2278607465718491e-06,1.8935397581136212e-06,1.1306735781218985e-06,8.024363672099012e-07,1.0496775602391255e-06,1.1249386850156473e-06,6.436620839053748e-07,2.12393750681614e-06,1.6185041784350424e-06,0.0002717157978896135,0.0006501989739146101,0.0005332679018481027,8.991071766986063e-05,0.0002882744463892753,0.00021053063864421602,0.000543794312525001,0.0002827705550074298,0.00026751555987773517,2.6621649902397255e-06,1.6375023779850193e-06,6.665337809656322e-07,8.172021351173706e-07,1.4166566488333938e-06,1.0587855138443796e-06,6.170837016719297e-07,6.623001988932139e-07,5.719523362640582e-07,3.5711185124776514e-06,2.112337722023697e-06,2.139997508373466e-06,1.2644133561335192e-06,1.1405005504215173e-06,1.4671869818135093e-06,1.6361207116619282e-06,1.226452620360806e-06,1.0531023900841224e-06,1.17827376611874e-06,6.6786310272777335e-06,1.6151391709454165e-06,1.9904209122072504e-06,1.6930393819377336e-06,3.1479949929376695e-06,1.5620100167963896e-06,1.817253600286413e-06,1.6936249507624242e-06,1.8924249915298784e-06,0.0002566197185461024,0.00021917500120738136,6.677229113388209e-05,0.0002729090606070424,0.00012192165082551146,9.036496722107217e-05,6.495772838915747e-05,0.00014596182689162536,0.00011290730770211405,0.0002588746900197795,0.00010175717764381739,6.572363515540392e-05,5.2573185885945904e-05,8.92616813526261e-05,3.0114306218871078e-05,6.61673410164813e-05,2.2189853358036267e-05,0.0001461072999042991,4.676583640304104e-05,6.916173405899422e-05,1.0342558171964133e-05,1.4644735778254642e-05,2.3186696274183578e-05,4.0015656113094575e-05,1.7132852802476675e-05,1.3368151448877878e-05,4.0551262341965985e-06,9.537249181266507e-06,6.8846764756245596e-06,7.783100112887256e-06,1.491393982871445e-05,1.993076334527782e-05,1.8198624877170455e-05,1.1755358579735911e-05,6.162046581769474e-06,3.533466091921082e-06,3.316741777925554e-05,2.6426893622766912e-06,8.10679427608078e-06,3.909463400587548e-06,5.542735647789882e-06,1.376370203952637e-05,1.2616831558687739e-05,1.0877632327001714e-05,1.034618202618373e-05,6.150283435929671e-06,2.1107052619800115e-06,3.2881840810302622e-06,5.195029711494315e-06,1.0798341246247018e-05,8.251868089575408e-06,1.0058141986791398e-05,1.975029080342224e-05,6.473382826859217e-06,9.726782509100991e-06,2.1327866136914234e-06,1.7428656518123278e-06,5.332284052883989e-06,4.5867709576695375e-06,4.481366498451416e-05,4.590559438409396e-05,9.643896334874472e-06,1.6377877421244387e-05,1.8649854549865668e-05,3.544067303550792e-06,3.263533819327625e-06,1.6722096979694715e-06
0.45000943541526794,0.00036565770479851287,0.00045901089530648535,0.00037346078557809405,0.000426455440665368,0.0005265430638034505,0.0005183744408222338,0.000460901281736213,0.0004140186214765714,0.000444477725920138,0.00029562197993270544,2.4198016200330703e-06,2.100095997340924e-06,2.457215901598066e-06,2.20669598332254e-06,1.8815269689831347e-06,1.3387299779531238e-06,8.707753552120369e-07,5.610911274744657e-07,7.760340007528364e-07,4.556250627346108e-06,1.6553915631008082e-06,2.231897300952538e-06,1.6024073631205652e-06,1.4266688403486806e-06,1.347069444377841e-06,1.2328075951890772e-06,5.625694299100792e-07,5.173230215111094e-07,3.8745098886021434e-07,2.556573931290042e-06,1.6371653020211012e-06,8.459996966491024e-07,1.5267930563613715e-06,1.337199906171516e-06,8.794576497502274e-07,3.6601387789895333e-07,2.5358696441820773e-07,5.516863629521779e-07,4.6541142485837176e-06,2.4334077545902687e-06,1.8525384360861794e-06,1.2419707694300584e-06,1.0984155234179293e-06,1.323422357557581e-06,8.899323140897294e-07,4.1775676400524527e-07,2.925531759331201e-07,1.6147894402524764e-07,2.6721254124090183e-06,1.484962274368111e-06,1.1666141589709252e-06,1.170257570499009e-06,1.1739677069619299e-06,9.856319766647789e-07,7.327042085855647e-07,4.0038297148957665e-07,4.96790148459881e-07,4.124409725155651e-06,1.4968220563204368e-06,3.2564805335433865e-06,1.0786028194909764e-06,1.0327558866784733e-06,1.1082942650635422e-06,1.11049158619352e-06,7.184469306987496e-07,3.9370242499649725e-07,2.6607718196175244e-07,2.420765680298474e-06,1.8113979120395086e-06,1.4836105192227057e-06,1.6786498046111558e-06,1.6615118502272387e-06,1.5535693125395057e-06,8.528769666569601e-07,1.132288781716919e-06,7.322532400604592e-07,4.456627998774606e-06,1.5487223787600466e-05,2.570715015755848e-06,1.6169326911766394e-06,1.7918095419451976e-06,1.7863150886903414e-06,1.756903197586145e-06,1.5838888928434686e-06,7.014631339229045e-07,7.57760572046779e-07,2.1989248292738483e-06,1.168469802417341e-06,1.1325326728580477e-06,1.138803666302817e-06,1.2848564956516907e-06,1.117218149883039e-06,4.2089513680240744e-07,1.349845431753043e-07,1.7717425930079165e-07,2.0665163862767132e-05,1.0091421623256321e-06,1.8953194731859122e-06,1.2321092842331105e-06,1.3462066219446036e-06,1.3731036732633912e-06,1.3548935182024378e-06,9.79750978959833e-07,4.5437149678210796e-07,3.6946516763190286e-07,0.00014501590775548771,0.0004717974635950994,0.0004671012982571944,0.00013606448969693134,0.00025964158040359987,0.00015556457234858396,0.000320955348509606,0.00031186963041367134,0.0002892255390087227,2.6258516700995403e-06,1.666020385048382e-06,1.3173618927865215e-06,1.6086265872193406e-06,1.5739629835715054e-06,1.5812337006089193e-06,8.480267541522548e-07,5.979083359156614e-07,3.647495554267827e-07,3.7861062525225506e-06,1.9276373502452526e-06,2.5132521921321477e-06,1.5409410434066432e-06,1.740310546980034e-06,1.9982990562376634e-06,2.1384639853021253e-06,1.4443705053889793e-06,1.4058541119692611e-06,1.227542077486507e-06,6.633105064410395e-06,1.9808182737402736e-06,1.8507472167147786e-06,2.613971180408817e-06,3.615364046854066e-06,2.778801326764759e-06,2.06232163121379e-06,1.99999133863672e-06,1.9317351815881747e-06,0.00019965590309973014,0.0001616615080486815,0.00010436480880498679,0.0002290905336015475,9.382014655755085e-05,7.53905044251708e-05,0.0001318485529184878,3.8210589592070155e-05,6.42413752408967e-05,0.0002103955620666478,6.29436132225036e-05,2.3685102201453434e-05,2.6702561938896527e-05,3.749549731499184e-05,3.41332197955447e-05,5.4491183783967026e-05,7.294943940909303e-06,0.00010637966484850331,1.0551737966603434e-05,7.492900716552008e-05,4.097751388043393e-06,7.407940892410942e-06,1.5713271760809562e-05,7.264739978811395e-06,1.0627854436018771e-05,8.44553663772492e-06,2.210793814665462e-06,1.5112231379461248e-06,5.541751455001035e-06,5.357456034551257e-06,4.8481164214074165e-06,4.4826892627630645e-06,4.506052193395311e-06,2.939850010003299e-06,1.3691588490986296e-06,9.295910844110538e-07,8.761281905448508e-06,2.2904576347113164e-06,5.289635890438975e-06,2.5881072151500924e-06,5.207389930457919e-06,4.754635362915697e-06,4.255152633249161e-06,2.372094442054507e-06,3.787413716116383e-06,1.3701976873082474e-06,4.2000700491112825e-07,1.3051868930385862e-06,4.367787774543794e-06,5.106593863377213e-06,6.310213901294736e-06,2.257051450956186e-06,1.9409317182965746e-06,1.6953943119655165e-06,1.3696006141844472e-06,7.698907050281861e-07,1.378930600762521e-06,4.899419268072757e-06,2.9292390197193453e-06,3.1384048941567226e-05,1.1651115249426944e-05,1.283608279198274e-06,1.9109676208351057e-06,9.641416007986392e-06,9.606549928674225e-07,6.58386436336049e-07,7.802112117596164e-07
0.46001169085502625,0.0002687192546935969,0.00041674193756872945,0.0003799221061473367,0.0003966647221949237,0.0005646337337320296,0.0004950253153489185,0.00035272112044950666,0.00037590287217593283,0.0004221202526232117,0.00029464608864609694,1.7835661364180473e-06,1.1354875520844078e-06,7.65943004788647e-07,1.045117256071988e-06,1.1850060819578139e-06,1.1479018412538277e-06,1.0675840018035791e-06,1.3390676291319972e-06,1.3497355656965445e-06,4.091336015644795e-06,2.2426883335175605e-06,1.6110603216960255e-06,4.866531352992525e-07,3.400411970136407e-07,5.814727189923998e-07,8.870942034993337e-07,6.322935355250389e-07,7.331131864189191e-07,1.0352517443703515e-06,2.1232662309630813e-06,1.0994509103378141e-06,3.06335326266699e-07,5.575851923207443e-07,9.293834318121211e-07,8.462257561266108e-07,6.72092658295503e-07,8.202686060450965e-07,8.515372910256202e-07,3.963049275411235e-06,2.415158484912342e-06,1.2011489144687303e-06,7.254680044454803e-07,5.490501528111599e-07,7.950931730880954e-07,7.601356345980038e-07,4.1775331271551233e-07,3.15588234040737e-07,6.262917426794394e-07,1.9925342519537267e-06,1.1556580397136767e-06,7.598370980361036e-07,9.390447422045583e-07,8.919369382096176e-07,9.489505189530794e-07,7.837556863153557e-07,6.370453862723549e-07,1.0665871542857123e-06,3.898308256955699e-06,1.9717804963595895e-06,1.3060761753597761e-06,6.529512302216089e-07,5.020194276202552e-07,7.253328289309395e-07,7.900583165826774e-07,6.705855951121149e-07,5.893410843685695e-07,5.84892947117753e-07,2.0230793165202422e-06,1.3948289669173536e-06,1.351376653964562e-06,1.3889819068947814e-06,1.6021784275682798e-06,1.4513996321450867e-06,1.1147769376119326e-06,1.3332067639504932e-06,1.044199788217979e-06,3.997012842458236e-06,1.4195093698836588e-05,2.437869697000017e-06,1.1102379163981481e-06,8.747725239377481e-07,1.3840770489693045e-06,1.4294597833127258e-06,1.0037173100803905e-06,8.876527372211161e-07,9.561826965884753e-07,1.8826796997539395e-06,9.397171684875279e-07,2.8078082665402896e-07,7.026998460772114e-07,9.323526914123689e-07,7.246874377508782e-07,4.871800321984826e-07,5.752943351554643e-07,9.09261262239114e-07,1.9559786512742884e-05,1.729341197778809e-06,1.730376584698694e-06,8.814852824683351e-07,6.006918010852852e-07,1.0238210727748222e-06,1.165941157473e-06,5.712459722987145e-07,6.293961777942275e-07,6.298828096465734e-07,0.0002063399192894212,0.0002782229147727524,0.0003662262748708386,0.00013992209977014116,0.00022323411368121955,0.0001508832498573905,0.0001278749622538022,0.000271929239451858,0.0002995088822523087,2.4053361143323673e-06,1.4147843241532686e-06,8.587476104927075e-07,1.0768881037086559e-06,1.4677478163951135e-06,1.0904234868263287e-06,8.589863246992364e-07,9.096075416423199e-07,7.228674576317026e-07,3.907029666110862e-06,2.11139436949669e-06,2.533793118192753e-06,1.200406887176146e-06,1.3174614049738216e-06,1.5100341686331237e-06,1.5015882874416404e-06,1.127461002595478e-06,1.202187752678348e-06,1.3494876480507278e-06,6.513635794229565e-06,1.6521157139292832e-06,1.6145605047001918e-06,1.8600927340966506e-06,3.211342265556049e-06,2.396551431532099e-06,1.968234871373939e-06,2.096683822224948e-06,1.92222285186921e-06,0.00013394507568052522,0.00012393773552817292,0.00010598580596503893,9.388880996678789e-05,3.237704827138194e-05,5.592568820243942e-05,0.00015300895672540975,3.030819449913359e-05,4.396518553619193e-05,0.00011975522334036306,4.0234016338423515e-05,9.159136807208699e-06,9.286185109643085e-06,8.83782403393091e-06,5.584273070155841e-06,3.3631707132300235e-05,6.808557130134444e-06,5.03769576643834e-05,6.53040273496719e-06,2.753421807541549e-05,3.830487537628461e-06,1.3858412332377974e-06,4.878672415058085e-06,2.9588925011048482e-06,3.932845888528281e-06,4.083037389481917e-06,1.601190208274745e-06,2.2469115617207797e-06,3.3244542600487855e-06,1.8780285116238343e-06,1.943565052362814e-07,6.262066108660267e-07,1.1768938254405156e-06,1.3593606375467855e-06,1.0099267555249224e-06,1.599959248269993e-06,1.8554777845087417e-06,1.5340643486137411e-06,4.275710240543475e-06,2.7058508404644466e-06,7.027406863390514e-07,1.490997429681128e-07,6.209261375746137e-07,1.0851499161143819e-06,9.942222368100906e-07,7.498099509319739e-07,1.2915450951541471e-06,1.3430578952782426e-06,1.7137074305035027e-06,7.929867359210849e-07,7.964104153361711e-07,1.1075809985187324e-06,1.192762855632618e-06,1.1604610845920314e-06,1.3200452705538898e-06,1.3445333216390786e-06,1.7693278406247636e-06,3.868886587197259e-06,3.182234087948352e-06,2.5885253964227344e-05,1.3381812228855848e-06,9.256422337416038e-07,1.0120487234957312e-06,1.4496757129234784e-06,8.581142988267111e-07,1.1134033242982187e-06,1.1628016342459268e-06
0.47001394629478455,0.00042863920512927487,0.0005069562859041361,0.0003214945320002856,0.0003877086207361997,0.0005618652931770431,0.0004353565929898237,0.0003791869630273398,0.00029797053657878124,0.0003890759342957211,0.00029033102852566323,1.6513466515337912e-06,1.052620935166376e-06,7.56556647144935e-07,7.56046431479414e-07,8.373156764660456e-07,9.66664838722399e-07,9.921065962037927e-07,9.752395680639122e-07,1.2269507565122618e-06,3.425789303542786e-06,2.0616503553607315e-06,1.1037978097564643e-06,4.160604551015004e-07,3.960774875477221e-07,4.2751125922047194e-07,4.232891814471635e-07,3.963035470252303e-07,4.530346972255454e-07,6.344724497764409e-07,1.578307006915378e-06,5.322590530454045e-07,2.1375735525510236e-07,3.6044579712979454e-07,4.992917583013141e-07,5.585561551656141e-07,4.165212022808492e-07,4.361509878519559e-07,8.670456614406294e-07,3.530132721254008e-06,2.2601926998281258e-06,8.17282089996184e-07,2.3578061025600957e-07,3.8859394097677617e-07,2.388890718754862e-07,5.113770245161926e-07,2.890023740128705e-07,1.7737155803052537e-07,4.2777815895981996e-07,1.4077862590047577e-06,7.866691500649208e-07,5.438852977258007e-07,7.10681528799613e-07,6.132297614701361e-07,6.577007801091031e-07,5.729094939499962e-07,6.219017021391273e-07,9.341536894380131e-07,2.76490815994477e-06,1.7297559277617186e-06,1.0102862648721047e-06,5.355630877497483e-07,5.429689803017028e-07,5.881210534479718e-07,5.161547599365059e-07,5.258223976934533e-07,5.135461601133515e-07,6.049322857371696e-07,1.7359084269256567e-06,1.2170748909414264e-06,1.0560779770488806e-06,1.1172526627803684e-06,1.3529205309051016e-06,1.1877556094450636e-06,1.1133820413448654e-06,1.4923204240787593e-06,1.0400127985569555e-06,3.095899500063661e-06,1.1880581149901566e-05,1.5519621619538622e-06,1.1170197007233945e-06,8.514487079224745e-07,1.0584760481983252e-06,1.1721598063568197e-06,9.898247184753573e-07,9.927341557202338e-07,1.1027629980515348e-06,1.3037615103788779e-06,7.484737265903671e-07,2.474275626748036e-07,5.427118592165979e-07,9.059526258151261e-07,4.6318206425537293e-07,2.3467274625173277e-07,7.426232152780618e-07,1.0113291295864111e-06,1.706642237769686e-05,1.7001565165820316e-06,1.3001416826639693e-06,4.854578386217408e-07,4.160713841856548e-07,6.247887060007399e-07,7.062983908387669e-07,5.037007809351572e-07,5.960043744129842e-07,6.956994800688786e-07,0.0001730057754553164,0.00030302995246193887,0.0002465803952917949,0.00010245313597061624,0.0001427993077210615,0.00017170131333312175,0.00026079733910593073,0.00022129070163603488,0.00026777223459603444,1.3169396850091906e-06,9.478495575282682e-07,7.466152070691736e-07,9.705901055786735e-07,1.0260759154003493e-06,9.634332811024468e-07,8.067038869646934e-07,7.653091179076954e-07,6.87438242878108e-07,2.5916079733692144e-06,2.1867906697877524e-06,1.7248568219857964e-06,1.2373569702720604e-06,1.3000858868132866e-06,1.3891533209515181e-06,1.2769064497518413e-06,1.2536648894752028e-06,1.1381346913095803e-06,1.3477850117824727e-06,5.709241970526125e-06,2.116727187349053e-06,2.1430904391891446e-06,1.8903012979142034e-06,2.844247558755727e-06,2.2626321864543656e-06,2.2100799729056968e-06,2.2340888699329607e-06,2.03690748405026e-06,4.2964267222084965e-05,0.00011056048360348422,0.00012076883147160312,6.311177386345183e-05,4.108736095483929e-05,1.1366384709281032e-05,9.64011165055332e-05,7.3841868156089605e-06,3.1338127806025464e-05,2.1423511154068513e-05,1.3015187472674164e-05,3.3699830989909013e-06,2.7179136732960615e-06,6.087774826716399e-06,4.320876118848677e-06,2.4310815853102605e-06,2.82152771844372e-06,2.777881040357468e-05,2.680462577973914e-06,2.48530560360557e-05,2.863801991167665e-06,3.1250272349798452e-06,1.8498688634777428e-06,2.2169336591003795e-06,1.6887551809492322e-06,1.7753647215826481e-06,1.8820026717513258e-06,1.7260722511867503e-06,2.0821383616454316e-06,2.2874699682324928e-06,1.5152657486533197e-06,1.18555138573562e-06,9.92922826225635e-07,8.022551744989212e-07,7.351333413426058e-07,8.92110653126176e-07,1.2779619691951683e-06,1.268157430278814e-06,3.7138638558324487e-06,2.5451697195824658e-06,1.783587994586356e-06,8.931356861768621e-07,7.039906284373346e-07,6.681714179439167e-07,7.284832812421672e-07,5.418847001106009e-07,7.207777016984016e-07,1.0709029920967657e-06,2.2128018900750832e-06,1.67892993429448e-06,1.1906943826526703e-06,1.0792568388953705e-06,1.0642201447438645e-06,1.1683075917998924e-06,1.246689257709956e-06,1.108195903306153e-06,1.382259369709951e-06,4.030115312716868e-06,2.823068719309482e-06,2.1086558861365857e-05,7.492801779579662e-07,6.207685286768089e-07,6.791793065471596e-07,7.69998270224863e-07,7.08594073726134e-07,6.922418629714186e-07,7.214921186731223e-07
0.4800017476081848,0.0005307061383274844,0.000531275122554578,0.0002944371935828606,0.0003183593251862384,0.00046394958047306486,0.00035484122012213975,0.00035705644194153254,0.00025014647492126245,0.00038647785400367266,0.0002427085544005862,1.848039104704324e-06,1.3282927025857286e-06,7.628305166644821e-07,6.892812315955033e-07,7.092739778035251e-07,8.162587825903645e-07,7.55183033831221e-07,8.202093589046807e-07,9.912828883875285e-07,3.6218973383185397e-06,1.7414563751713734e-06,1.2323330428507968e-06,6.641546919097189e-07,2.9520319123307e-07,2.492745778968872e-07,2.514166783911379e-07,2.9242490299804544e-07,3.8820797174164146e-07,3.386071861296001e-07,1.6926741204409965e-06,8.399018429059358e-07,2.70597796296961e-07,3.083692863493174e-07,5.211292188715973e-07,4.4601074740403743e-07,3.3061284867817786e-07,2.5971012761941584e-07,5.736555477472688e-07,3.69634338350313e-06,2.0592821953889726e-06,1.0073733763374953e-06,5.374975356450665e-07,1.3199630148152552e-07,1.0547946724831781e-07,3.456673744933042e-07,1.531728400679489e-07,8.223273003707905e-09,1.866026076362547e-07,1.6512189538136721e-06,9.251320180760828e-07,5.563312237177727e-07,5.487878547914558e-07,6.163514530335888e-07,5.383626589381258e-07,4.366934155549845e-07,5.073114052107781e-07,8.074148526496808e-07,2.979755547540529e-06,1.7901621263126694e-06,1.088128954368873e-06,6.552302318752666e-07,4.828866277706933e-07,4.500533581112325e-07,4.344851653408521e-07,3.140259502216218e-07,2.60250829677578e-07,4.508764907125409e-07,1.7332532346911077e-06,1.7116090463458692e-06,1.2197254814563317e-06,1.0802364299645725e-06,1.3480266020637788e-06,1.1185054809534291e-06,9.959691646299185e-07,1.2341242622221978e-06,8.758499015493839e-07,3.5068250112574885e-06,8.92378070558984e-06,1.7224397687428206e-06,1.2598202647139188e-06,6.13935550220524e-07,8.871689814435477e-07,9.655880363257184e-07,9.447899891800083e-07,8.195610916498417e-07,8.812385152524292e-07,1.7248723527895947e-06,8.351528682333974e-07,2.01382180702656e-07,5.485318841362619e-07,9.339299308203269e-07,8.640091016905892e-07,2.3295170310490182e-07,5.058848721211589e-07,7.592762634544993e-07,1.6952903131015634e-05,1.8173324047353158e-06,1.7025189244042355e-06,9.754949635041505e-07,6.864661296033273e-07,8.844200291712534e-07,8.28272722150762e-07,6.478375692672884e-07,6.047758272692758e-07,9.716968191530393e-07,6.822088141618455e-05,0.00032076559199836877,0.00013867505560480366,2.4609942585547084e-05,0.00015555578536492385,0.0001875166345544,0.00030989576648874295,0.00022168188001780667,0.00020604796548747168,2.245939448445999e-06,1.3350658586866421e-06,7.629530374500019e-07,8.417114691559126e-07,9.028171290927413e-07,7.490011987045527e-07,7.354796207458116e-07,7.419783993129557e-07,5.720892374234652e-07,3.434506110978306e-06,2.0710533942381527e-06,2.279453772612762e-06,1.526394432397216e-06,1.3593882478646492e-06,1.4087232841672534e-06,1.5060053630848606e-06,1.1930078972036576e-06,1.005677642648706e-06,1.1640814875218958e-06,6.448419073005838e-06,2.1851708644730883e-06,2.0922121011609564e-06,1.9942156052686285e-06,3.173093347090635e-06,2.236093494052849e-06,1.830283369458209e-06,2.168251491772258e-06,2.138012441562064e-06,5.746855851680677e-05,9.72114195124744e-05,8.416742383679183e-05,7.951710226801715e-05,1.809065185309008e-05,2.2956993960362247e-05,4.653665235789461e-05,3.4991355377324765e-06,2.4285729578463705e-05,4.508273788596411e-05,1.6519445874800245e-05,2.2877230628129095e-06,2.4534039520880233e-06,2.87291109520283e-06,1.4570764285408331e-06,4.772844942761695e-06,1.6956842203030841e-06,3.631920401396485e-05,3.2054290558135954e-06,8.918957240580569e-06,3.0547049058111743e-06,2.153758950968647e-06,1.763352507667117e-06,1.659780453211209e-06,1.5983026291981772e-06,1.5334649746301188e-06,1.4499270818590284e-06,2.0356264803443803e-06,1.7235309515133882e-06,1.9544728535638023e-06,1.088952662185137e-06,1.1069965801239531e-06,1.065709376263632e-06,8.14261061049942e-07,6.157555303396996e-07,6.735163153103447e-07,1.2160745921338264e-06,1.5169413498186669e-06,3.435521365374749e-06,2.334819937723696e-06,1.2200056111396561e-06,1.0517816965463137e-06,8.563967069696131e-07,4.740737594376064e-07,3.695353438564727e-07,3.6251599575460876e-07,5.334411197789397e-07,1.0020664431581297e-06,2.117541691726029e-06,1.4354978147005212e-06,1.2665669609268796e-06,1.073106640591254e-06,9.170583009608025e-07,9.775024636988163e-07,8.052773538750742e-07,9.32490743001687e-07,1.0809278383410734e-06,4.191033422160511e-06,2.454119519492655e-06,1.7049165353817155e-05,1.0020549388590197e-06,8.789911504213236e-07,7.420249917243507e-07,8.192360951999889e-07,7.519836882487768e-07,9.826500623355104e-07,9.80659243374554e-07
0.4900040030479431,0.0005478646347878918,0.0004687287056127106,0.0002748102104590172,0.00029400205957504994,0.0004635838818129615,0.00038168371805454845,0.00028621323952464524,0.00028869620319808104,0.00037188312741364847,0.00021931806867111125,1.946693646505734e-06,1.3941645936437608e-06,9.590392140574464e-07,1.0933973481462204e-06,8.6911758571031e-07,9.800903557835728e-07,8.517138820169561e-07,8.721236590677092e-07,1.1411603219754662e-06,3.883627045646686e-06,1.9239254881374654e-06,1.46755051766538e-06,6.934653451817492e-07,4.955488345859301e-07,4.701881824132608e-07,4.313393147492685e-07,4.3331402769147133e-07,4.2618481353310825e-07,5.231723823935036e-07,1.847486898347052e-06,1.0232343535202207e-06,5.479037494048653e-07,4.680046664422146e-07,5.54672303786135e-07,4.580873853945837e-07,3.8136578984606876e-07,4.1576882111906624e-07,8.161161292814026e-07,3.682645214553053e-06,2.38720936543996e-06,1.1266257904801043e-06,5.105602192793945e-07,3.6473517505289545e-07,2.4984691677760125e-07,3.2737726455353745e-07,3.55856156999927e-07,1.7883778095207342e-07,4.3576271775699905e-07,1.8232691982909446e-06,1.115015076603506e-06,7.945329137214465e-07,6.887244235185874e-07,6.403367662476779e-07,8.415181969308673e-07,7.703031341512734e-07,6.881595624322945e-07,1.055549354504784e-06,3.2301500689557587e-06,1.8139236809090726e-06,1.3148602829450885e-06,7.609627937040009e-07,5.558934851366437e-07,5.758908330643092e-07,5.570617467112471e-07,6.32380392983318e-07,4.786973372498481e-07,6.367813626077842e-07,1.981765652771968e-06,1.626207457118986e-06,1.3646831015299496e-06,1.4361270998618292e-06,1.4255650028490921e-06,1.2421680681597923e-06,1.3145249326260369e-06,1.4388996359472987e-06,9.329537910408577e-07,3.847137709730121e-06,6.747476492048179e-06,1.8851565753522866e-06,1.3376698567901526e-06,1.3561273542819675e-06,1.2495894915155449e-06,9.900110881209366e-07,1.043133914905453e-06,1.0284406240823754e-06,1.062001540660533e-06,1.9324214130300764e-06,1.1564817475299405e-06,1.0972610670022575e-06,8.794984900120671e-07,6.396384552917111e-07,2.2455011346499146e-07,3.091216675111004e-07,4.3971904622087025e-07,8.91269113646292e-07,1.631087523279881e-05,1.595183238494546e-06,1.709295531794882e-06,1.1322824543524087e-06,7.393364370223828e-07,6.890678268470158e-07,5.805230391008831e-07,4.698649116082744e-07,6.507222722690789e-07,6.155473025258116e-07,8.038067938327617e-05,0.00035773510125375996,0.00022160513828973472,4.4032685285574e-05,8.453658787939454e-05,0.0001510624157984747,0.00026492423491012405,0.00019550344244205497,0.00014815579451841278,2.2285760097995295e-06,1.5390514622778532e-06,9.616633446843993e-07,1.014969089824762e-06,9.487043269521289e-07,8.341594720052632e-07,7.724866501223196e-07,8.891356413763736e-07,6.605388906994986e-07,3.733705895722132e-06,2.189526967331026e-06,2.462495224459568e-06,1.6272474457585147e-06,1.4724490482263464e-06,1.3284031438571829e-06,1.4529693937586234e-06,1.3514594849181529e-06,1.2733752051400784e-06,1.3342294961413574e-06,6.753317512313718e-06,2.150911061724008e-06,2.157965497938157e-06,1.913009633927101e-06,3.118118903364391e-06,2.2738298959929207e-06,1.9600788985200236e-06,2.252720082341334e-06,2.1208301956265745e-06,3.124616358937138e-05,5.383128913401768e-05,2.346980930987465e-05,3.27903241108839e-05,8.687478662976678e-06,4.908481204481572e-06,2.012562632728241e-05,1.0532899101596127e-06,1.691280029474867e-05,1.8945800343606278e-05,5.734571561091199e-06,4.890040388223466e-06,1.958175512232302e-06,2.126119872357275e-06,2.4057002253991935e-06,1.3966334162327308e-06,1.2553105794628646e-06,2.0331940113405976e-05,2.3352369685664274e-06,5.217345750907567e-06,2.673880393238223e-06,2.2968091582498546e-06,1.6571591986590338e-06,1.5625697009480832e-06,1.3797583350834735e-06,1.5244340998289004e-06,1.3997234709736317e-06,1.629964761208257e-06,1.9559649611583476e-06,1.7807297514725184e-06,1.2090374123683422e-06,9.080187979352519e-07,6.691625133122289e-07,8.139855330862615e-07,6.264476259323776e-07,6.805258847579656e-07,1.31787498452682e-06,1.2875789880360325e-06,3.6133490688649785e-06,2.3179437061445273e-06,1.3700688391582175e-06,1.177839478827344e-06,5.983972686278294e-07,7.425478621188926e-07,6.512572221776861e-07,5.907722191778325e-07,8.198803359501396e-07,9.665463444415675e-07,2.014446490468224e-06,1.4967490040210893e-06,1.196254410412452e-06,1.0028539124321976e-06,1.0773085858411202e-06,1.0667896299500454e-06,1.1366983795657176e-06,1.1692497938969878e-06,1.2725261878657728e-06,4.061756161773594e-06,2.3521459873980584e-06,1.4500749121025894e-05,8.664842516440695e-07,7.962326739149242e-07,7.760121425845277e-07,7.0544189577004e-07,6.756365576362869e-07,9.486111421293392e-07,7.611077478727846e-07
0.5000062584877014,0.0004732652925168032,0.00036917919836635033,0.00022987020296081902,0.0002776380085956907,0.00042838765672665897,0.00045010828883862214,0.0002498903340024418,0.0002977114275507903,0.00034554702111773677,0.0002081891594429526,1.7135095565588136e-06,1.0130611018173962e-06,6.83529082040587e-07,6.438772142987287e-07,4.26444235478035e-07,3.822809568402558e-07,3.6648785502227834e-07,5.073528206875734e-07,5.290792647714469e-07,3.488327248718789e-06,1.4281178068215639e-06,1.1591375149794453e-06,3.7957572090457883e-07,2.437444613147908e-07,1.532062025353674e-07,-1.3354765621648674e-08,7.511041845818301e-08,1.2646676011438343e-08,2.2564014580564803e-07,1.7490676194624383e-06,7.494314594912605e-07,3.053200718702564e-07,1.764264798586527e-07,7.765862071101083e-08,-5.307335829834416e-08,-1.0357378010077428e-07,6.954521376380173e-08,3.6582290653373e-07,3.617541810675557e-06,1.9134726819662713e-06,9.394146054209395e-07,2.3719333818669697e-07,6.26984301485381e-11,1.0612715928819711e-09,-3.136762195286833e-08,-6.813306104806986e-08,-1.348545445953633e-07,8.944132385930086e-08,1.78757078293818e-06,7.876936079006511e-07,4.2457996380728665e-07,3.4828977947539025e-07,4.777177461806459e-07,3.732414538147052e-07,1.8565465338960436e-07,2.505331482195028e-07,5.989943417516297e-07,2.9742846780988485e-06,1.4297974344915994e-06,1.1276519739607014e-06,4.233766141203982e-07,3.997565624030464e-07,4.037709875774223e-07,2.770747166957965e-07,2.468977897007958e-07,2.8063414684037855e-07,3.329493718273847e-07,1.7737794291653132e-06,1.3069689089706991e-06,1.038738122215586e-06,1.161518329680225e-06,1.2553284111264848e-06,9.161776468639448e-07,7.231268795766294e-07,1.085551416153315e-06,7.224176395365082e-07,3.614454632009434e-06,3.7862296361305034e-06,1.684592925531295e-06,9.824136489888035e-07,8.726465294622511e-07,7.909861383058851e-07,6.953244399178981e-07,5.388349104165845e-07,6.848888901953694e-07,6.963161105011656e-07,1.5878831854944023e-06,7.608115121707066e-07,2.0281446594183007e-07,1.6220659094394462e-07,2.2091302930141806e-07,1.7215263273935e-07,1.0996154218150841e-07,1.4969106394235825e-07,2.396886206636195e-07,1.5286470316844164e-05,1.21709099696018e-06,1.431845774948105e-06,7.495729623703115e-07,7.148328551333959e-07,5.828520844556688e-07,5.086044884307231e-07,3.323528739185399e-07,4.5731487170935843e-07,4.6171008918426993e-07,9.688266345767255e-05,0.0003702633778948348,0.00020997075489293313,1.6885134181034392e-05,5.133449844348179e-05,8.672251745239392e-05,0.00013351620116186023,0.00016325592337521048,0.00019008994724089488,2.1908660677474108e-06,1.1451954548882397e-06,8.026313650798126e-07,7.369809317796447e-07,7.335100847382085e-07,6.622018371358249e-07,6.68939329909498e-07,6.494067556658696e-07,3.54819619650131e-07,3.72835121970146e-06,1.7644747520452808e-06,2.270713381364067e-06,1.2334363051354296e-06,1.0663754751820915e-06,1.403053965565928e-06,1.3583971524963372e-06,9.731066710089491e-07,1.054163086462049e-06,1.1340811515182308e-06,6.458612457232105e-06,1.5219595250903755e-06,2.026960867039899e-06,1.930088341170602e-06,2.8867576696114237e-06,2.1788992958133635e-06,1.980472569552023e-06,2.100113253789589e-06,2.0373423465566117e-06,3.174561123092563e-05,4.620614534876824e-05,3.7123360849106635e-05,1.5935781586827423e-05,2.6066435170908095e-06,2.293556892891505e-06,2.3476971023677996e-05,1.313938788586391e-06,2.912106817484983e-06,1.312011070706052e-05,3.3326752321926714e-06,2.6366513308888954e-06,9.785326736841016e-07,1.175899853997426e-06,1.0022574145233529e-06,5.521775965241671e-08,5.518836616819116e-07,4.29096522877059e-06,1.1955865858491264e-06,3.618501269221317e-06,1.7968754600582122e-06,1.9541990512449885e-06,1.4182482686152388e-06,1.2427875746668566e-06,1.1761719306713737e-06,8.257176173184683e-07,2.195601237261017e-07,6.687610132732958e-07,9.988872300991278e-07,1.6944676406722195e-06,1.0507583891404943e-06,7.233494877644047e-07,4.0338041662264357e-07,4.249112876216498e-07,-9.659584747570559e-08,-3.882413342090606e-08,4.3777021795166473e-07,4.279403695772687e-07,3.513606220367779e-06,1.8868465568915206e-06,1.2178750149445152e-06,6.239782281284521e-07,2.21595234238631e-07,4.6190968877382544e-07,2.484100298187833e-07,-8.300351807743887e-08,1.3529400882135882e-07,3.35797836286979e-07,1.7672789249533025e-06,1.1283991781878847e-06,8.181385850649108e-07,4.0379169531581994e-07,3.4247032977068177e-07,2.1271391532584052e-07,3.4950578389129964e-07,2.773657754632753e-07,5.526147598903414e-07,4.066663895773849e-06,1.3976015030028232e-06,1.1609400373247216e-05,6.524973856217258e-07,5.10290443465269e-07,4.25581988259753e-07,3.3018086224660365e-07,1.9178932088992227e-07,2.7167459869364137e-07,4.312944479827402e-07
0.5100001692771912,0.0003026871657639427,0.00029991615744939495,0.0002055512144536288,0.00024138717520655057,0.00042662701118057237,0.00044363742430283807,0.00022256090050419073,0.00022002721207511986,0.0003279569339736445,0.00015863668268373336,1.578939168151463e-06,9.37692987059153e-07,3.6576020810358136e-07,4.204942119784298e-07,5.113810510208811e-07,4.494838953052957e-07,3.0818924406824843e-07,2.305507558806799e-07,6.066170903418044e-07,3.3304097480904675e-06,1.43575953750527e-06,1.139388659912552e-06,2.540431098779125e-07,2.697223191347028e-07,2.655393559783679e-07,2.3721749721482765e-07,4.2425554257238886e-08,2.7765625901579224e-09,2.7173096975927947e-07,1.5967495488183497e-06,6.82515553289011e-07,1.9282183173502986e-07,2.1352611884299475e-07,1.1109414042887132e-07,8.719108295341736e-09,-1.31242194674876e-07,-1.2927380909718384e-08,2.9610857957301366e-07,3.5062636014609284e-06,1.945470451902881e-06,9.12091895035088e-07,2.2481011062487356e-07,2.0658845126481044e-08,3.2263806853523643e-09,-2.7140367244960576e-08,-1.1678531719850544e-07,-9.63692127832419e-08,-3.0871211446279065e-08,1.6814850391267739e-06,9.266247008855835e-07,4.503265852150909e-07,2.740847493571511e-07,3.5928501334961237e-07,2.720289311062242e-07,1.8621088625156477e-07,3.1036068052522937e-07,5.193052122477335e-07,3.0465276500039058e-06,1.3589410182367543e-06,1.1366362563505247e-06,3.740116666401085e-07,2.754434070820223e-07,3.250464935538855e-07,3.684890278524337e-07,2.748210245001804e-07,2.3331351331190607e-07,2.545659802724545e-07,1.7781211516493638e-06,1.3237962472786505e-06,9.774564465023767e-07,1.0153602359944962e-06,1.1152871532774533e-06,9.041044601631316e-07,7.649162460930947e-07,1.034037177991831e-06,7.491363742190933e-07,3.6174489134602453e-06,1.6655613635138999e-06,1.687093384942817e-06,9.326000338432303e-07,6.623490921644307e-07,7.249370810415614e-07,7.837096691189164e-07,6.549679338555625e-07,6.320277862156016e-07,6.353870415556727e-07,1.8421765138779536e-06,8.669087602812225e-07,1.263442393288648e-07,1.634225953598538e-07,2.6315796606263254e-07,1.605511223020397e-07,7.514378092560152e-08,1.1984200947198775e-07,2.184062425253855e-07,1.4341965059067124e-05,1.3414380899635779e-06,1.5456532043220302e-06,6.010933011242184e-07,4.002828840873211e-07,6.091773721086976e-07,5.411955925939219e-07,2.5439456621571794e-07,3.8456053370886903e-07,3.1598915886471474e-07,3.752236848163763e-05,0.00029660224112733075,0.000203706967741126,2.1349230195576144e-05,3.2619937388057916e-05,6.994096855575941e-05,6.785254712115514e-05,0.00016360069571523306,0.00014508169854123704,2.1576039753386307e-06,1.2181787284410149e-06,8.206120093735249e-07,8.596760074308708e-07,8.299247395029341e-07,6.501637385472966e-07,6.788577613870398e-07,5.170843073045805e-07,4.529466893373551e-07,3.5861678613581783e-06,1.7673088361309882e-06,2.382620588132526e-06,1.3902764281521154e-06,1.1176823483521205e-06,1.1775006772185592e-06,1.2751520441375918e-06,9.614781254687309e-07,1.0927956733027764e-06,1.1785027016710256e-06,6.376908924954076e-06,1.662357128604334e-06,2.079530049429755e-06,1.841325195743826e-06,2.8117070735086114e-06,2.056381098760951e-06,1.850979891164275e-06,2.0557403093005333e-06,1.8815476767215321e-06,1.353171842319156e-05,2.0606246320520993e-05,1.6711985851207086e-05,1.3968097483773369e-05,9.015884699478114e-07,3.171229075419886e-07,1.678656937276604e-05,1.1945028808729803e-06,1.6105667872642137e-06,2.1273056779880213e-06,3.858981960878648e-06,1.5022026170141055e-06,1.0185981209789584e-06,5.026866769686254e-07,1.0330498215207297e-06,1.0734557960692375e-06,1.0229260383040774e-06,1.129081383125098e-06,1.7064088155407473e-06,3.4265106230969724e-06,1.986835597389671e-06,1.61582511477984e-06,1.2811345672821823e-06,9.296273229532496e-07,7.893185901499149e-07,8.569103739248673e-07,8.846972827798004e-07,8.478467118711859e-07,1.0756013478532212e-06,1.240033445459963e-06,6.961964657904232e-07,4.189877240099973e-07,4.4164314024698966e-07,4.814163783444567e-07,3.6779129211142217e-07,2.4130267382872897e-07,4.443259427994025e-07,7.417293312372279e-07,3.2570350407604805e-06,2.135979631909357e-06,1.054701487660389e-06,4.198401925740358e-07,2.616767875522416e-07,3.9859175211817584e-07,2.3662675145553764e-07,2.2099528504005325e-07,3.110704957803059e-07,4.3776331537219886e-07,1.5752172397819547e-06,1.0632037399175105e-06,7.333841126629556e-07,4.492037656219714e-07,3.056715282080617e-07,5.434187983968969e-07,7.307691854752907e-07,4.2708905144314084e-07,8.101799109407291e-07,3.587605898746908e-06,1.6152317805532507e-06,8.893260087658936e-06,4.886738654378945e-07,3.557100524012322e-07,4.201841711174198e-07,4.242612947219443e-07,4.964939127578027e-07,4.0773364340580384e-07,3.745483421935822e-07
0.5200085639953613,0.00019967186876603476,0.00025171785634011366,0.00018022426757649133,0.00021854624754469244,0.0004051578722505894,0.0003690649836847879,0.00020955390984463232,0.0001972047350081741,0.00030695094892238404,0.00014540449306824017,1.26436475046978e-06,7.728401197124693e-07,2.759809454579292e-07,2.9266764370926305e-07,3.401786733880032e-07,3.680346080375953e-07,3.4748246528535776e-07,2.0236062134194725e-07,5.665766648975113e-07,2.6710601143114477e-06,1.3251333344426908e-06,6.04154595117345e-07,2.0002496101517355e-07,-2.8421946165795798e-08,-6.050801159807317e-08,8.024104825369042e-08,4.524899686626946e-08,6.924380112712406e-08,2.306925463672085e-07,1.332722720565447e-06,2.7653171377781243e-07,-2.2655013586523583e-07,-2.3602248814479381e-07,-1.379543779905076e-07,-1.2135885130961927e-07,-9.210543192566031e-08,-1.179662335021298e-07,5.1981887920298686e-08,3.1068630971153313e-06,1.5705556977826506e-06,3.946492288132364e-07,-7.449580127824026e-08,-1.3793223221472117e-07,-1.4388685743397022e-07,5.8053569382990126e-09,-5.039515746557524e-08,-9.658520599902895e-08,1.831887068754114e-08,1.2521745075255242e-06,4.0805461335096827e-07,1.603270760768758e-07,1.7258950849804584e-07,1.400820981108709e-07,2.249740468871887e-07,1.6779739270384528e-07,4.026527697039467e-07,5.910296278704151e-07,2.786518698215112e-06,1.500594028391073e-06,7.886335091379246e-07,2.6023616169621286e-07,9.679659749517198e-08,2.3102818429373795e-07,3.1057581091858316e-07,1.5043683013215308e-07,1.811357646992623e-07,3.0013997358857667e-07,1.5025969268660949e-06,1.1277793840733427e-06,6.221913228692175e-07,7.126329455361182e-07,7.061226626698643e-07,6.590700793106509e-07,6.012779451249313e-07,7.702010334966736e-07,6.648225164730446e-07,3.1686187499518657e-06,1.7760687846881699e-06,1.351140528225333e-06,6.965332541468636e-07,7.637059938267403e-07,6.403586244159867e-07,6.289549879233655e-07,7.719994430550181e-07,6.000921394941854e-07,8.104649299511753e-07,1.3022351774944811e-06,5.265506198271057e-07,8.799235738641745e-08,9.266971779699757e-08,1.818027264401549e-07,1.4770254584122368e-07,1.7432579484119725e-07,1.2350929242072455e-07,3.7169872730407674e-07,1.294233908702845e-05,1.3926385483668416e-06,1.0326583877435177e-06,2.8342336415955735e-07,2.2477962423223255e-07,2.422618447670113e-07,3.729466561500158e-07,2.765112936468924e-07,1.361387119834982e-07,2.0041610718490783e-07,3.1341509494748796e-05,0.00015538471643716066,0.00014288275588029956,5.2763409471726975e-06,1.5518319045271914e-05,7.27614381662925e-05,0.0001076842546684181,0.00014685175460399543,8.130113720462392e-05,1.6922996555049716e-06,6.2938438588764e-07,4.678007527404927e-07,5.516754338680237e-07,6.650399477262205e-07,5.750904214537427e-07,5.473561447672371e-07,5.4517147836628e-07,4.1142681102753794e-07,2.929111034391748e-06,2.017533093919392e-06,1.874201606524949e-06,1.1739544770179538e-06,1.1279085198308503e-06,1.1527670093473757e-06,1.1107507205309691e-06,1.1144510783396465e-06,1.1057800004930883e-06,1.1144841531995873e-06,6.197135556876896e-06,1.9933637119195453e-06,1.8786609604673976e-06,1.9791944419209206e-06,2.802266933266561e-06,2.11028190377277e-06,1.8870772180886732e-06,1.9126386202808092e-06,2.035775173410375e-06,7.110560512571336e-06,8.77716100190233e-06,1.1003050757859715e-05,2.900870280936932e-06,3.2738589277786995e-07,5.46943140429194e-07,3.3082852552573944e-06,1.9143237124929216e-06,9.181238866658509e-07,8.892374544234955e-07,2.039235378975135e-06,1.4951752159028644e-06,2.6388115506542442e-06,2.0019925114668751e-07,1.102549880910525e-06,1.7338459937027414e-06,1.2813888122925095e-06,5.803628417357788e-07,1.0804665159467692e-06,3.008394349744545e-06,1.5314557487905865e-06,1.570134352827753e-06,8.823006496677445e-07,7.107189177717199e-07,7.516848640793988e-07,5.356456310958613e-07,6.531145912689684e-07,8.723643865265825e-07,1.0063957985206373e-06,1.2060218479641775e-06,5.400773747204463e-07,1.1890412148705861e-07,1.1766482086545202e-07,8.232188835518127e-08,2.5460394445951694e-07,2.072404574168603e-07,3.1218008542944933e-07,5.22602631980089e-07,2.9181523266671997e-06,1.641468197495656e-06,7.21199334260777e-07,3.4648274169271356e-07,6.860617534896172e-08,2.0200139960224278e-07,1.895088811988759e-07,2.8908980668610525e-07,1.8764230866830567e-07,3.946322599720494e-07,1.4131369085207405e-06,8.369009464831362e-07,6.260001086970052e-07,3.5765111526853856e-07,3.699656046431806e-07,4.478635147756758e-07,7.183045649972654e-07,4.741028077928588e-07,7.498410125395706e-07,3.3216311050472324e-06,1.3413854577951508e-06,6.106014030132604e-06,4.4856038769425405e-07,3.708376305157058e-07,1.3144409512425338e-07,1.8244898044264984e-07,3.791146861177523e-07,2.449386075623914e-07,3.6514731656850524e-07
0.5300024747848511,0.00034838460711209294,0.00029702294586798287,0.00015723211590283446,0.0002013871137461143,0.00031395204200242063,0.00030338013872512255,0.00019088005099945904,0.0001990089450341298,0.0002931538982205981,0.00012564681880564924,1.3933322576031644e-06,7.599855034946205e-07,2.699941082011726e-07,1.5013771835529758e-07,1.5654762621181803e-07,3.1908956747481427e-07,5.714913014772315e-07,5.803225766888944e-07,5.907725067853104e-07,2.8956420084027305e-06,1.4707277174720381e-06,6.100640659625879e-07,9.291360893812596e-08,-1.7912452560738608e-07,-1.1140015478519301e-07,-1.1831999069975709e-07,-4.4781922322410325e-08,-1.3369433603013688e-08,1.379877404579259e-07,1.522571266195541e-06,3.6512459557776315e-07,-1.8375932011125976e-07,-1.9577958703616784e-07,-1.4958004745594847e-07,-2.2116123455471265e-07,-1.817072407575435e-07,-1.6820263163998924e-07,-6.941291432403867e-08,2.969278726144944e-06,1.3682943010205258e-06,4.855996291082694e-07,-1.1091869986744658e-07,-2.428919927507524e-07,-2.956225229356234e-07,-1.6589486923855687e-07,-1.9839508943878822e-07,-2.538668064940544e-07,-1.7795453838791608e-07,1.1271446343699576e-06,4.3441038739663833e-07,7.379921596713983e-08,1.2167752039496153e-07,9.488256973077377e-08,1.6109355000506826e-07,1.254328112318883e-07,1.7848172289462418e-07,4.750406957777878e-07,2.386229774370758e-06,1.3339925075796948e-06,8.565313072691982e-07,1.96427566683529e-07,9.82524665475201e-09,8.775795729205462e-08,1.017353931030229e-07,1.1638324194461669e-07,1.4834247247920819e-07,1.3317980625244945e-07,1.4305256566252518e-06,1.2501949052561999e-06,5.307292688712745e-07,5.438893242304891e-07,5.616467851214707e-07,5.083062394763008e-07,3.6400350162951004e-07,4.7647844555903906e-07,6.085670690409209e-07,3.0845027661505063e-06,1.8621683972635422e-06,1.381048829836119e-06,7.392780527044005e-07,5.803280412309716e-07,6.033009761233953e-07,6.516256473566785e-07,6.279055082370711e-07,6.583884495883933e-07,7.572696260822669e-07,1.422872421642436e-06,5.666894070287878e-07,-2.7876067173034308e-08,-1.3454277808948766e-08,6.120057040448501e-08,3.087926445565592e-08,-4.154202408560403e-09,4.312904214780509e-08,4.998692741166275e-07,1.1846036328142041e-05,1.3166911921484182e-06,1.4165608755433043e-06,4.2584716235423457e-07,1.1525898431410836e-07,3.631524711028602e-07,3.0973542186861e-07,1.9386843534654692e-07,3.294770867485596e-07,4.462644171994093e-07,8.180636345562105e-06,7.346959363861508e-05,7.400662122364151e-05,2.4772896093110736e-06,2.2691208987597888e-06,1.2479121647053313e-05,6.742468037909217e-05,0.00011304710564403691,7.697677125664029e-05,2.0567535504446315e-06,9.457626776697448e-07,4.3998479553030724e-07,4.5668846262282817e-07,6.451211166399794e-07,5.17295123585768e-07,4.3203762570523525e-07,4.308075285229164e-07,5.66064723587124e-07,2.982717329346355e-06,1.99781846414235e-06,2.0520868315107282e-06,8.369225170439672e-07,9.819543398468434e-07,9.817699834536083e-07,1.1312830183672418e-06,8.060147794480145e-07,9.24538971456971e-07,1.120747956457413e-06,6.047130137961362e-06,1.8885998120758594e-06,1.9498590544058042e-06,1.7264461409078196e-06,2.545090627526086e-06,1.7389182391802664e-06,1.7962795373643231e-06,1.9152437688142306e-06,1.8618580687950542e-06,3.672040983044826e-06,3.034203094367542e-06,3.558396051895827e-06,1.2137001047975572e-06,6.245730003924304e-07,5.452807692078234e-07,-5.961499037967245e-08,1.1829571662863528e-06,8.711489573256287e-07,7.687020233226627e-07,1.827922112065916e-06,1.1625554422449764e-06,7.712712209213657e-07,2.1787250056818496e-06,3.675278436618065e-08,5.417733960167133e-07,5.626689420973793e-07,5.777286448471049e-07,1.4054497358555505e-06,3.056942348184298e-06,1.5688947645986687e-06,1.4665712142036556e-06,7.782413881445355e-07,5.797229150977943e-07,5.185088271418553e-07,2.5451449853393794e-07,3.682914415152223e-07,6.045699003152097e-07,1.071331527238607e-06,1.2421577142905934e-06,6.631923572891813e-07,-3.951841787218453e-08,1.1546577409060768e-07,4.3605320130952056e-08,1.2479978717336988e-07,2.9022758186806582e-08,1.6515111630110607e-07,4.1050848035109556e-07,2.969032677947732e-06,1.6607022351773844e-06,7.151759708543466e-07,2.761256120192353e-07,3.4555750843680445e-08,6.199264139819706e-08,1.0056914478076366e-07,1.1754316290236539e-07,1.1987796040670583e-07,4.876180583870896e-07,1.2050805086895154e-06,8.660157390628217e-07,5.380428394228724e-07,2.0473942279038274e-07,2.6687586792745233e-07,3.1245475057069644e-07,5.6788844260351e-07,3.243591116820729e-07,7.787300332492254e-07,3.185291499240529e-06,1.3143759519525645e-06,3.6736210985275613e-06,4.814112014098573e-07,1.9082727387686278e-07,7.566176199302168e-08,2.99008238163647e-07,1.355724128598167e-07,2.659207234938587e-07,4.2602461616800386e-07
0.5400108695030212,0.00039311004332587393,0.00024583718535726225,0.00014395720622302683,0.00018304957388197768,0.000346324173336363,0.0003057295835030896,0.0001805103840970725,0.00014802175332776448,0.0002747087149305506,0.00010346578234245074,1.2558245340255962e-06,6.483607272693082e-07,3.7438785722100007e-07,3.6239606343638876e-07,3.3313056453836456e-07,3.678755611024019e-07,3.428839093236802e-07,3.2255437475921805e-07,4.3714323365017893e-07,2.6193744620932276e-06,1.1655370689667673e-06,5.469563703731706e-07,1.4294292969200847e-07,4.859530986984193e-08,1.7278767005021266e-07,1.6364635397754e-07,1.817380147576621e-07,2.060488996365593e-07,1.8563538368859553e-07,1.4711930663710305e-06,3.0479978994301417e-07,-9.921738963535848e-08,-1.3306131197161825e-07,-5.4881834118409655e-08,-9.312672607913572e-08,-1.2495480760387502e-07,-1.5889306519283522e-07,-9.939714430894941e-09,2.82330757731975e-06,1.3140592961195667e-06,5.773415251820591e-07,-2.159040574689974e-08,1.4690242183813478e-07,7.870838800478301e-08,1.733237703887315e-08,2.577193086584593e-08,1.6357330167819264e-07,9.792977095749053e-08,1.4584192678544286e-06,6.632314719061549e-07,4.661907260800716e-07,7.104117529854873e-07,7.059549875103384e-07,5.98870670536199e-07,4.842849753274934e-07,5.097163789396884e-07,5.598966936193874e-07,2.7308240853645924e-06,1.3953334304333198e-06,9.275185849264174e-07,3.979641926017346e-07,3.661579692453038e-07,5.609878763899549e-07,3.649894200632226e-07,4.659433836492104e-07,3.0374944743428645e-07,2.2343822295602619e-07,1.517237585520745e-06,1.3452405484268554e-06,7.464412045451373e-07,9.012148678342196e-07,8.506080312650233e-07,7.633562631338014e-07,4.824264558063e-07,7.228752230336018e-07,5.558512068374149e-07,3.083816822316082e-06,1.6773610355033767e-06,1.3400880604630394e-06,8.68753474643484e-07,7.246115093767531e-07,9.117654605478466e-07,9.194480314933925e-07,8.728452662293735e-07,7.950644123403207e-07,8.253425771674878e-07,1.4994772485549862e-06,6.836705849196382e-07,1.7523751054565147e-07,1.4763812176620862e-07,2.8362095049676873e-07,1.6299751150774558e-07,1.320843093697157e-07,8.297159364740906e-08,2.805536167466098e-07,1.0692391253165107e-05,1.1415888571173074e-06,1.4602984951140197e-06,4.751114472173132e-07,3.6792502958857414e-07,4.2968729739709664e-07,4.0353773791297046e-07,2.6437023158133107e-07,2.7317648494242995e-07,4.074213016849719e-07,2.6802323481879784e-06,0.00015735665454241806,4.935916628237952e-05,1.4579993609369193e-06,1.472726877049849e-06,3.0634660623197624e-05,3.83052722746039e-05,0.00010205835789365298,6.34838631617107e-05,2.157334487131983e-06,1.0583241914500753e-06,6.396381676842333e-07,6.79310167949534e-07,8.965763344331353e-07,6.024496579892676e-07,4.665516734646428e-07,4.89065874430062e-07,3.8749010347718786e-07,3.475919718325096e-06,2.17308933715542e-06,2.2676247646605546e-06,1.2963999093784964e-06,1.3046300849616702e-06,1.453104281665686e-06,1.4131898282966456e-06,1.3189290659327583e-06,1.2106065987669232e-06,1.2686702344116348e-06,6.269764785624566e-06,2.2586991541961916e-06,1.883704445197148e-06,2.199887595305602e-06,2.8724407131729764e-06,2.2340746333628123e-06,2.04344638386055e-06,2.234717723683052e-06,1.9987140738280507e-06,3.248241010717186e-06,2.2022534544175394e-06,1.0116406084848098e-06,2.0729980521989312e-06,4.270407333868798e-07,3.9681520072813994e-07,4.640986692869488e-07,4.4691814899632556e-07,2.6616116334525416e-07,1.3617006119857257e-07,1.4167495460487055e-06,8.191288176107899e-07,1.6845745186527188e-07,6.793087299121446e-08,1.303017182226472e-07,3.2714459010404125e-07,3.1515193349699657e-07,4.6846656405147365e-08,4.988830680754373e-07,2.4660652960808267e-06,1.3767384565671428e-06,1.1486363907519903e-06,9.286733289495667e-07,8.718067156272334e-07,7.946862085070849e-07,3.376100510042556e-07,6.962637659402159e-07,1.1574006534213384e-06,8.565551786898512e-07,9.718190523310813e-07,5.179223954947315e-07,2.295556340076793e-07,2.221183922406507e-07,1.9202573423662944e-07,-3.5720561128551095e-08,3.115444729036309e-07,2.501575328535666e-07,3.0501290708402393e-07,2.815769816739249e-06,1.594492117725523e-06,6.204216740586476e-07,3.5236287657522634e-07,-3.181427636580766e-08,6.663491369649194e-08,5.7918681475927496e-08,-3.0995745484142986e-08,-2.4239558224416346e-08,2.6302537901539177e-07,1.137668767195632e-06,7.287746276171237e-07,3.039217243134562e-07,2.600607211347879e-07,2.6833605109196814e-07,2.9477695695105046e-07,3.352151435370661e-07,4.836815748391829e-07,9.105060274027976e-07,2.929439050720117e-06,1.3036292109391147e-06,1.769806131860255e-06,4.965281380476544e-07,2.715279188799909e-07,2.7764849361389935e-07,3.1077195921840563e-07,2.394283358962595e-07,3.175540311511297e-07,4.1889338875729666e-07
0.550004780292511,0.0003212098489153735,0.00022739696272099086,0.0001233358190944474,0.0001700881724589317,0.00029627286556602184,0.0003177459803817772,0.00016925568916330676,0.00013945041315276883,0.00026109478966199494,9.498399623344568e-05,1.081053810416326e-06,4.631556043674203e-07,7.335112351681191e-08,-2.453406828162814e-08,4.406175319813476e-08,2.926291043072452e-08,1.1487991765843942e-07,-7.408481019254204e-09,3.0694419129708683e-07,2.155289885572688e-06,9.406459968369081e-07,4.6430287059614833e-07,4.417679618923313e-08,-4.3750619428709416e-07,-4.0958986206717546e-07,-2.7669392439526117e-07,-4.380791083827638e-07,-4.151122132473726e-07,-7.703106119456959e-08,1.1152569544922901e-06,2.0793014014849463e-07,6.215197594086787e-09,-1.7765657704097155e-07,6.612095913375963e-09,-1.2695281675177621e-08,-1.76627517485597e-07,-1.4249224877438098e-08,-4.482851473380515e-08,2.6707617215532864e-06,1.1756605645759414e-06,4.280778459516311e-07,7.306555805215812e-07,1.0879213017699405e-07,3.504111722312434e-07,6.458657323998633e-07,5.840488191705689e-07,1.2240257884635862e-07,5.923879979878085e-07,1.1133443647652807e-06,4.21437564505436e-07,4.888262974010992e-08,3.067707639880052e-08,2.2367348587282227e-07,2.057184386446294e-07,-4.547620677368869e-08,2.1794607056099172e-08,3.631205466728304e-07,2.5472271196745205e-06,1.2075664439234114e-06,5.222373704833519e-07,9.028573941396252e-08,-1.2361311872019084e-07,-1.761046470910552e-07,-1.2891286171261275e-07,-1.5374863023839606e-07,-1.0618094188653987e-07,-1.1577380169927351e-07,1.364376943369889e-06,1.220313351140844e-06,5.498957187957326e-07,5.599369586662718e-07,5.021238291346768e-07,4.613373498931113e-07,4.019682639069115e-07,5.787030589817077e-07,3.9621467631460677e-07,2.8454172583677195e-06,1.5654467823517132e-06,1.0677726723089804e-06,7.62361141260801e-07,6.37544385246244e-07,6.815083519019451e-07,6.938582169963499e-07,6.335081019035594e-07,6.747748856329603e-07,6.580726565778283e-07,1.2345608503734158e-06,3.935568956127578e-07,8.140557093108303e-08,1.4306660090743913e-07,1.9756965597765756e-07,1.412319528068986e-07,1.0066693132319733e-07,3.931968110506196e-08,2.011250596175512e-07,9.63537653856121e-06,1.1785098918579692e-06,1.0690145613978868e-06,3.5853522065512917e-07,3.9923915655058166e-07,3.3918383912248043e-07,3.3457176560934873e-07,2.391277860820152e-07,2.8795893408360865e-07,2.572507960772115e-07,2.844319029213947e-06,0.00010507509918761666,3.1506278955926934e-05,1.2039678991618557e-06,1.0326852790426866e-06,4.513665163331243e-06,6.0176191085595854e-05,9.136263614589557e-05,5.58977201008735e-05,1.904158657603213e-06,7.449306900720164e-07,5.072395033413414e-07,4.4659344015395037e-07,6.178050212261161e-07,5.61939569533816e-07,4.312898462630963e-07,3.65800185542988e-07,3.177608209276289e-07,3.089254616897822e-06,1.695089160431628e-06,2.036158266570732e-06,1.3128895965075742e-06,1.2535599127458256e-06,1.2773070869683413e-06,1.351316831609191e-06,1.1934216205603948e-06,1.2860985285443362e-06,1.105191843201098e-06,6.23961014820909e-06,2.0490787449009847e-06,2.3709959252932574e-06,2.0844252725047275e-06,2.8702839446973606e-06,2.155106679609364e-06,2.0612208135927184e-06,2.1289763898262464e-06,1.8716347097860673e-06,2.993074074619982e-06,2.0404536842508656e-06,9.243730219423115e-07,3.1815051467960053e-06,4.3866467720745405e-07,3.0031023721540215e-07,1.1032421521094592e-07,3.356514440808065e-07,2.3549472842313028e-07,3.1464143022399793e-07,1.3308942560256782e-06,8.100125233886812e-07,1.3564404150214935e-06,1.515720168468145e-08,-4.496138938852375e-08,5.726610010892232e-08,3.0758756922480375e-08,1.5580502370427853e-07,3.278009103682571e-07,2.239720080543485e-06,1.197485658024682e-06,1.1451195265141149e-06,6.68943931629142e-07,9.073476658859319e-07,3.7345284531084844e-07,3.6946372959451406e-07,3.105979566943697e-07,5.272339751942299e-07,5.546406669635829e-07,8.151020253148708e-07,3.0185986630549654e-07,1.6553823596615187e-07,-9.364154346430055e-08,-2.0160622692782013e-07,-2.793724128355078e-07,-9.460589133718232e-08,-2.1083497567372734e-07,2.7004904122942086e-08,2.5913456753495098e-06,1.3789787750150438e-06,5.373373382799622e-07,2.488955112412174e-08,-1.641114152690551e-07,-1.9119253537360007e-07,-1.9632000148685225e-07,-1.1606083396206378e-07,-9.535568403166573e-08,-1.4286038634589651e-08,8.89672604537325e-07,5.72304367816819e-07,2.1608151128276616e-07,-7.541240630981633e-08,8.816894837775348e-08,2.5537990943447495e-07,5.880349150083869e-07,5.50282263245824e-08,4.862145338956899e-07,2.7526409820002168e-06,9.45128503181315e-07,6.530331983527664e-07,2.5381244868076044e-07,-2.1030894159693043e-07,-1.923400892098057e-07,-2.1622531502163933e-07,-2.0047966843748962e-07,-1.975630410056695e-07,7.078882849757441e-08
0.5600131750106812,0.00026968663509972394,0.0001649698798737897,0.00011185997471803351,0.00015355944203953486,0.0002823734588141959,0.0002599263716289236,0.0001610236751931351,0.0001174124096404029,0.00024807231881755434,8.031054227332316e-05,1.4738450949233244e-06,8.173099879215253e-07,2.389816814833205e-07,6.118772873060363e-07,4.444813946411241e-07,2.319232187644828e-07,2.58561567157038e-07,2.50105044488878e-07,3.4998163046323014e-07,2.1534201493598625e-06,9.351496741334468e-07,5.782440374472254e-07,9.174822343829997e-08,-1.9680692094667576e-07,-6.465976934307265e-08,-6.752390841020429e-08,-5.012063612806678e-08,-1.0072660987482972e-07,-1.8651488735554223e-08,1.1649404272541834e-06,1.5966442844814953e-07,-2.671833203211628e-07,-3.590529141150716e-07,-2.791142851242309e-07,-2.464299961382424e-07,-2.810549165803208e-07,-2.693572014417046e-07,-2.470067929348616e-07,2.6397219721250487e-06,1.197259454743435e-06,4.5152058765895264e-07,-6.552834392586498e-08,-1.966477302077435e-07,-1.854455627532834e-07,-2.3221672219552249e-07,-1.422863218203148e-07,-2.2055970351500735e-07,-1.706770625747752e-07,1.1973835573700822e-06,3.844838863160498e-07,4.218195072358822e-08,-9.921163748580411e-09,2.292303499503474e-08,5.339591008463593e-08,2.175937514007528e-08,1.0458946590843344e-07,3.287008341661236e-07,2.5870387533702667e-06,1.1275330482686533e-06,8.37038135250021e-07,2.2396742071507842e-07,-6.376372824615556e-08,-1.1065597043652574e-07,-1.11265554485608e-07,-1.0132296397993555e-07,-6.818252953424219e-08,-2.8652032147992532e-08,1.8068806051902945e-06,1.4337192500581409e-06,4.48534359217518e-07,3.250542589557845e-07,4.7274371865677084e-07,4.4142455856390293e-07,3.1725204329949636e-07,4.5155898325723185e-07,2.9121824582516295e-07,2.8580446646781488e-06,1.5201171115879361e-06,2.05418032634124e-06,7.143209138230083e-07,5.131758654857537e-07,7.089981622323669e-07,6.725196115962167e-07,7.100256399466136e-07,6.772917386707138e-07,6.244815412145073e-07,1.414848460620806e-06,1.351161092159992e-06,1.3601058285216237e-07,4.949537747144739e-08,5.635596624559576e-08,1.8241935687244167e-08,-3.645511062671385e-08,6.608860329251366e-08,1.4751330012086708e-07,8.913013544445472e-06,1.2273339934763578e-06,1.997939978301698e-06,1.8928023325406807e-07,1.1656371563690224e-07,2.424187346461216e-07,3.6000791474492647e-07,1.2377461031894506e-07,4.1044606952842326e-08,1.6093349644370283e-07,2.4159870820557278e-06,4.5140053454559204e-05,2.799336040503845e-05,1.166733947485406e-06,1.1054757117816335e-06,3.6979063863409395e-06,3.6363046897872424e-05,8.243738346523463e-05,4.4917568362784426e-05,1.6501602706880897e-06,7.614361956123704e-07,2.652340606407406e-07,3.1181942565235606e-07,6.673525994547744e-07,3.564555309835493e-07,2.7803561327894525e-07,3.783811432457616e-07,5.070078355180172e-07,3.18379090722539e-06,2.3985869734558455e-06,2.0034604600332898e-06,1.0028442775816933e-06,1.2013167334319947e-06,9.846802835209183e-07,1.1304518327565567e-06,1.0605906821784511e-06,1.101652833187436e-06,9.93487543508189e-07,6.10040453388665e-06,1.794517510151913e-06,2.1017268755434817e-06,1.8351650749817275e-06,2.42531980090484e-06,1.6692904820703516e-06,1.9107442936286363e-06,1.8007519774470089e-06,1.5947367278853456e-06,2.797331013733488e-06,2.8942531518926956e-06,1.002415742439852e-06,5.359123870314705e-07,1.2520157481978084e-06,6.511174449435019e-08,2.347426348688249e-07,4.3484697554785635e-07,3.8064044378719385e-07,1.6943045672323375e-06,1.766054148509322e-06,1.0119154174297959e-06,3.3985327428768165e-06,1.243971367045257e-07,7.118371356451956e-08,4.5269258813076667e-07,7.625085400931456e-07,4.944337803947097e-07,3.6655250918327557e-06,2.489777525994796e-06,1.437530049138273e-06,1.2736231227858952e-06,1.1955864420453874e-06,5.750406653600926e-07,1.0804716928813686e-06,7.97308613489171e-07,1.686773277820086e-06,6.736670216286834e-07,8.94254766872771e-07,1.0417555560683563e-06,5.021336077889203e-07,2.407340738452255e-07,6.396348601982392e-07,1.3152133211240214e-06,1.0706037365161713e-06,7.886156774743041e-07,4.2270145556638984e-07,4.194499092267347e-07,2.779878129161439e-06,2.0448454504360443e-06,1.1133639220737675e-06,1.5591230129347755e-07,5.665286344487279e-07,5.303939185522229e-07,8.735089204842718e-07,8.362633207049737e-07,4.276592332677721e-07,5.814830728615988e-07,1.1773340086852055e-06,7.707080854799395e-07,6.622941591361812e-07,7.357998716722814e-07,7.784779452949813e-07,4.2921030039525537e-07,5.675627271349629e-07,6.394901936369331e-07,1.0689665309491034e-06,2.833511603022693e-06,1.229351272325267e-06,1.1393971443331455e-06,3.192107940266842e-07,4.1258054842451516e-07,6.109199858163593e-07,2.395612105509781e-07,-5.7143291715925026e-08,-5.2695298268847336e-08,2.409609961451669e-07
0.5700070858001709,0.00012457605041385204,0.00017148608285236564,9.516039165169674e-05,0.00014246642622459888,0.00029298911984358813,0.00019636334738503815,0.00015319432089524684,8.964077159210824e-05,0.00023174465823713934,7.101605451101251e-05,8.335544896758249e-07,4.025414656100589e-07,3.7105678741374783e-08,-1.8122866191457636e-08,2.161758465354667e-08,6.109688790875748e-08,8.747797141246908e-08,4.285969774489609e-08,2.589432222800067e-07,1.7250184573882898e-06,8.429486127214359e-07,2.773319815846401e-07,-9.154402212910044e-08,-4.411927469368398e-07,-4.312636739826215e-07,-3.562756325062193e-07,-3.399657000507325e-07,-3.565850981522737e-07,-1.8161218648614846e-07,6.979796321524473e-07,-8.605474580884411e-08,-2.148460933621092e-07,-3.3383304580275885e-07,-3.1418672280168185e-07,-3.4857379185966437e-07,-3.2813467884618125e-07,-2.136965262735593e-07,1.029433445095549e-08,2.562024883913889e-06,1.160461659806987e-06,2.830274724664403e-07,1.0499528005953284e-07,-1.4538615521545912e-07,-9.877433031589105e-08,-8.422613746533621e-08,-9.570541472460465e-08,-3.253430168634415e-08,1.5548707363763057e-07,9.642377192177018e-07,3.1208129226084353e-07,-5.9508863220384195e-08,-1.3996461045621182e-07,-5.375858311407355e-08,-7.597237806898719e-08,-8.609731171555056e-08,2.9015999411079565e-08,3.6664733336868843e-07,2.354144715564653e-06,1.3094616029803222e-06,4.958437760543584e-07,1.0483048097478443e-07,-2.033602011308528e-07,-1.7595020187550561e-07,-1.060325364280231e-07,-1.515377915569641e-07,-2.6292644204304732e-08,-1.973850119769453e-09,1.4020965202725125e-06,1.1040973529445365e-06,3.970225657195948e-07,2.4128340412772004e-07,3.724240733629516e-07,3.632495386265994e-07,3.052757803186834e-07,3.3687363205748714e-07,2.292546527822183e-07,2.8508400973606166e-06,1.448599054330537e-06,1.1244166774435387e-06,7.106113525750428e-07,5.968354162199307e-07,7.71355777519823e-07,6.278993246762995e-07,7.342420457690713e-07,7.760568655473172e-07,7.719922528680746e-07,1.1342954190891516e-06,2.2315507339418543e-07,9.749519605861665e-08,1.2303056977401655e-07,1.2416345562885728e-07,6.243656354009753e-08,1.2168140309591105e-07,1.1675569362829758e-07,2.4159430781116326e-07,7.941823633471959e-06,8.83464453326443e-07,8.92434355342379e-07,3.826341388229278e-07,1.4757254726128268e-07,3.0549263635690374e-07,2.205581216738797e-07,2.3234686457920234e-07,1.2864423632839815e-07,2.7008628639779016e-07,2.9219977824484e-06,5.070621588184139e-05,1.19152247648297e-05,1.215272023467177e-06,1.1446016892504332e-06,1.34016326981847e-06,3.270377209174604e-05,7.492299041708564e-05,3.4732782449672354e-05,1.7574572733920221e-06,6.403281380233456e-07,2.5685476058035546e-07,1.8267834740615196e-07,4.917051044495963e-07,2.1789113753274285e-07,1.655790762279918e-07,1.4180702395865148e-07,3.2126201055796733e-07,3.1095653850743614e-06,1.9491177461319147e-06,1.8234315527121318e-06,1.2576035300791928e-06,1.2039254770588883e-06,1.3024938804207133e-06,1.1821098746569136e-06,1.1537880158933734e-06,1.2393811517004353e-06,1.249747819432044e-06,6.02838388256189e-06,2.037502831529194e-06,2.0938265857372824e-06,1.8483245551259868e-06,2.431360276956196e-06,1.976900053267204e-06,2.022635969593297e-06,2.0244581067685555e-06,1.6750176097747043e-06,2.4820920789744726e-06,1.648056709595857e-06,1.1184859236449424e-06,3.263385701476585e-07,2.57771797023148e-07,8.519638129151163e-08,-2.4145036026855155e-07,-8.722645867318064e-08,3.1843353481807626e-07,2.245665070912229e-07,1.1932240342231834e-06,2.975158429616239e-07,-7.264821084120104e-09,-1.1359071713944402e-07,-1.7872604544696935e-07,-3.4106795570919476e-08,2.13514470740146e-07,8.16542075955943e-08,2.419155653638052e-07,1.8702296034535406e-06,9.476943932940243e-07,6.587059682438247e-07,5.33612677639415e-07,7.875023489279484e-08,1.232911421488544e-07,3.696705193710139e-08,6.273164881226466e-08,1.5836947577959913e-07,5.32188301605879e-07,6.405983452486877e-07,2.7239030990201177e-07,-2.735978298973276e-07,-3.075918833369707e-07,-1.8609656227916112e-07,-2.695694557602811e-07,-2.3634734079090765e-07,-2.0015812327736987e-07,2.4566567926613283e-08,2.019919804573465e-06,1.3082855760038197e-06,3.508539439432329e-07,-6.284122726128595e-08,-2.6464791660109475e-07,-3.4609389638280134e-07,-2.503503736673954e-07,-3.1151786921193963e-07,-1.9531438194091387e-07,-5.6997043313491143e-08,6.480433524176156e-07,3.5597004956111417e-07,3.0189854951125336e-07,3.580618187467595e-07,4.4094425407606727e-07,2.559601575208272e-07,4.4949367395953917e-07,4.0753763890972023e-07,5.76112866037129e-07,2.162607338825236e-06,6.393154720942023e-07,4.4668978865899535e-07,-3.3200256801064504e-08,-1.5960431848530066e-07,-7.529894515984552e-08,-2.568941628048069e-07,-2.79125645619602e-07,-2.676977062951112e-07,-7.582771150768489e-10
0.5800009965896606,9.079273847745252e-05,0.00014851298229803464,8.174911691282062e-05,0.00013081758249903117,0.0002047339260362681,0.00020571857439535897,0.000147925671722459,6.103562176384821e-05,0.00021605029321670183,6.177996832313292e-05,8.927418077360893e-07,3.3542351515469285e-07,1.7707402809479716e-07,-3.725954874197064e-09,1.2243191480908865e-07,-1.4304157905687604e-08,8.045948613303829e-08,5.4039575619831096e-08,3.2337779496800436e-07,1.9328956058590098e-06,6.739882791813256e-07,4.1616873931687167e-07,-7.217207666179304e-08,-1.7364776021241167e-07,-2.2915701004352392e-07,-1.823481740216998e-07,-1.7017705697471413e-07,-1.259733694863119e-07,-9.926700192526966e-08,6.618879135738654e-07,-9.101353013639836e-08,-2.915128996861137e-07,-4.125329493869482e-07,-2.5496517945156575e-07,-2.0875212231989235e-07,-2.5136260818532174e-07,-1.729146487516376e-07,-2.948469893718819e-07,2.5456016341121705e-06,9.681122952560239e-07,1.5749069113134663e-07,1.741031866534214e-08,9.720399348739893e-08,7.626099217290502e-08,2.1172526462108943e-07,1.2162488822653377e-08,6.399036293861936e-08,4.1998888564003e-08,8.781624094741989e-07,2.023209315100183e-07,1.9051033043638683e-07,1.0959469884364356e-07,2.7093127716740725e-07,2.4148659881074735e-07,2.2859401840583628e-07,3.3538109305172526e-07,2.7490011655656047e-07,2.4818831321418904e-06,9.48736179480289e-07,5.463565649783316e-07,-3.162330500058433e-08,-1.748456453572229e-07,-1.290875832553433e-07,-2.451393575818581e-07,-1.9531639519325822e-07,-1.0384815763454367e-07,-7.349708431176797e-08,1.6036846279292343e-06,9.422256090065574e-07,2.5185384175731144e-07,2.3883169418367584e-07,1.444331678379484e-07,1.7038701043346857e-07,1.7903335403694056e-07,2.2470916040018477e-07,8.43431937087786e-08,2.8462268015157042e-06,1.420357797562635e-06,1.097403792213089e-06,5.180020627660672e-07,6.901242810146457e-07,6.148717125605867e-07,6.138856503231352e-07,8.06826911063299e-07,7.539522176302079e-07,9.187709315889094e-07,1.2949473478121413e-06,3.433923993443348e-07,5.209434244409653e-09,2.505046750792053e-08,-1.8497474931221414e-08,-3.714349912469835e-08,-2.1797195523398955e-08,-3.404582278563725e-08,1.5848394355574185e-07,6.691786768524781e-06,1.021915313725409e-06,1.1287519287593398e-06,8.441912208290356e-08,1.9360441168197497e-08,1.5814240967591865e-07,9.351269531427e-09,9.342166754756388e-08,8.840924442541006e-08,4.755906012752379e-08,2.3464058454553383e-06,4.086578412747923e-06,9.37273741638843e-06,1.3880153300639472e-06,1.4007896318936354e-06,8.112006298792489e-07,1.2515865371783946e-05,6.854678555523707e-05,2.981305521759597e-05,1.7010509758378209e-06,6.619192627889397e-07,2.6933146057244614e-07,1.7336791813656478e-07,1.620597673265554e-07,2.1555332014988605e-07,2.6620286642952745e-07,2.3138309192127611e-07,2.3793479026432454e-08,3.300165592847544e-06,1.770252282960108e-06,1.945255393411397e-06,1.0399255096874597e-06,8.486971671828804e-07,1.0274434170551613e-06,9.721935172671062e-07,8.973457563379747e-07,8.475680202252504e-07,9.039042853586205e-07,6.048540852639705e-06,1.6340458394156004e-06,1.610061748533292e-06,1.7187035319012947e-06,1.8134853671129879e-06,1.5687872713038614e-06,1.6957142033826392e-06,1.419420053381445e-06,1.5642910317023917e-06,2.8376335214918764e-06,1.7378081462180373e-06,8.773824179945524e-07,3.1432103549378905e-07,3.3920354023470605e-07,2.566709794020752e-08,3.9440404343845796e-07,7.207788521283127e-08,9.324214295995501e-07,2.6865917809321545e-07,1.2560861849284754e-06,3.943002171389919e-07,4.948516740598744e-08,-1.490771657811099e-07,-1.675025950391565e-09,1.6048986190927987e-07,1.378018022235634e-07,1.2225474860279633e-08,1.9000788017276452e-08,1.8978564587471077e-06,8.61123104455149e-07,7.691069746513287e-07,7.936302576525413e-07,9.345373578133032e-09,-9.905172772817701e-08,-3.4226584085400514e-08,3.536435926736288e-08,5.23850560826028e-07,1.8520066498598258e-07,8.168270949663901e-07,1.7882642045670238e-07,-3.906792389941722e-07,-5.390002847162883e-07,-4.825138884795348e-07,-4.4044453608348413e-07,-4.3470662309871654e-07,-2.5835448977306104e-07,-6.822653347833734e-08,2.251159308461477e-06,8.893054735919822e-07,4.0669466139244727e-07,-7.871112027582176e-08,-2.966298681264281e-07,-3.740072087242037e-07,-2.8757253343725726e-07,-3.464557065898055e-07,-3.096035538400635e-07,-2.3590773276117317e-07,7.776655979740884e-07,4.1151338087833933e-07,1.2489369101485373e-07,3.364647261260021e-07,2.810576488513592e-07,-8.005338437446138e-08,3.4745672441609963e-07,2.699012109858607e-07,4.079205882663388e-07,1.997381516481785e-06,3.813476705749706e-07,4.418377067056847e-07,3.364403513922612e-08,-3.600034568290215e-07,-4.6408083762332866e-07,-3.3096660587580536e-07,-4.652761343008402e-07,-4.2002109767753793e-07,-1.6766969498372614e-07
0.5900093913078308,7.440891045749359e-05,8.095565735020611e-05,6.543280992519709e-05,0.00011805409413529128,0.00024567256804043983,0.00016393809149866637,0.00014068126731796906,3.6322728355997153e-05,0.00020147732585801398,5.2493974184855066e-05,5.39603685204599e-07,1.3774593447101103e-07,-3.5558379271850184e-07,-6.383722633709353e-07,-6.327548579193432e-07,-5.132525128785732e-07,-3.328786203878593e-07,-4.593938423622441e-07,-2.687552389907826e-07,1.7486076632036534e-06,4.942119631274981e-07,-5.418985052695325e-08,-6.029046530190619e-07,-8.32951376794992e-07,-8.291673252102905e-07,-6.695067794630905e-07,-6.294370180560675e-07,-6.570612848823354e-07,-6.766825860328484e-07,3.65107914344054e-07,-3.041292331086499e-07,-6.414677826539134e-07,-9.077237126630848e-07,-6.145691494939983e-07,-6.425858567236503e-07,-4.866578808226354e-07,-4.325068573051776e-07,-5.08955513357312e-07,2.4301091125261322e-06,6.846546339047454e-07,1.0047135823833019e-07,-2.818822194900566e-07,-4.27833667203025e-07,-4.348069981084498e-07,-3.8024944142119853e-07,-4.361808990296415e-07,-3.58015082531626e-07,-3.5012989211800816e-07,7.835960641652068e-07,-6.745344457815651e-08,-3.7954652874558777e-07,-4.3399234992773484e-07,-3.96770190157873e-07,-3.299224469278491e-07,-3.5204866540578925e-07,-2.619393731794237e-07,-1.1196789194626322e-07,2.2146414275027454e-06,4.177856685567585e-07,2.2555745865579605e-07,-3.434900420830296e-07,-6.681367612428484e-07,-7.804292182277478e-07,-6.946708519247208e-07,-5.780021595584413e-07,-4.923837142933376e-07,-4.722474519539207e-07,1.1771461291003682e-06,7.297908886397385e-07,1.177069553609419e-07,6.97926999984019e-08,-1.960217525324299e-08,1.3776772073745037e-07,9.575991634163736e-08,3.6907660992946826e-08,-4.5474682454056635e-07,2.633285891988053e-06,1.1251049940396536e-06,9.087124352697054e-07,4.75769708832004e-07,4.067161600514088e-07,3.6778776891981985e-07,1.311165102071011e-07,4.2413431602051954e-07,3.52600368449975e-07,1.8831825814287774e-07,9.215305253378803e-07,6.716598090414956e-08,-7.925671166110542e-08,-2.3397472290324364e-07,-2.6541280868815976e-07,-1.8932208014208012e-07,-1.578763727590051e-08,-1.7234389171205105e-07,1.4144075583574206e-07,5.62649571733753e-06,1.0098069670104414e-06,6.167019027452222e-07,6.887365030326523e-08,3.242442843965831e-07,-9.695219314063266e-08,5.093456529008733e-08,7.212476523170381e-08,1.0648307354191184e-07,1.160952030556543e-07,2.0114680274286883e-06,1.4328712825511292e-05,2.9505967510167487e-06,4.1132844927014883e-07,-2.595322423944302e-07,-6.634054744301911e-08,8.483226303449858e-06,6.141504160149985e-05,2.1560580276242516e-05,1.3943692982660462e-06,4.412800358063357e-07,2.212623285831403e-07,1.2787114742821732e-07,1.6352196374341503e-07,2.65927194662108e-07,2.7127166061731937e-07,2.499179558246045e-07,-1.1369411202769427e-08,2.863443919857871e-06,1.496898847516995e-06,1.6179849031339724e-06,1.042223709140257e-06,1.0158685103095425e-06,1.1338641516762717e-06,9.087472357745127e-07,8.835206086864728e-07,1.1672893894268027e-06,1.1828570069822277e-06,5.846517163457937e-06,1.8741826963332868e-06,1.6823136362701593e-06,1.5403968181568783e-06,1.965170413698558e-06,1.421185963294804e-06,1.5582907487960503e-06,2.0308410514240374e-06,1.5137193551473499e-06,2.8358726447093775e-06,6.677611458769122e-07,4.0390731352187385e-07,2.509475905949345e-06,-2.2441939586635607e-07,-3.2329122511720297e-07,-2.308491486388412e-07,-2.1450872979071333e-07,-1.19024197609018e-08,-1.792267700657247e-07,8.523945051130416e-07,3.649523186985927e-08,-2.9372028707781284e-07,-6.176626555246322e-07,-7.527014127094915e-07,-6.674896444179204e-07,-5.070951243875131e-07,-4.172776099473207e-07,-3.203682703208723e-07,1.580084924440933e-06,3.59043279264567e-07,4.7123730259020794e-07,4.2008523414507517e-08,-3.718090247717924e-07,-6.811613534800449e-07,-7.44521856042401e-07,-3.391861399823025e-07,-5.27800705729128e-07,-1.0340991574032861e-07,3.27452473908968e-07,-4.3540608448459426e-07,-6.315067852696652e-07,-1.0968310938230279e-06,-1.1117853884321596e-06,-1.1004059109676692e-06,-7.641874487444868e-07,-5.750966050145143e-07,-5.900091965393732e-07,1.8469333977561302e-06,6.985211970330426e-07,6.45593943333393e-08,-5.259375844882907e-07,-9.110976359845208e-07,-1.047349665314251e-06,-9.895952077081165e-07,-1.0415627152545278e-06,-8.630060706119508e-07,-7.553022471307468e-07,4.3436645535441245e-07,6.14986755551684e-08,-3.163932473709477e-07,-3.005448530153733e-07,-3.150340863329904e-07,-5.461223086877077e-07,-2.5664904933189795e-07,-3.700582142510148e-07,-2.1794420111238708e-07,1.6032275477452266e-06,5.998305604931744e-08,2.9967146100732884e-07,-3.7813380081490036e-07,-1.042196170724263e-06,-1.1603783974421796e-06,-1.1443966251188008e-06,-1.0866768242137343e-06,-1.152892550011412e-06,-9.812031091149714e-07
0.6000033020973206,6.870589346321579e-05,8.179197502872438e-05,5.284623064666353e-05,0.00010551466925316406,0.00020238059740692154,0.0001464680908304022,0.00013428491612751936,1.5409335080907263e-05,0.00018521772701199254,4.489286575652084e-05,6.463554560325949e-07,7.780796089383024e-08,-2.8562543081291805e-07,-3.8048786802024963e-07,-3.178384030447509e-07,-2.915611458405056e-07,-3.1142561911345283e-07,-2.156554927063554e-07,-2.1337857620691124e-07,1.7343329131625654e-06,5.561437036422825e-07,1.0221620090394451e-07,-4.2103405121415876e-07,-6.679329913448655e-07,-7.418425047797209e-07,-7.579777156924771e-07,-7.073826710298687e-07,-7.0736081286156e-07,-5.028645621936114e-07,3.9471228675273213e-07,-3.179896126761757e-07,-5.584087563332696e-07,-7.41754209284053e-07,-8.458918438449478e-07,-7.287749152246017e-07,-6.234020065467885e-07,-5.059393737381917e-07,-3.5777823777370216e-07,2.451329295547304e-06,9.12659919803636e-07,-6.160839780792929e-09,-1.0588916410036683e-07,-3.276880244332419e-07,-4.811857171473047e-07,-4.756232447239621e-07,-3.190910055122032e-07,-3.0007468669112856e-07,-1.9571746382097463e-07,8.773938503917929e-07,1.6795190982126415e-07,-2.478211535080989e-07,-2.841242635828241e-07,-1.2446242360197424e-07,-2.412713246136548e-07,-2.717692934556891e-07,-1.8477874481612978e-07,1.4899002071535149e-08,2.326520736345863e-06,9.885854897556198e-07,2.2460432747454646e-07,-2.1892105991055066e-07,-5.324651238032094e-07,-6.310566795669931e-07,-3.64673483248919e-07,-5.288520548640277e-07,-4.679521780775259e-07,-3.732167195716192e-07,1.1383455794926374e-06,6.256365009432649e-07,-1.5319196596521897e-07,-1.6447034940128184e-07,-1.5731503486431355e-07,-1.305911232471289e-07,-1.1387796510784263e-07,1.533645304518664e-08,-1.3672507172875263e-07,2.6701287693966377e-06,1.2244021947500868e-06,8.919027129197658e-07,4.7391514391362944e-07,-4.886170629610395e-08,3.467487067077588e-07,2.2730014426532716e-07,4.3162649081579753e-07,6.092979515437425e-07,4.813846696200352e-07,9.595633786856383e-07,-8.058646483446313e-08,-2.51618147429299e-07,-3.4811304468031557e-07,-2.1603808255362666e-07,-1.836697303819419e-07,-1.8410761276680987e-07,-1.5389962416421262e-07,-5.44931326122363e-08,4.864005584122961e-06,7.299367056309555e-07,6.165468823147172e-07,-6.43389432016473e-08,-1.8521058744396503e-07,-2.0850909400119702e-07,2.8988892406302118e-08,-8.854729601472823e-08,-6.405737548094278e-10,2.2344081142332565e-08,1.9796657586750767e-06,3.783762754892008e-06,8.650611698441834e-07,7.364821485113641e-07,5.121273924256313e-07,7.583403887219145e-07,3.400738117016171e-06,5.622689491216295e-05,1.1678703277711016e-05,1.5439599871986715e-06,3.542483592974584e-07,-8.082834272324738e-08,-2.2808207709544884e-07,-3.673847589416294e-08,3.917249797832555e-08,-4.715065750912482e-08,6.789139886489385e-08,-2.0210608872414265e-08,3.142433527140499e-06,1.839469839904888e-06,1.6951655202169696e-06,8.418435528900673e-07,7.210520792321711e-07,5.908794248651623e-07,5.442013064419739e-07,8.245430283793544e-07,8.826362156924045e-07,1.0031767518259673e-06,5.975535433311143e-06,1.5322082737561084e-06,1.498233633821213e-06,1.372725253724547e-06,1.5281743631751155e-06,1.4631218658211807e-06,1.3716728979634752e-06,1.4966387784552434e-06,1.462158955985688e-06,2.385320719035473e-06,1.1709281273333735e-06,5.192309376166057e-07,1.748419783618815e-07,-3.8826002869511336e-08,-2.075187176515793e-07,-1.9492136632257432e-07,-4.483369166840546e-09,-5.905537812984847e-08,-6.593703415174188e-08,9.82953128715185e-07,3.226827195961622e-07,-1.4151021304161773e-07,-5.206054856546218e-08,-2.34023040959505e-07,-5.2691372426776e-07,-2.245086979881962e-07,-4.153010275565127e-07,-1.7246483065644306e-07,1.7201176978693707e-06,4.1968380600801134e-07,7.760670037109076e-07,3.6327909029493787e-07,-1.9717110391537145e-07,-3.7335901337123397e-07,-2.3027918251981863e-07,-1.9690930920875335e-07,-9.043889039586218e-08,1.1066165068421105e-07,5.845138085602144e-07,3.5853867194485956e-09,-5.732116256053683e-07,-7.263053736169371e-07,-6.969058496342834e-07,-7.21615789888553e-07,-5.874316583238152e-07,-4.668828534752671e-07,-3.7497285083073507e-07,2.023692783270274e-06,7.92778867616544e-07,1.9011681150496122e-07,-3.331258190149818e-07,-5.166239915364483e-07,-6.22084476691235e-07,-5.95686855757553e-07,-5.193532426965173e-07,-4.902653414160008e-07,-4.1459595782481905e-07,5.216860988503825e-07,2.3373291691632888e-07,-5.87629532268504e-08,-2.5305064837408117e-07,-2.7194545303580844e-07,-3.683036648330265e-07,-8.131073236529644e-08,7.908774226792967e-08,3.1905340083448795e-07,1.9898300226442218e-06,1.988734525761488e-07,3.3986072332135525e-07,-3.8329995013390937e-07,-6.848330943446868e-07,-8.662409357178966e-07,-7.399386870807827e-07,-4.780292250790445e-07,-4.5438846562329515e-07,-7.206968839971551e-07
0.6100116968154907,1.2897855916973548e-05,5.2353036166890424e-05,4.434368848120452e-05,9.257173107975947e-05,0.00015734645252996746,0.00013293281125142118,0.00012716600061771953,1.7932012026281403e-06,0.00017138596783979222,3.5624458240292184e-05,5.017000395162183e-07,-8.372728229518612e-08,-4.1906149532803904e-07,-5.363373989817095e-07,-4.959186978023112e-07,-4.3305496525589176e-07,-4.83762176834821e-07,-3.353292518038619e-07,-1.7888660232142104e-07,1.393510933748714e-06,4.6549137254699807e-07,-2.2026490585031805e-08,-5.659663618297351e-07,-8.165737846803657e-07,-8.4726696709792e-07,-8.314539484621085e-07,-9.300565771137855e-07,-8.135595864117202e-07,-7.140199325975476e-07,7.500853350919148e-08,-4.175742051587461e-07,-8.200630386003776e-07,-7.771621410842944e-07,-8.326236480741008e-07,-8.113457278517719e-07,-7.538882249664096e-07,-5.425369219682591e-07,-5.401637288656396e-07,2.4335509112123166e-06,1.0231535358189743e-06,8.200616724648579e-08,-1.9074631237187753e-07,-3.295579763516756e-07,-2.198154472644706e-07,-3.546361979811988e-07,-3.2134570433399143e-07,-1.812306751669187e-07,-1.7996211048445134e-07,7.681534839607319e-07,-1.8325837978689595e-07,-2.9287349876145963e-07,-4.002010597599025e-07,-2.979314357669669e-07,-2.1726638218920963e-07,-2.1694095432814025e-07,-1.8540975562230418e-07,-2.1421709580827925e-07,1.928663749431458e-06,6.592362445309183e-07,2.7588998959309213e-07,-4.900336016908072e-07,-8.591141662230945e-07,-7.467151506676903e-07,-7.654058259220875e-07,-7.239922904771666e-07,-5.742898660394374e-07,-3.3100255681052344e-07,1.1181070726948817e-06,5.33759141747457e-07,-2.0713814105665228e-07,-3.803805904310506e-07,-3.1068287280217404e-07,-3.4887189701034786e-07,-2.3281882845018332e-07,-1.4673733514591945e-09,-2.405516588024652e-07,2.7956744665635413e-06,1.3556100203313721e-06,8.619998039491875e-07,4.5831819039547464e-07,4.957792081756051e-08,1.9751867755222705e-07,1.4926468585660008e-07,2.7169264606286984e-07,1.0154089854619747e-07,2.2471599107778137e-07,8.59066135774311e-07,3.430754559038576e-08,-4.432204515568172e-07,-5.543665051354216e-07,-5.048050498459622e-07,-5.187270493155951e-07,-4.164864017760421e-07,-2.4703389993963913e-07,1.269787733266415e-07,3.978263926689596e-06,9.266727672853017e-07,7.407623948970466e-07,9.388457178299578e-08,-1.9636314260851414e-07,1.0110351947441556e-07,6.773220812596148e-08,-5.403792187683416e-08,-2.336429676776637e-08,6.00521537458459e-08,1.5679683090109803e-06,1.5582494771229938e-06,-4.67877543937051e-07,4.8161238284054e-08,-6.156820466291357e-07,-4.4737357543733604e-07,-3.7749200472831195e-08,5.178587191991587e-05,1.3020097651337977e-06,1.6614886978252804e-06,5.268349198188575e-07,-6.566064336562815e-08,-1.2341819275214862e-07,-6.200098201505163e-08,-1.8144954445748325e-07,-2.047708439073266e-07,1.438711109245636e-07,1.4746138697113394e-07,3.11800163141534e-06,1.7737776316185773e-06,1.7518511565339314e-06,8.567986743706977e-07,7.121147487630897e-07,8.380888732190304e-07,1.0108982576338132e-06,8.358079661658327e-07,1.064189298841876e-06,1.1902884965997015e-06,6.056109746729672e-06,1.6060601218916759e-06,1.659117302269397e-06,1.8716414685617947e-06,1.6055793140907543e-06,1.722647565145492e-06,1.5954253320889387e-06,2.219128823174274e-06,1.5793647553166576e-06,2.2405985056823902e-06,6.605599579472435e-07,9.155538262447148e-08,-2.536521075119173e-07,-1.4104493604449439e-07,-6.273189327862085e-07,-2.4305513809250357e-07,-2.6725148329338875e-07,-2.320723432416941e-07,-2.1536270829401003e-07,5.401123909308619e-07,-2.3752746617396824e-07,-5.973500178994876e-07,-6.290115027927426e-07,-6.503945435481877e-07,-8.81143245275426e-07,-6.244432175180976e-07,-5.241067471868303e-07,-3.1248049143995477e-07,1.3888785839084012e-06,1.1661462216046316e-07,2.541918748457766e-07,-1.3749571596537253e-07,-7.867132978127548e-07,-8.136386065662309e-07,-7.395752950326508e-07,-7.469735659864451e-07,-3.203535304376379e-07,-7.040293116430908e-08,1.6161656420334912e-07,-3.4842409216749787e-07,-1.0867127751484527e-06,-1.277643300109826e-06,-1.0401042577348787e-06,-1.099635698142266e-06,-9.148899562842077e-07,-5.945830901598341e-07,-5.185209066559208e-07,1.6334982347779725e-06,7.016706427180982e-07,-1.774628734047097e-07,-6.756610761737647e-07,-1.0317371090904284e-06,-8.787626462802546e-07,-9.833650545251867e-07,-1.00948434332228e-06,-9.384167512769004e-07,-7.221318296054983e-07,2.741739795771218e-07,-2.767232603579913e-07,-4.2956154102745257e-07,-5.097828881689172e-07,-5.478726877972687e-07,-5.683256778715532e-07,-2.5966087483885207e-07,-3.0202833238558623e-07,-4.056933559586748e-08,1.3182780664068805e-06,1.1174071798977867e-07,-3.8841965084526295e-08,-8.531775164712045e-07,-1.2112548660217625e-06,-1.186495025870104e-06,-1.2513403020363225e-06,-1.2214642843649133e-06,-1.1043710114596119e-06,-9.44640145684103e-07
0.6200056076049805,1.3071108792119015e-05,4.038766603168957e-05,3.40417571663318e-05,7.948653534528234e-05,0.00015829930300631878,0.0001283452395945336,0.00012145862579493893,-3.993772800417692e-07,0.0001595304608850155,2.556469989947585e-05,3.8709874160184524e-07,-1.0722999016161786e-07,-4.5364442507836663e-07,-7.166215579393666e-07,-6.977558016328918e-07,-5.81230697299877e-07,-5.401145479869451e-07,-3.9664637513870347e-07,-3.043017256934282e-07,1.367046875487673e-06,4.533134248224158e-07,-1.0987928644287322e-07,-6.15325916669817e-07,-8.951498013435162e-07,-8.991081430597316e-07,-9.840537306306492e-07,-8.81666618983054e-07,-8.753900890943379e-07,-6.689696724984004e-07,-1.0762415620986956e-08,-6.237398734312704e-07,-7.432972953040287e-07,-7.647894111954087e-07,-8.389313833741522e-07,-7.751012897025068e-07,-5.917208924431773e-07,-6.82383757162334e-07,-6.323514165299353e-07,2.1912192497300824e-06,8.762268830508391e-07,4.76667691279396e-08,-1.447308415774153e-07,-2.1633920758282661e-07,-3.302019294943485e-07,-2.3855918609851173e-07,-2.027831167267559e-07,-1.7537088851345624e-07,-1.686359123052133e-07,6.712146645678146e-07,-1.796027449410079e-07,-1.150107071589444e-07,-1.9834705899000459e-07,-2.2995368275687956e-07,-2.334150387515504e-07,-2.407011427890238e-07,-1.6149713519821529e-07,-2.1290589331723596e-07,1.804317231643015e-06,6.809236458996879e-07,2.174776298816138e-07,-5.228903113597044e-07,-7.417383189709075e-07,-7.448641089409184e-07,-7.409118069817355e-07,-6.82536332929278e-07,-5.280010962392473e-07,-4.792198481350428e-07,9.126574751400752e-07,3.462713501965703e-07,-3.754622149541201e-08,-1.5542286526822385e-07,-2.0434964275616778e-07,-1.1761276391198012e-07,-1.23979530646839e-07,7.282659937927287e-08,-2.862193402544633e-07,2.441214140554984e-06,1.3126958928713124e-06,9.288540542983953e-07,5.402208549009068e-07,1.261116367812381e-07,2.1409270557415398e-07,3.4962931130299144e-07,3.8343498184471076e-07,1.750517161150276e-07,1.8985961851798704e-07,8.535638452156866e-07,6.887789251356195e-08,-3.1913997068528945e-07,-3.9442086847590624e-07,-3.975581627450269e-07,-5.887148190857781e-07,-3.4253187777091954e-07,-2.9044724207919606e-07,1.3176880396662804e-08,3.096617871641201e-06,8.965437628862805e-07,5.562893768297606e-07,2.1662703076618056e-07,1.4706772423596936e-07,1.0805319466479551e-07,5.930753798596195e-09,-1.3929621067793097e-08,1.0162135673809676e-07,2.47278222491984e-07,9.595827562394514e-07,8.930077727511348e-07,-2.564160872749238e-07,-6.144234044046505e-07,-3.002091431869747e-07,-7.176476695180942e-07,-1.0640319056496788e-07,4.470913059543771e-05,8.620800464354786e-07,1.097508553236858e-06,5.634705760397261e-07,3.0307069378680647e-07,6.438050248218141e-08,2.3059152424065024e-07,2.056484062237982e-07,1.5751262120152483e-07,2.1237583273575047e-07,-1.4149583266773054e-07,2.819315154117421e-06,1.6564135043711084e-06,1.6144987409943462e-06,9.983286244754757e-07,1.3523560293281558e-06,1.038984781578688e-06,9.603002649945578e-07,1.346930745671698e-06,1.2243435228246266e-06,1.0467939357653766e-06,5.660689657974207e-06,1.6563840965065086e-06,1.959603699064918e-06,1.75052952827182e-06,1.6980303783027954e-06,1.6518122161383921e-06,2.194091657512199e-06,1.7562638461631158e-06,1.67943518873101e-06,2.0104384645602276e-06,5.460967116221882e-07,-1.5550584002555355e-07,-5.6105388230609845e-08,-4.935511849473772e-07,-7.317748769230986e-07,-3.2788978107888053e-07,-3.1766080542724285e-07,-9.134528536197808e-08,7.148505429932754e-08,3.1524720347399994e-07,-2.432395663876082e-07,-6.195339735785852e-07,-7.535547440959632e-07,-7.656485666333051e-07,-8.529423254562778e-07,-5.868524168636351e-07,-1.6915856699414674e-07,2.741918471916766e-07,1.1561881721970314e-06,1.7059311714220796e-07,8.919980547986382e-08,-5.903902045455168e-07,-9.200901870893295e-07,-1.0554678177848429e-06,-8.665530617331202e-07,-9.434419010299445e-07,-3.3428760942133597e-07,-1.1987587525249243e-07,1.5844295949015904e-09,-3.7889013657950245e-07,-1.1629698127185388e-06,-1.4101296847334303e-06,-1.3851093441088036e-06,-1.3926514907033402e-06,-1.2829179493498149e-06,-6.348725117779855e-07,-4.6834569700895175e-07,1.5514689151295282e-06,6.480397573241437e-07,-1.478152160706307e-07,-7.591566906456266e-07,-9.415291674991959e-07,-9.987286864770203e-07,-9.916156502392806e-07,-9.322516692858108e-07,-8.774553983920305e-07,-6.617794136528857e-07,1.4125589612942094e-07,-2.1291991418177606e-07,-3.3803678859936075e-07,-5.827980861517219e-07,-4.990587243424707e-07,-4.4624730455448357e-07,-3.0467676584440854e-07,-1.7193915608899325e-07,-5.620878311885945e-08,1.2349227324822892e-06,-1.627578625769139e-07,-1.4278510508859552e-07,-9.024497105399212e-07,-1.1814010660280091e-06,-1.1682779682296846e-06,-1.1003582400282329e-06,-1.1253933924379635e-06,-1.153170019325567e-06,-1.0172318416559272e-06
0.6300140023231506,6.278379420503616e-06,3.5253816182861344e-05,2.2432426394094198e-05,6.67244758154919e-05,0.00010419525844470608,0.0001197866208734936,0.00011306967017631094,-5.26159042246155e-07,0.0001454558551620459,1.8043479912627602e-05,3.654816962123192e-07,2.5987888130698188e-08,-3.512214343979229e-07,-3.7289898521057947e-07,-5.994612365408154e-07,-6.333860125292564e-07,-5.808861794924721e-07,-4.5484993182133824e-07,-5.978930208174716e-07,1.432671999329799e-06,2.6706000861507926e-07,-1.3081614014753035e-07,-6.888685867668074e-07,-7.471673415245763e-07,-8.150421310576303e-07,-9.480100425008507e-07,-8.774132638965406e-07,-8.092164977921502e-07,-9.085482833017822e-07,-1.0806901307607172e-07,-3.5085279351332215e-07,-9.118520303986481e-07,-9.462916597231889e-07,-9.730443320881479e-07,-9.576650974306467e-07,-8.433987184241084e-07,-9.237704123745649e-07,-8.373521307138501e-07,1.8672440940308e-06,6.324550990256625e-07,-2.539491341345592e-07,-3.4747714454701965e-07,-4.283836086514098e-07,-5.946080401085285e-07,-5.277562703738163e-07,-4.332107047050912e-07,-4.5097650621292715e-07,-4.4295103525203886e-07,7.24950526691146e-07,3.1148393152956473e-08,-4.5331568973130317e-07,-5.391149681980396e-07,-5.539322178440256e-07,-5.159263276973065e-07,-4.08304724003803e-07,-4.7148176894629197e-07,-3.704193054393247e-07,1.6314285394662447e-06,5.494911988782832e-07,9.687195065434055e-09,-4.424374401986542e-07,-9.341314717603574e-07,-8.768544425672808e-07,-7.656771835773407e-07,-7.986835929384045e-07,-7.460768058708337e-07,-7.064724652646727e-07,8.727691581005751e-07,1.9152903612256246e-07,-1.9175642578465545e-07,-2.7800879388164563e-07,-2.880258747240541e-07,-1.2522799875679885e-07,-1.6881674550684593e-07,-3.961876412116987e-07,-3.2343423793551205e-07,2.4422536977832962e-06,1.0445824499671199e-06,6.477324846851071e-07,3.6836564424448064e-07,-1.583372996930264e-07,-2.5530775590849576e-07,4.037872373999135e-08,2.2879455271969443e-07,2.0877300981296342e-07,1.9356838884538847e-07,8.395932400823147e-07,-1.0185582873432917e-07,-4.5722362823704365e-07,-5.430543278207238e-07,-6.281566614670126e-07,-3.925596166836744e-07,-2.1078831136046303e-07,-3.5217981441564143e-07,-6.133833438632525e-08,2.9294954217857555e-06,6.809924200378039e-07,4.014852630989723e-07,-4.096871452965237e-08,7.958832308294628e-08,-2.210871037273241e-08,-1.5858474997669188e-07,-1.4058411696327632e-07,-1.652333001378721e-07,-1.1533052667419774e-07,9.286183959213173e-07,8.673841035400667e-07,1.4504160145711945e-07,-3.799234023942388e-07,-5.191266080040534e-07,-5.424574704025319e-07,-5.809724976867308e-08,4.015967670800569e-05,1.4941135128987658e-06,1.1933394007726944e-06,2.4339994350738605e-07,-2.890766486439984e-07,-2.0760370566125324e-07,-8.138867399176565e-08,-1.3136802294638987e-07,-1.1453248782532257e-07,-1.7479042472149567e-07,-1.8682787619319917e-07,2.922272591393386e-06,1.5472527333095136e-06,1.6290181011952567e-06,8.226497802552232e-07,6.712249824860787e-07,7.979273650266067e-07,6.358114423400212e-07,9.671894707127418e-07,6.715374320597149e-07,7.679894757965474e-07,5.7973214729783005e-06,1.7665575334972466e-06,1.1696652428985913e-06,1.3451984858332352e-06,1.303097280909024e-06,1.2349873722629126e-06,1.2696508321070089e-06,1.574929776107948e-06,1.243966693423745e-06,1.4969863520920992e-06,-6.27329789968496e-08,4.1417885508021894e-08,-2.8202386617284637e-07,-3.749572121741326e-07,-5.93715881712561e-07,-5.489001655115156e-07,-5.234138288710711e-07,-3.9521757714019683e-07,-3.669881841807519e-07,7.341522403341446e-08,-3.395718216099596e-07,-6.605775739052556e-07,-6.093410926654044e-07,-1.0101608680118077e-06,-6.312812650561779e-07,-5.09650732532893e-07,-5.424762367904548e-07,-4.849343930122437e-07,1.2220254784558647e-06,-2.744902759007728e-07,1.9543790935260567e-07,-5.895640520656921e-07,-7.180841857674428e-07,-7.66587101735059e-07,-9.441344598363565e-07,-8.246309643656753e-07,-6.785958228766828e-07,-6.572333820068315e-07,-3.722737265539621e-08,-6.199100922576072e-07,-8.99175587013263e-07,-1.5498304153288104e-06,-1.5392401327832547e-06,-1.3530731785739153e-06,-1.4330919062473084e-06,-7.657641129374893e-07,-9.266150660350791e-07,1.36557612274835e-06,4.81338292914249e-07,-2.66751046282111e-07,-7.095914964589565e-07,-9.152765726361675e-07,-1.015252095582864e-06,-1.023903688022805e-06,-9.731983458924808e-07,-8.846130856906904e-07,-9.526742448693236e-07,1.7194138504694562e-07,-2.0608427535632225e-07,-5.088942529645522e-07,-3.771457612760394e-07,-3.5158392767268687e-07,-5.946821349849828e-07,-3.706430281060762e-07,-5.497433946853315e-07,-3.910488146030756e-07,8.851421396460035e-07,-6.341325696396149e-07,-1.0161222520067861e-07,-7.177258268501716e-07,-1.1626996054931964e-06,-1.2039753050544078e-06,-1.2660644387613886e-06,-1.1977964898062558e-06,-1.1437084523264246e-06,-6.751328850408847e-07
0.6400079131126404,2.307875574974819e-06,2.9130372851969863e-05,1.3600349332783609e-05,5.400280615423121e-05,8.16202181438744e-05,0.0001121955309640392,0.00010629654743786469,-5.450883598052116e-07,0.00013434545405029515,1.5555326074648422e-05,2.844535381939081e-07,-1.9120666409094423e-07,-5.443672200056985e-07,-7.318627050566153e-07,-6.725524347996145e-07,-5.516364630547892e-07,-4.791823513101316e-07,-6.196653023431109e-07,-6.077059363016156e-07,1.1722086996280363e-06,1.5245899830818377e-07,-3.0015262831759765e-07,-9.005710584952857e-07,-1.2209133722412916e-06,-1.1819564360675363e-06,-1.1341769967101898e-06,-1.1490388974170959e-06,-1.1960117416031042e-06,-1.156180478697002e-06,-1.147665284103383e-07,-5.600034678955006e-07,-1.014802349389539e-06,-1.1189682413851223e-06,-1.1084448275781423e-06,-9.653567280117416e-07,-8.613475820915296e-07,-8.974871873151564e-07,-8.63052231612129e-07,1.8226400569333754e-06,5.573687676937408e-07,-1.4788194100546783e-07,-4.206245341167835e-07,-5.132353642827127e-07,-5.684094075985119e-07,-5.283270633643376e-07,-4.438166618581842e-07,-4.56733257487487e-07,-4.075155290848685e-07,5.311908429221217e-07,-1.9897141887325602e-07,-4.378339230079856e-07,-4.853841392055685e-07,-5.20758636636522e-07,-5.174306945605906e-07,-4.69575470632858e-07,-5.597577792076363e-07,-4.794595330168092e-07,1.7076371870781996e-06,4.7150226097908136e-07,7.545817184971227e-08,-6.934683650602657e-07,-9.997955664157184e-07,-9.541058829916728e-07,-9.292961429426256e-07,-9.505278302629067e-07,-7.800329670252835e-07,-8.376327637102606e-07,8.737684502820028e-07,1.3932853056824225e-07,-3.06643857188451e-07,-3.6917756015415716e-07,-3.054269899501084e-07,-2.765289096049045e-07,-4.712582260342139e-07,-1.958863253613461e-07,-3.356341516812072e-07,2.486745819620943e-06,1.0829092381571338e-06,7.857060604747541e-07,2.3198631265491335e-07,1.0871264266033188e-07,2.886896008808218e-07,3.810794047001033e-07,3.455024675557515e-07,4.173796027491163e-07,5.267970275336643e-07,1.0058238910511397e-06,-7.814259219418767e-08,-6.146074731904079e-07,-6.870885840870388e-07,-6.091611941880745e-07,-6.723072853757709e-07,-4.781736759347424e-07,-3.672633166841505e-07,-1.8914814951991346e-07,2.8310773652329216e-06,7.67807851674351e-07,5.278293226731637e-07,-1.43826927225795e-07,-2.5533504266794675e-07,-2.422854645311213e-07,-2.867029522282928e-07,-7.726240545948126e-08,-1.4558863087979213e-07,3.1189736727882356e-08,1.04129193281423e-06,5.137450766351473e-07,-4.624448903389758e-07,-9.075411538165858e-07,-8.177406082175803e-07,-8.005885610672539e-07,-3.68608528759437e-07,3.5569199065162965e-05,3.831669316754518e-07,1.282300240389486e-06,2.9356508689263404e-07,-1.4183700703820643e-07,-1.454178279889459e-07,-8.229334331301502e-08,-2.640637858137931e-07,-1.9248579834821874e-07,-1.8129966501064288e-07,-1.1520279300314402e-07,2.9325806231504697e-06,1.502224187574936e-06,1.5202979807405035e-06,8.141432857878052e-07,9.747568189125158e-07,9.124549275738726e-07,5.613480328539622e-07,7.094740807061666e-07,7.431963450793398e-07,8.118663692883609e-07,5.7730148303097e-06,1.6386668287605422e-06,1.4519246595957117e-06,1.6347537492711372e-06,1.4448927286666963e-06,1.4367092173967865e-06,1.3783653082650116e-06,1.5308719775126319e-06,1.347054416887129e-06,1.782451441736174e-06,2.7986774481405536e-07,-6.754159627008567e-08,-3.8880774118554575e-07,-5.71299539191445e-07,-8.634691186511216e-07,-5.382779944868646e-07,-5.763343237949933e-07,-3.5264257484733437e-07,-4.3731058525129244e-07,4.614838140011542e-08,-4.818367166731824e-07,-1.0042830339891168e-06,-1.0781145338956336e-06,-9.755348690416878e-07,-8.67467150199266e-07,-6.308104156641731e-07,-6.840140601499362e-07,-7.024361100201188e-07,1.0372099198825834e-06,-2.6489112467446373e-07,-7.69344250820471e-08,-9.096200525676019e-07,-1.2373451064636035e-06,-1.1392401106502965e-06,-1.16667225568143e-06,-1.1545050213353937e-06,-8.0459849237479e-07,-8.732269213523423e-07,-1.0368605486989943e-07,-6.667617098917458e-07,-1.3498152329678804e-06,-1.6785946558772982e-06,-1.6102765194172987e-06,-1.5701187501220857e-06,-1.5270386731473665e-06,-1.0992863988605438e-06,-1.2897187157685921e-06,1.287762409704965e-06,3.7263035982636487e-07,-3.3806058811814443e-07,-1.0291936523609835e-06,-1.2450521959466274e-06,-1.2919182658565226e-06,-1.1493625277314291e-06,-1.0845969907384158e-06,-1.0256571589127517e-06,-1.0310375039008119e-06,-1.606327309238503e-07,-4.50920386803832e-07,-8.188279082871983e-07,-9.572479946860456e-07,-9.034149212352361e-07,-7.08958220743895e-07,-3.337438874846576e-07,-4.53164156541466e-07,-5.329472977396503e-07,8.376395224859875e-07,-3.641803802283237e-07,-2.6409531478354104e-07,-1.227934445988022e-06,-1.5006029442228833e-06,-1.5128633633917093e-06,-1.4377259098306182e-06,-1.364507373361047e-06,-1.289990864344409e-06,-1.2382241068174641e-06
0.6500018239021301,1.665207534414403e-06,2.440944335980111e-05,5.552200090863802e-06,4.85790002249939e-05,6.854346656494389e-05,0.00010725871524606506,9.834296511646883e-05,-9.217358051751217e-07,0.00012152552789598226,1.2464694393147152e-05,5.50996248809325e-08,-4.196711153280562e-07,-8.14726158292392e-07,-7.828128730523704e-07,-8.20820237187413e-07,-7.276934392064078e-07,-6.50553842139924e-07,-6.374968940614811e-07,-8.131439576554428e-07,9.359697509053043e-07,3.478134295903737e-07,-5.415590205929886e-07,-1.1567390843206536e-06,-1.0861841166534212e-06,-1.0703566097909183e-06,-9.445922590390583e-07,-8.734858399841828e-07,-1.0193284282668246e-06,-9.951643670053164e-07,-3.1995267751552964e-07,-7.210506052438477e-07,-1.075933139029736e-06,-1.1404011460870215e-06,-1.0794413031414096e-06,-7.87288800375724e-07,-6.253389350566022e-07,-4.829141302357529e-07,-2.382020135620863e-07,1.363846954690273e-06,1.1308160876271214e-06,-9.998875289067289e-08,-5.04299975164106e-07,-8.341556252552484e-07,-8.781989715748076e-07,-6.20109152583142e-07,-3.4583454633974406e-07,-1.9955393186849552e-07,-1.1434054578486213e-07,4.6668551879459875e-07,-2.916651518946454e-07,-4.3782583404767395e-07,-4.6606532921977476e-07,-4.36857423719169e-07,-2.9296431082255784e-07,-3.140849097545598e-07,-4.7161108445847335e-07,-2.6903705836803873e-07,1.4681562909153822e-06,9.442154932432111e-07,-3.3202377906212915e-08,-7.850740070914732e-07,-8.883506886677359e-07,-6.904410806513828e-07,-6.580906679961222e-07,-6.250301524783074e-07,-4.019198020469115e-07,-4.4517690142418304e-07,7.580010118981745e-07,6.470003438995704e-08,-2.6037450089300864e-07,-1.857518647170826e-07,-1.229912754023696e-07,-6.127768515945564e-08,-4.8740012382082734e-08,1.1467758579784515e-07,1.2300468510101956e-08,1.9979660786803036e-06,1.4639976305909164e-06,6.603653195866789e-07,3.190169465866837e-07,3.097515278873636e-07,4.5389680064008845e-07,4.7225313220160606e-07,5.14707411255685e-07,5.980811880097868e-07,6.685349537957874e-07,5.37584608808954e-07,-1.540303777137828e-07,-5.647451445282916e-07,-4.952068692948905e-07,-6.517705296235929e-07,-3.616960627864903e-07,-3.905652385801808e-07,-1.9901060539209891e-07,4.23856487197017e-08,2.656340974766308e-06,1.3098537557762286e-06,3.114435945808117e-07,-8.283684954408518e-08,-1.0871170793602945e-07,8.047210491112427e-08,2.6007024813248837e-07,3.2075733133639286e-07,7.481802950611974e-08,3.479352313571992e-07,1.0040726491191454e-06,-6.051231852005234e-07,-9.503288058883067e-07,-6.217037562925691e-07,-8.568044265202528e-07,-9.112965165553822e-07,-7.639268404187144e-07,2.8832352257884796e-05,-5.39805801359585e-07,1.1508194034099506e-06,3.5672861428366873e-07,4.078601187941424e-08,9.705238839569225e-08,6.803584972059173e-08,3.4444594148625243e-07,2.192523118230442e-07,2.1311523561010017e-07,5.355732978152081e-07,2.7215530583194565e-06,2.0205992053377702e-06,1.5178339755767856e-06,1.1126128351456344e-06,9.452943088922356e-07,9.133278881707007e-07,1.0530959908177427e-06,1.0347739564479464e-06,8.696860418900746e-07,8.35807175245269e-07,5.617480849689996e-06,1.5131039470468435e-06,1.5236209615874434e-06,1.8198499767917636e-06,1.6500002890285937e-06,1.492021959418729e-06,1.8934749026273896e-06,1.54153854794166e-06,1.8817552214676605e-06,9.462406812977582e-07,1.1881755163625712e-07,-3.2097185056385663e-07,-8.275141214772729e-07,-1.2543595334358288e-06,-1.363892899984843e-06,-1.0677073854115322e-06,-9.150173304459144e-07,-4.937291061232978e-07,-4.923696934287974e-07,-1.1591451365776063e-07,-8.531840235903884e-07,-1.5510561264970937e-06,-1.4875321909855087e-06,-1.440433949939203e-06,-1.1464145870354695e-06,-1.0900401420094286e-06,-8.377768910075459e-07,-8.784529289776571e-07,6.207659402095091e-07,-5.235263552967393e-07,-4.3491988404346505e-07,-1.097330056845982e-06,-1.5364785257819395e-06,-1.6931089829473482e-06,-1.237380913594583e-06,-1.0885032395502244e-06,-8.947158016595977e-07,-1.038700517537871e-06,-3.9413333290003006e-07,-1.1616670227462198e-06,-1.7625366371546215e-06,-2.0298827433081887e-06,-1.9607040133729043e-06,-1.6606111355088083e-06,-1.476787750831881e-06,-1.5293791508993924e-06,-1.2939144055558172e-06,1.1465032779914191e-06,5.326253211683127e-08,-6.09690607652735e-07,-1.1588851034667887e-06,-1.405686760368148e-06,-1.3232250588278476e-06,-1.2900601417956111e-06,-1.08952834450278e-06,-1.0502438593628072e-06,-8.702523050628216e-07,-3.6069180937607133e-07,-6.474555546349727e-07,-8.547303811454237e-07,-9.688208881793204e-07,-8.555208343470732e-07,-1.1082189478553077e-06,-8.895109331838973e-07,-7.777819351988367e-07,-8.088674861179056e-07,7.482675839306926e-07,-6.612773588495458e-07,-4.782247262620423e-07,-1.282419957002098e-06,-1.342749112699948e-06,-1.4278185512409694e-06,-1.3288822979151077e-06,-1.4556926051616597e-06,-1.318957323367447e-06,-1.3525069513521032e-06
0.6600102186203003,1.720251219640914e-06,2.024334378031629e-05,8.873747286429401e-07,4.36551970197429e-05,6.0558706442530476e-05,9.933293536432792e-05,9.196222871120092e-05,-1.215393357871851e-06,0.00010695888675137487,1.0067546463706207e-05,-3.7734820098943794e-08,-4.629710682195117e-07,-1.0665146772013203e-06,-1.0297431983490863e-06,-8.620433764820662e-07,-9.991730759810723e-07,-9.625713214916429e-07,-7.874038433668225e-07,-9.56306259951102e-07,8.041403696136755e-07,-1.57587327243878e-09,-7.024290636369138e-07,-1.1280662725323942e-06,-1.3188281157080698e-06,-1.4248861053978732e-06,-1.3588785714631493e-06,-1.251858139300004e-06,-9.679360637740354e-07,-9.734526628046776e-07,-2.1639036576293056e-07,-5.9232529955766e-07,-1.0043175109355115e-06,-1.0756636148721533e-06,-1.1414051837918319e-06,-9.101536722916245e-07,-8.67094339006238e-07,-8.701737882213971e-07,-7.118720440028071e-07,1.3875259659405627e-06,5.114628753482997e-07,1.6061223889106058e-07,-4.475844995713278e-07,-9.902808639350621e-07,-9.792263829204246e-07,-8.278557632099004e-07,-4.912545673357075e-07,-5.288402270065056e-07,-5.82384578500593e-07,4.896963100212806e-07,-2.1814106843090406e-07,-5.957514595872416e-07,-5.68387082068052e-07,-4.810155254223488e-07,-2.724451710283917e-07,-1.6882292906761762e-07,-2.7453600548973426e-07,-3.0938511596071563e-07,1.3224284580163612e-06,4.374895130533847e-07,-2.2529566394917806e-07,-7.606714473290444e-07,-9.328439968862284e-07,-8.845293200127968e-07,-8.356218122258619e-07,-7.872501890718368e-07,-7.686763903062086e-07,-8.126996041023255e-07,6.169910201622261e-07,-1.2496724662728703e-08,-1.6216794368912259e-07,-2.580781349378821e-07,-1.6001379963174113e-07,-1.653366950261218e-07,-2.9535242356308533e-07,-2.1514365924877203e-07,-3.2235150363460314e-07,2.0051763621964556e-06,1.0022666179626407e-06,7.900171527624249e-07,4.3967813405716084e-07,4.000348585887002e-07,4.997705528498912e-07,7.310324182192976e-07,7.215488492481074e-07,5.643501516085423e-07,6.714920979310352e-07,7.31707576773306e-07,-1.0676708592618596e-07,-3.565179058552854e-07,-2.4822822594191325e-07,-2.8007424698307696e-07,-2.0524273587643799e-07,-2.664353611243503e-07,-1.9338629736104078e-07,-1.4691489681248222e-07,2.539766042437774e-06,8.85244527908081e-07,5.009343565085897e-07,6.603435333202398e-08,3.424876581212153e-08,-8.200454945442355e-08,-8.7155455577112e-08,1.180293992944295e-07,8.078883264599198e-08,5.565823050458446e-08,1.0529978447659619e-06,-5.764520990571305e-07,-1.04394895854645e-06,-9.87033667658508e-07,-1.247660616015108e-06,-9.251591250808605e-07,-9.842951771082165e-07,2.336432610372912e-05,-7.681922390683582e-07,1.0986943948185387e-06,4.1943671523369316e-07,3.8356828791064615e-07,4.301657683872615e-07,2.7521626907647253e-07,4.836749598671947e-07,5.221643541349393e-07,3.3346562724993835e-07,4.575270541260649e-08,2.807335170214865e-06,1.94693149788983e-06,1.7913762612799735e-06,1.0726325196641901e-06,1.370029868344983e-06,1.2132336773705229e-06,1.156813287049912e-06,1.6424815824434932e-06,1.3274293049375357e-06,1.0670361095584735e-06,5.8444275962670424e-06,1.7438656989633846e-06,1.8603928165487437e-06,1.5162232298976701e-06,1.636995326001753e-06,1.6104733867358157e-06,1.9690857221459154e-06,1.8260364495890106e-06,2.160510967919947e-06,7.457469919957283e-07,-1.439417904622193e-08,-4.1531127357290735e-07,-1.1460219668774118e-06,-1.566982965792223e-06,-1.5872347025339549e-06,-1.4769505007133504e-06,-1.4719234455607662e-06,-1.15969957189283e-06,-1.0245532854622286e-06,-3.923174511874123e-07,-8.893637860080956e-07,-1.6250633545725131e-06,-1.543270807780123e-06,-1.6062178745932193e-06,-1.3030964180865911e-06,-1.47760700073224e-06,-1.4448086034794557e-06,-1.356839470396866e-06,4.28716442405031e-07,-6.27948002241908e-07,-7.301906630338053e-07,-1.4237674561131809e-06,-1.8934344937767663e-06,-1.9251131632168167e-06,-1.8367739512122376e-06,-1.524158212355873e-06,-1.2848833509999255e-06,-1.2421841741785462e-06,-4.532447585371041e-07,-1.3780515285067912e-06,-1.9761281866988034e-06,-2.081057820351541e-06,-2.167265789044154e-06,-2.052527086657288e-06,-1.9403908005328042e-06,-1.7690516655442583e-06,-1.7395276075237407e-06,1.1207679451771165e-06,-2.956969413704903e-07,-8.021504134751524e-07,-1.1815798140754284e-06,-1.5023485778090617e-06,-1.5770175187889048e-06,-1.4886331524103197e-06,-1.3120818149553907e-06,-1.1984539964513176e-06,-1.0863760227429471e-06,-4.910774370803509e-07,-7.35795737314789e-07,-1.0818743185994003e-06,-9.345043189043202e-07,-9.713419474764358e-07,-1.2231388429531537e-06,-9.229356676213425e-07,-9.51732725839988e-07,-8.396955564425229e-07,4.338929815441734e-07,-9.71628620229879e-07,-9.265754840559543e-07,-1.5937956043162923e-06,-1.7549340929897583e-06,-1.68109770375612e-06,-1.7002257580822989e-06,-1.6429339890059876e-06,-1.7061501845163847e-06,-1.6835640097796594e-06
0.67000412940979,1.472003184733971e-06,1.6535791470582975e-05,-6.868150693757026e-07,3.8940707634215835e-05,5.4548001216410666e-05,9.560077507119121e-05,8.472575767137715e-05,-1.3973059863194395e-06,9.286472487034849e-05,7.778325828756676e-06,-2.0544995706415388e-07,-5.701765038927169e-07,-1.2265229403891149e-06,-1.1754957654911933e-06,-1.2193117221486597e-06,-1.090255452157456e-06,-1.0112529495557432e-06,-8.88516170820244e-07,-1.0014780701605313e-06,7.370114541232204e-07,8.303803097476677e-09,-7.783271311238386e-07,-1.3040185236111788e-06,-1.4705835901747528e-06,-1.5176387979522005e-06,-1.3359324559680251e-06,-1.33959934345648e-06,-1.23387580531236e-06,-1.2546316101097762e-06,-6.348041331001514e-07,-9.847548098085892e-07,-1.3151680948481462e-06,-1.2670325614824155e-06,-1.3403535581159336e-06,-1.1849546002192974e-06,-1.13229061521459e-06,-1.1433326212548802e-06,-9.354373535130623e-07,1.0267095865756928e-06,4.4772877067235203e-07,-3.0395062886496984e-07,-7.717551205026733e-07,-1.2608120431499905e-06,-1.3501924301749441e-06,-1.2495911093076073e-06,-1.0766196221281802e-06,-8.34537424181956e-07,-9.096568303738186e-07,1.6613768185164365e-07,-3.903356559110703e-07,-5.557838707366878e-07,-9.181254325560438e-07,-8.503578846612542e-07,-5.961888027080889e-07,-4.641726922615337e-07,-5.369508657317412e-07,-4.891265236569317e-07,1.0985752893718172e-06,2.771979924509453e-07,-5.310458528024034e-07,-9.647295999065166e-07,-9.378177008516906e-07,-9.983673076812325e-07,-9.481672199874387e-07,-9.927528861572223e-07,-9.85137938919881e-07,-9.504025412554136e-07,2.5114165374054335e-07,-2.884478667957766e-07,-4.598076735717857e-07,-5.410207272474527e-07,-5.406381733511161e-07,-5.382029648861076e-07,-7.081172564789663e-07,-4.111418279680265e-07,-5.718428297169066e-07,1.7711801765851852e-06,1.1458458791991618e-06,4.488152438704715e-07,6.604909321525837e-08,-7.969480975158183e-08,4.740626865497123e-08,2.453803007463395e-07,3.003309449537999e-07,2.3315047582295876e-07,4.905603547862985e-07,4.5807090189101546e-07,-3.188166639293685e-07,-6.748906476427531e-07,-7.84661901526798e-07,-8.081280832435559e-07,-7.431818928035832e-07,-7.634565302907306e-07,-5.729674468567621e-07,3.42905407982642e-08,2.2766740463403487e-06,7.167294107435212e-07,2.0012986584268133e-07,-1.5848142699031155e-07,-4.002832435966684e-07,-5.266791084677888e-07,-3.8559113915443656e-07,-2.9164343753007556e-07,-1.1432127608385298e-07,-9.173474183778073e-08,6.845047185069707e-08,-7.947836714911062e-07,-1.182433253314704e-06,-1.0431022061810317e-06,-8.203059950172035e-07,-1.080760882200242e-06,-1.1928223903805117e-06,1.8592674156785115e-05,-9.055238390167421e-07,7.874648161521044e-07,1.3232424590802435e-08,2.2958489806854005e-07,-1.9808537213619066e-07,-1.411791768347323e-07,-2.7666232352364376e-07,-2.53327182963934e-07,2.375788760106147e-08,1.5686723002146303e-08,2.4220758761633454e-06,1.640177271331794e-06,1.4059116334648105e-06,8.465828208102321e-07,1.0327077843278203e-06,7.320371749428027e-07,5.706201384271397e-07,9.792158492965518e-07,8.783809911572858e-07,9.011314976166081e-07,5.51162591087948e-06,1.337101400610388e-06,1.7899436884333218e-06,1.584492293331779e-06,1.419177744081444e-06,1.4402564242235643e-06,1.8320282121238238e-06,1.346605533516237e-06,2.1983718319960125e-06,5.184762555950006e-07,-8.872050761820049e-08,-6.437620634548264e-07,-1.0556611619117574e-06,-1.8992478318225727e-06,-1.9593995696575884e-06,-1.7838656077042501e-06,-1.7484829134601812e-06,-1.1401342822986079e-06,-1.494761888006409e-06,-5.465418201449348e-07,-9.382207827317513e-07,-1.6853406330715649e-06,-2.0359333575231352e-06,-1.931388902184969e-06,-1.6977941087598274e-06,-1.653498674486024e-06,-1.6725908497793546e-06,-1.4840617753552889e-06,2.3470858933364668e-07,-9.995476847208361e-07,-9.811601117970485e-07,-1.4710574594452735e-06,-1.9229371969420612e-06,-2.021548669523679e-06,-2.00448498977089e-06,-1.659353068499279e-06,-1.4852211210980824e-06,-1.4818902669964388e-06,-5.650018342021796e-07,-1.4599499867528614e-06,-2.1210617196461604e-06,-2.274977953142213e-06,-2.1099454749256765e-06,-2.06070132258604e-06,-2.1238510088672083e-06,-1.8551390548018266e-06,-1.8421084228075974e-06,7.023961685316465e-07,-6.043846091976721e-07,-8.601652637014514e-07,-1.2576352747545491e-06,-1.5647256425522003e-06,-1.6015221073040637e-06,-1.4557013771897308e-06,-1.4082108035928452e-06,-1.1578787289512215e-06,-1.1291771564151872e-06,-7.259183977556303e-07,-8.464514920457065e-07,-1.0894574133085808e-06,-1.1011385910172266e-06,-1.0178824457215228e-06,-1.2614661344562538e-06,-9.619153966877088e-07,-1.0580685084023595e-06,-9.336217953588571e-07,1.9900460158600067e-07,-8.592748489258177e-07,-1.1389020640111407e-06,-1.5781605428073361e-06,-1.880587499157078e-06,-1.7522290727596896e-06,-1.7657756725689947e-06,-1.7769551909345825e-06,-1.6571541655281734e-06,-1.5275820715256327e-06
0.6800125241279602,1.3902466607781686e-06,1.2208985460758134e-05,-8.097840192476121e-07,3.325290680115566e-05,4.682909394212636e-05,8.727231250857245e-05,7.83584974020865e-05,-1.515262297363587e-06,7.752296431676752e-05,5.3769551025237284e-06,-3.954162779563846e-07,-8.593258633021829e-07,-1.3113429872959963e-06,-1.2590752175428182e-06,-1.2954119776924397e-06,-1.1757090623868769e-06,-1.375304337830298e-06,-1.2535649458766862e-06,-1.2649173163363992e-06,3.827478875803763e-07,-2.58723130657662e-07,-9.790829386908987e-07,-1.3465612060137296e-06,-1.705701013538015e-06,-1.640861417619482e-06,-1.5375745978796287e-06,-1.6661143248408008e-06,-1.6711471680938747e-06,-1.5491556881860187e-06,-5.628636164088785e-07,-1.0094108596117161e-06,-1.4347062829708303e-06,-1.6107909772931167e-06,-1.5362206497272056e-06,-1.3975145736426746e-06,-1.3651004199801588e-06,-1.2677529463122993e-06,-1.1778051456846882e-06,9.844776640528463e-07,2.878884702515611e-07,-3.936955763434334e-07,-9.719966499485894e-07,-1.3865299812451292e-06,-1.573331325648506e-06,-1.5962107521597279e-06,-1.3177864014236745e-06,-1.1124872944815982e-06,-1.3312935630575937e-06,1.0636619705314289e-07,-5.093903758636636e-07,-8.377360147947713e-07,-9.540591467765392e-07,-1.1333762615412108e-06,-9.021709110411814e-07,-8.15241335186904e-07,-8.617338389341422e-07,-6.885717039479045e-07,9.96408053640959e-07,5.4537819624090845e-08,-5.626191500527944e-07,-1.1110243790460443e-06,-1.1809166990845505e-06,-1.2509607680185023e-06,-1.1941391652664361e-06,-1.1237674035625277e-06,-1.1757230832514168e-06,-1.1763261961322496e-06,1.8617173568365668e-07,-4.2623775128448097e-07,-5.309988110043245e-07,-6.228363185889972e-07,-5.997902235444219e-07,-6.361041188995625e-07,-8.568999481537991e-07,-7.649720778947122e-07,-7.452835844472108e-07,1.6978812538255843e-06,6.254422220920475e-07,3.057476722877949e-07,4.2454818318099644e-08,-9.849750811856095e-08,6.387546375125975e-08,2.0571869030117255e-07,1.9212276580943413e-07,1.3901176688243996e-07,2.619281205368568e-07,3.7181096612226704e-07,-5.658470766283399e-07,-6.973367575378161e-07,-8.333993254415811e-07,-9.516619744004626e-07,-9.80937287903665e-07,-8.553809492600846e-07,-9.592234985488123e-07,-6.571147079713265e-07,2.1337831736018123e-06,6.686786856327909e-07,8.21201496850099e-08,-2.6966812310061526e-07,-2.6921447623087333e-07,-5.743771189579985e-07,-5.627178353685962e-07,-4.304683853802523e-07,-5.299536993565983e-07,-3.2186298435818463e-07,4.81081818945969e-07,-9.381494201263358e-07,-1.4579379207894863e-06,-1.1733529100273136e-06,-1.4735163595762614e-06,-1.0765691470158361e-06,-1.314113078717905e-06,1.3629130788296586e-05,-8.451147643910135e-07,8.805665922825457e-07,-8.8058453179897e-08,8.606042605653027e-09,-1.0428280443528704e-07,-1.9661319933494665e-07,6.200407379543726e-08,-8.79088793160018e-08,-3.1235387224787723e-07,-3.7527043469286536e-07,2.5359191845701195e-06,1.5132921861410282e-06,1.4442748399516938e-06,5.303942421106353e-07,7.724583207857617e-07,5.39964488785431e-07,5.470344917543132e-07,7.917494485518225e-07,9.590097702419123e-07,6.567525023040404e-07,5.5343687508019744e-06,1.2506069029680708e-06,1.4757969430710465e-06,1.8186472742216999e-06,1.5149720654676068e-06,1.3798095292145122e-06,1.54136375449706e-06,1.5207506030086058e-06,1.7054356956397945e-06,2.6040063722254876e-07,-3.138773650084316e-07,-6.041226527118479e-07,-1.4573475704904784e-06,-1.5184095859925592e-06,-1.8458419992799545e-06,-1.6792574473097634e-06,-1.7367341120433303e-06,-1.4976696715082887e-06,-1.5690906252910138e-06,-6.366888608527543e-07,-1.3183252340332312e-06,-1.8525957778270551e-06,-1.9810102157807345e-06,-1.638050018573582e-06,-1.9941359020463582e-06,-1.8601588838165324e-06,-1.6562543136321762e-06,-1.647906542541539e-06,9.744608708179152e-08,-1.1151569389919046e-06,-1.134636162048411e-06,-1.6843114297124515e-06,-2.1285828349438865e-06,-1.9808333731328554e-06,-1.8792538992337054e-06,-1.612899463663406e-06,-1.6139395242048042e-06,-1.8784607497119519e-06,-8.047117737700872e-07,-1.6708092652584581e-06,-2.3774878372318705e-06,-2.44982744524945e-06,-2.3188959385524093e-06,-2.362935617876627e-06,-2.1474263735727055e-06,-1.9961917921991547e-06,-2.0977014134321475e-06,6.576239889125449e-07,-5.872332091641706e-07,-1.05384017516641e-06,-1.390664878001746e-06,-1.900241443756315e-06,-1.794251401333129e-06,-1.7308389137191706e-06,-1.5962639595431108e-06,-1.449769149402811e-06,-1.4007937662511282e-06,-9.217887609019614e-07,-1.0521623090921759e-06,-1.3257828599802452e-06,-1.2573869616484504e-06,-1.3264557176744315e-06,-1.4107062298735067e-06,-1.1987564157141672e-06,-1.2285086183664069e-06,-1.2174681222653743e-06,2.5455454787521462e-08,-1.181435489048002e-06,-1.302079150437804e-06,-1.8278892888625184e-06,-2.025129778081896e-06,-1.907482573174456e-06,-2.0370744761420264e-06,-1.9145307898768987e-06,-1.9054276177459621e-06,-1.7397510785339493e-06
0.69000643491745,1.1991969225172694e-06,9.064807162853891e-06,-1.0484112245146107e-06,2.8997538462298188e-05,4.044175119309463e-05,7.850277281722291e-05,7.180019444091813e-05,-1.3667888556292001e-06,6.215783853169447e-05,2.5836977611050327e-06,-3.549903865900428e-07,-9.304013465777331e-07,-1.2501146088435067e-06,-1.3811063333562009e-06,-1.3726032362521135e-06,-1.2583789917410651e-06,-1.3789280122952215e-06,-1.326093943418362e-06,-1.3511696484824548e-06,4.157053317683538e-07,-3.736734761972143e-07,-9.732745618740834e-07,-1.3563648821076508e-06,-1.497995099369358e-06,-1.5650065631560887e-06,-1.4068830996227664e-06,-1.381079963345585e-06,-1.3420378594074824e-06,-1.4611520781570345e-06,-6.734892083055675e-07,-1.118460110873815e-06,-1.435697018829795e-06,-1.4315933634354484e-06,-1.3506533930599012e-06,-1.3806059143203907e-06,-1.3315034446144787e-06,-1.3745151069604287e-06,-1.2533310490954098e-06,8.335244346944004e-07,2.2138887587334824e-07,-4.3329558486196097e-07,-9.625574444308415e-07,-1.284788224826661e-06,-1.3869691938145818e-06,-1.3864000905179923e-06,-1.1433097744358669e-06,-1.0319791128074842e-06,-1.2639758332579984e-06,7.11372290059287e-08,-5.822496546425955e-07,-6.839458612267758e-07,-7.504348500792463e-07,-8.887571679111275e-07,-8.67650805549274e-07,-8.487245438196685e-07,-8.000280140931274e-07,-7.64804133103176e-07,9.935868399898807e-07,2.114885636669039e-08,-6.225614557176089e-07,-1.2425070495232506e-06,-1.2723022854443478e-06,-1.306776032205936e-06,-1.2670940375807836e-06,-1.3866628918507825e-06,-1.349787083385996e-06,-1.305899117006289e-06,1.0076705467638765e-07,-5.605266977993896e-07,-6.102701906467949e-07,-6.34274827488295e-07,-5.949523601857923e-07,-5.770370387404633e-07,-8.179592797780039e-07,-8.342627590407087e-07,-8.588546364253637e-07,1.6217670852700682e-06,4.6138789690732504e-07,3.227193535986402e-07,-4.338138175859253e-08,-1.6451029088975382e-07,-9.619237013536294e-08,-9.089683340230306e-08,4.471275272401249e-08,1.029570777666177e-07,2.5424572934598353e-08,3.4265598039756667e-07,-6.653408930007469e-07,-9.032075562437815e-07,-9.490316242618037e-07,-8.776191189487373e-07,-9.679124440099254e-07,-9.803087217610514e-07,-9.627386011908868e-07,-6.089715530074359e-07,1.985716157184415e-06,5.481176934173734e-07,3.792521624921147e-08,-6.644681840604618e-07,-6.802613218293741e-07,-6.193410608628872e-07,-7.872912450392849e-07,-7.276305789970531e-07,-6.352762767258059e-07,-5.207820586704908e-07,-1.3856399799052455e-07,-1.045057883103301e-06,-1.3244116553791574e-06,-1.126269336962373e-06,-1.1880740088983956e-06,-1.7515183946821797e-06,-1.7673051691356468e-06,7.656213877266579e-06,-1.3272566685490187e-06,5.600500243559607e-07,-1.843039048703714e-07,-5.618638748407666e-07,-5.133639248252649e-07,-5.050682286635671e-07,-4.832059080219261e-07,-3.989467316475838e-07,-3.4931019283096516e-07,-4.906176426007723e-07,2.360984884207881e-06,1.3903215106242518e-06,1.36487443240452e-06,4.5330181267050183e-07,6.476856765681038e-07,3.0704611219701305e-07,2.778594896497607e-07,4.814823483096645e-07,5.09546618625949e-07,4.253048784549449e-07,5.426865209978086e-06,1.3876070712492869e-06,1.3783551701014212e-06,1.2977136284349698e-06,1.2055603817661342e-06,1.3095509051021622e-06,1.4454319926874697e-06,1.2810336170574936e-06,1.461339418477851e-06,1.1608269213037228e-07,-2.2882316966373048e-07,-8.731227535189963e-07,-1.6986658110739404e-06,-2.162417230282446e-06,-1.820662935278547e-06,-2.275752516030717e-06,-1.981797864809476e-06,-2.002740830173035e-06,-2.172646924952778e-06,-8.201481524383232e-07,-1.4183076236084588e-06,-2.005087455534898e-06,-2.2607690652135285e-06,-2.013082440103145e-06,-2.222316017340784e-06,-2.244861351815669e-06,-1.9674708421093076e-06,-2.0913029020219326e-06,-1.731538303203179e-07,-1.032322390307641e-06,-1.3125859189620095e-06,-1.7427624726296865e-06,-2.1943794806955536e-06,-2.281713360761672e-06,-2.3723161874198493e-06,-2.3411930677739997e-06,-2.082205338236812e-06,-1.8634102504015139e-06,-1.045682027280944e-06,-1.8715467378488122e-06,-2.2638299637463726e-06,-2.4761512589141558e-06,-2.51304770321547e-06,-2.446284588485773e-06,-2.3062369313703625e-06,-2.1780837488592805e-06,-2.1408247034303976e-06,4.3837523623203754e-07,-7.333287841744245e-07,-9.976876013339826e-07,-1.4961004491587727e-06,-1.7486110066405822e-06,-1.769927574117733e-06,-1.8590487908543029e-06,-1.7530034558935202e-06,-1.5518411870585356e-06,-1.4966562146585819e-06,-9.03404998777254e-07,-9.97902857555608e-07,-1.2892534747224036e-06,-1.3205770208293073e-06,-1.3356333621666369e-06,-1.46188565697996e-06,-1.1690540770083817e-06,-1.2591743881962385e-06,-1.077333949225564e-06,-1.9590814757872056e-08,-1.1432151336002212e-06,-1.3882226591044674e-06,-1.6992893800366278e-06,-2.0472641214710825e-06,-2.0698483908082677e-06,-2.0534669159926915e-06,-2.013795778549824e-06,-2.0038478673058135e-06,-1.9670622956871698e-06
0.7000003457069397,1.2622827599383783e-06,6.448601703754206e-06,-1.1792581746131944e-06,2.4197474347842627e-05,3.310832939816762e-05,7.124110966320844e-05,6.62132190109014e-05,-2.0439733526616498e-06,5.3432198670533095e-05,-1.7895936701329057e-07,-5.13463832472847e-07,-9.83117550315119e-07,-1.4190480870353828e-06,-1.4233697309223934e-06,-1.4452749050782183e-06,-1.4629862049690215e-06,-1.5407218865086008e-06,-1.5858753257903894e-06,-1.5810259761081174e-06,3.4293790762762696e-07,-5.300220420834977e-07,-1.0731393559418478e-06,-1.4211695696685725e-06,-1.6009110133157233e-06,-1.5842706198683067e-06,-1.6020753202875079e-06,-1.5814746078224662e-06,-1.687518145236513e-06,-1.7630550855841928e-06,-7.09373579868162e-07,-1.134849998208115e-06,-1.4900266106399979e-06,-1.5246006964603848e-06,-1.430321688997128e-06,-1.4642549134552276e-06,-1.4944260343742715e-06,-1.5786710820312694e-06,-1.4528579458609968e-06,8.563371003198503e-07,2.0461154531558984e-07,-4.3405332271301686e-07,-1.2182505943595165e-06,-1.5518358663201973e-06,-1.6225403179739883e-06,-1.5591746384770328e-06,-1.4846170015910773e-06,-1.4706745460395896e-06,-1.5404120613531993e-06,1.409894997031584e-08,-5.36954658555354e-07,-9.739671206804953e-07,-9.48301730409687e-07,-1.0179988368726731e-06,-1.0429810155800965e-06,-9.783721887115197e-07,-9.306242603484536e-07,-9.646844275570434e-07,1.1334892553290299e-06,-1.6514870758848005e-07,-6.526565583851911e-07,-1.0639056819178841e-06,-1.076143487948772e-06,-1.121452720606162e-06,-1.1497950534270244e-06,-1.1553314254717615e-06,-1.0452464817068328e-06,-1.1687661459722234e-06,2.773358283346549e-07,-3.784530990416002e-07,-5.730256334446037e-07,-4.6128191355177586e-07,-5.199847927667122e-07,-6.974374021795597e-07,-7.011304259975547e-07,-6.981464624650072e-07,-8.193668487495593e-07,1.6758751833714724e-06,6.009262011796482e-07,3.515575756375382e-07,-8.252634132092384e-08,-3.0309442140372046e-07,-2.438856765863642e-07,-3.415576433909903e-07,-2.6768366745510385e-07,-4.3357247896116076e-07,-1.7959098898535498e-07,5.371541502921053e-07,-4.925387886502446e-07,-6.458491590189582e-07,-6.721850162467942e-07,-7.452487120405341e-07,-7.962328716450652e-07,-8.010200082348073e-07,-7.035335662287944e-07,-5.614386112339848e-07,2.146280293724823e-06,7.103933461069117e-07,1.9612692699194786e-07,-3.038272812079516e-07,-3.421589227741526e-07,-4.2030913656650037e-07,-5.257811080449296e-07,-5.39803051113079e-07,-5.439086838088351e-07,-5.88257307490554e-07,-8.77860169966023e-07,-1.036645957569659e-06,-1.6674226153061318e-06,-1.974182414259049e-06,-1.6020666561122408e-06,-2.0664785658933895e-06,-2.0682803188886626e-06,1.7495812864176925e-06,-1.5689316862086245e-06,8.856980489495516e-07,-1.612167538583484e-08,6.581888140479022e-08,-1.913729191885487e-07,-2.0068005894760913e-07,-3.083439948667432e-07,-1.4683587665797152e-07,-1.83620837110725e-07,-2.384669360000248e-07,2.8898480838616713e-06,1.4685413973280835e-06,1.7666337854297839e-06,8.798331572633592e-07,1.1789342566913835e-06,7.406570227073873e-07,7.357140208401746e-07,6.148207341351563e-07,8.994782938835903e-07,6.902520865875689e-07,5.816289833252461e-06,1.3303304015655574e-06,2.0985963040991535e-06,1.5937324025730573e-06,1.4473256362718827e-06,1.2988004251915018e-06,1.4953725146325982e-06,1.8615617252401722e-06,1.3904430247835996e-06,1.5717288486843753e-07,-4.3175293025320184e-07,-1.0517986114610989e-06,-1.8662546524054853e-06,-2.317842827821708e-06,-2.3748579904062973e-06,-2.3364586172790873e-06,-2.196886770784672e-06,-2.0059201151339065e-06,-1.7229269758101222e-06,-8.776518522747984e-07,-1.6051411081474739e-06,-2.0105617403153766e-06,-2.2286239683464435e-06,-2.0678351744149816e-06,-2.1581683690627726e-06,-1.949493361497851e-06,-1.8939859092134743e-06,-1.9098756471439744e-06,-7.170146454595757e-07,-1.1591680013720867e-06,-1.3873336643907551e-06,-2.0014460213082234e-06,-2.4718965017411885e-06,-2.360117100545653e-06,-2.222577668243663e-06,-2.1784344142765222e-06,-2.1556608632680457e-06,-2.1755992157118386e-06,-1.3003194959870858e-06,-2.0526959481976593e-06,-2.284911340208597e-06,-2.334076472393723e-06,-2.3808463016513775e-06,-2.2552795731876637e-06,-2.2675589744500207e-06,-2.2678233576239385e-06,-2.3157141010751724e-06,3.9926137422823747e-07,-9.864389313454644e-07,-1.226014378466591e-06,-1.6996676557717333e-06,-1.927496242826484e-06,-1.928273573936961e-06,-1.9249280518539526e-06,-1.9012711863794494e-06,-1.7745558255514882e-06,-1.7627020474052601e-06,-1.1087952053879059e-06,-1.1762883397979915e-06,-1.263247557197944e-06,-1.1947417029323135e-06,-1.2296358778999641e-06,-1.4636533824155225e-06,-1.232044788256226e-06,-1.3423825929204955e-06,-1.270882924566205e-06,-1.2654200542075005e-07,-1.4036396062924882e-06,-1.3800717553323472e-06,-1.8738687727713274e-06,-1.9554375609460314e-06,-1.8126817199182967e-06,-1.7303803235959047e-06,-1.8877354078014943e-06,-1.8885798952580253e-06,-1.9712257734368874e-06
0.7100087404251099,1.0088654839320404e-06,1.922849908072565e-06,-1.265609911093746e-06,1.8955553113176636e-05,2.591823103762568e-05,6.363904120111349e-05,5.990830744106639e-05,-1.8258320685251374e-06,4.515018471557028e-05,-1.5121534942102304e-06,-4.5428967245468925e-07,-1.1451765806475129e-06,-1.3456234977834742e-06,-1.6403126086255408e-06,-1.4787544467156417e-06,-1.446381151290433e-06,-1.269118183058224e-06,-1.3156732054809371e-06,-1.2101492309754382e-06,4.847140856842901e-07,-5.26332972868322e-07,-1.1809431769479704e-06,-1.71772041764049e-06,-1.818167832556298e-06,-1.746991417031526e-06,-1.8865548150562825e-06,-1.8146778955685261e-06,-1.7788908252107466e-06,-1.5209467513084284e-06,-7.19468116999421e-07,-1.31589263201099e-06,-1.63972962826815e-06,-1.4571705660633932e-06,-1.0283076235993857e-06,-1.2242710097893e-06,-1.3067376366076568e-06,-1.0468809190519276e-06,-1.4283752514650813e-06,7.02269010075548e-07,6.716130728263616e-08,-5.716391496962605e-07,-1.5541473676188402e-06,-1.7522495647924789e-06,-1.430096941728737e-06,-9.43046836208326e-07,-1.4392048234321218e-06,-1.2524180211818382e-06,-1.086525830287918e-06,-1.3119779527049918e-07,-6.950167358676449e-07,-1.2183144072686413e-06,-1.2000262386793497e-06,-8.785602964441932e-07,-1.007741909369292e-06,-1.2514109815739787e-06,-1.2442295486829376e-06,-9.346230288907597e-07,8.548209055990439e-07,-2.297510632888079e-07,-8.735657589120616e-07,-1.2915663781075004e-06,-1.3970581046245574e-06,-1.2864155618621488e-06,-1.1924482669783664e-06,-1.3125994365134635e-06,-1.2608352854292859e-06,-1.2724713087639255e-06,-2.8575318245943944e-07,-4.59285162686591e-07,-7.386352679671062e-07,-8.237436952968297e-07,-7.695103980652694e-07,-9.568135096645086e-07,-9.389877959239647e-07,-8.791520847805897e-07,-9.710205101691203e-07,1.4151749670099168e-06,4.133633440770698e-07,2.690849450130835e-07,-2.617188860967969e-07,-6.840458767271618e-07,-5.999580784586213e-07,-5.672721357296356e-07,-4.593350985349146e-07,-4.3478808791678795e-07,-1.3188999456756383e-07,1.7856793323607815e-08,-7.523547558214711e-07,-1.0453295643169666e-06,-8.990189128397609e-07,-8.956655534529839e-07,-7.868150749089419e-07,-7.840713355221819e-07,-9.69113798419937e-07,-7.157640562444675e-07,1.5218807206414734e-06,1.0854434195454213e-06,-2.0235267618537456e-07,-6.271764772073877e-07,-5.29749857556746e-07,-6.30565374093135e-08,-5.571978929010252e-07,-4.165571532155676e-07,-8.852031124312859e-07,-2.854292465621608e-07,-4.62515282269154e-07,-1.554903128168487e-06,-1.96029305823814e-06,-2.312704001213085e-06,-2.168951851931504e-06,-2.02050677548461e-06,-2.2544869269789964e-06,-1.9664673077175833e-06,-1.8131602987612658e-06,4.2314354421061994e-07,-1.891544049825543e-07,-3.477904928940238e-07,-1.5572808870398166e-07,-2.719724881387167e-07,-6.648729915853906e-08,-3.424175178475808e-07,-4.070482747863359e-07,-8.859460744481735e-08,2.244995556654972e-06,1.711986531160411e-06,1.3041162742026775e-06,3.3726966755434337e-07,4.6774488498794065e-07,2.7733816514541156e-07,5.3290394091238e-07,3.398780157209545e-07,4.193050269598202e-07,1.0052701747546095e-06,5.080472129916559e-06,1.360271562330676e-06,1.0760301706025402e-06,1.1110835542845903e-06,1.2539060483452929e-06,1.1381692042069095e-06,1.12179585430258e-06,1.463236908812279e-06,1.5892530599109054e-06,9.264843484364408e-08,-5.628142917264453e-07,-9.864787290301974e-07,-2.0734078209528497e-06,-2.5594373513384795e-06,-2.7250840872256114e-06,-2.571378777863551e-06,-2.45795541232522e-06,-2.3946091463330125e-06,-2.640118223327513e-06,-9.605375591391655e-07,-1.945651608662926e-06,-2.021161657711437e-06,-2.056209756606084e-06,-2.133544998659304e-06,-2.165854822709268e-06,-1.951088792078776e-06,-2.2273642835448516e-06,-2.1157559368967055e-06,-3.525749151881946e-07,-1.3430433711006167e-06,-1.5319293484290972e-06,-2.1102994118779776e-06,-2.6252462204079512e-06,-2.5259769176228594e-06,-2.5742029394912753e-06,-2.5655144613923136e-06,-2.3561593340443926e-06,-2.382389279818549e-06,-1.3464074258904723e-06,-2.2452956031561304e-06,-2.6854186300304294e-06,-2.7056462436949652e-06,-2.6795012499795484e-06,-2.6013470456334467e-06,-2.612780629254688e-06,-2.5515419868103366e-06,-2.656654430966116e-06,3.9506237695501835e-07,-8.988947023603096e-07,-1.2692491882643372e-06,-1.5138398087541234e-06,-2.0523033999414707e-06,-1.9855325198098747e-06,-1.9602094723149204e-06,-2.032256188067351e-06,-1.9614282449528027e-06,-1.990505468805708e-06,-1.1166641999054332e-06,-1.1872938196886081e-06,-1.5627492758670007e-06,-1.5684333882779624e-06,-1.4986741765752504e-06,-1.6748758552391102e-06,-1.397670708552156e-06,-1.5384656238211528e-06,-1.4369611974982266e-06,-2.6458083215691063e-07,-1.1432051032894349e-06,-1.575310748163157e-06,-2.137440426239763e-06,-2.2382147070540285e-06,-2.257830148202183e-06,-2.2267104798460663e-06,-2.255249913666521e-06,-2.165601512423243e-06,-2.1751207447216734e-06
0.7200026512145996,1.9649303333565075e-07,8.179337366388865e-07,-1.598515458731709e-06,1.2910854408832139e-05,1.8234626430804766e-05,5.582487890541473e-05,5.412184573884029e-05,-1.032976463638437e-06,3.733958300044602e-05,-1.8396449569079005e-06,-1.0357925542813178e-06,-1.2938963761620562e-06,-2.0168488757298348e-06,-2.0521608185343782e-06,-2.0310502499131627e-06,-1.912183697152885e-06,-2.0348008311776416e-06,-1.987589560392582e-06,-2.2119961217752435e-06,2.1204292708025745e-08,-6.341156007984281e-07,-1.3557889121825303e-06,-1.5916738880020266e-06,-1.8773374268057463e-06,-1.7871696064576594e-06,-1.747463129245964e-06,-1.7767040017537063e-06,-1.7466892853761543e-06,-1.7645164551295542e-06,-1.1175376638153474e-06,-1.6258302599119224e-06,-1.5302388635767767e-06,-1.5496255129763842e-06,-1.3735245149052028e-06,-1.5901107054095436e-06,-1.705729235021769e-06,-1.5609574812806442e-06,-1.473488964964006e-06,4.2897518128219804e-07,6.02912993635914e-08,-1.3211443984810303e-06,-1.5582107579663025e-06,-1.7194021304647391e-06,-1.5691578715144043e-06,-1.4486095520034749e-06,-1.6571120669836184e-06,-1.622927185982491e-06,-1.7731638413101331e-06,-3.248051189781875e-07,-7.685931998432707e-07,-1.0381636622297236e-06,-1.052996981943529e-06,-1.0051195403381403e-06,-1.0232578654315266e-06,-1.0618722251483518e-06,-1.0526104374934384e-06,-1.0022340104648515e-06,5.273040795169303e-07,-2.88800581416297e-07,-9.396029343924609e-07,-1.1576226863941584e-06,-1.2134736858107019e-06,-1.3094300919860415e-06,-1.265283458631037e-06,-1.2769228613535401e-06,-1.2561749657617622e-06,-1.2287186976534327e-06,-2.426125820861223e-07,-2.609714302130701e-07,-5.931322542383453e-07,-5.233533593988752e-07,-6.113868806055451e-07,-7.295267571223638e-07,-7.14851927104264e-07,-7.239206582397405e-07,-8.170466832756492e-07,1.8900105267542023e-06,6.477466853043207e-07,7.141781167103076e-07,-3.0222872289570605e-08,-7.684336136440576e-08,-4.106962880340637e-08,-2.923157379847738e-07,-3.636184491432106e-07,-2.310522534445318e-07,-2.4782156694384804e-07,7.214889190399323e-07,-2.6024002642169524e-07,-4.6291322316555e-07,-6.022858295797569e-07,-3.867907139931796e-07,-4.5309200301548636e-07,-5.878965398606566e-07,-6.702723905688499e-07,-4.315943506801597e-07,1.7146484821706868e-06,1.3438234344821327e-06,9.03159094383781e-07,9.216762704272279e-08,-3.2242556256012283e-07,-3.214136875515436e-07,-1.716323148611732e-07,-2.2979215520719075e-07,-3.4671113798097846e-07,-2.8946801051934104e-07,-1.2184890209585678e-06,-1.9919278315868996e-06,-1.916222281355391e-06,-1.9515413783959437e-06,-1.5282182952173413e-06,-1.7497759607291916e-06,-2.3898530893263344e-06,-2.1840511366603547e-06,-2.03652924426609e-06,1.1587911277234353e-06,7.70671918839613e-07,4.2506220964559696e-07,-8.782090737874629e-08,-1.5556747790312793e-07,1.749167563060955e-07,2.731090409888984e-07,-1.942714453247382e-07,-2.0197519137083318e-07,3.0045313499072022e-06,1.814979775567355e-06,1.8261961076900942e-06,1.85277312378802e-06,7.984009466896499e-07,8.989104848206506e-07,8.758786982480933e-07,1.1903423510999095e-06,8.562143638287225e-07,8.459350568684791e-07,5.24437229749321e-06,2.1324760695173273e-06,1.942909379215424e-06,1.662535876651753e-06,1.5140960849922625e-06,1.6272117105294047e-06,1.4530930290231193e-06,1.7494219518750213e-06,1.8938875474560853e-06,-8.53684784160078e-08,-7.327660441932803e-07,-1.6960145374912753e-06,-2.5564665458480393e-06,-2.68811512988897e-06,-2.45807282807801e-06,-2.668094917166823e-06,-2.5014413394019735e-06,-2.5855315823340745e-06,-2.444548661651969e-06,-1.7821324490924193e-06,-1.9333131400148273e-06,-1.9290222162015335e-06,-2.036178506946979e-06,-2.0935618430540173e-06,-2.269474548104612e-06,-2.184544383484689e-06,-2.0346180206745996e-06,-1.888244508988039e-06,-7.671153647698088e-07,-1.390009762093843e-06,-2.085315777157698e-06,-2.4416796692086506e-06,-2.4452553851266598e-06,-2.358981841929121e-06,-2.5087755817410342e-06,-2.549099372452776e-06,-2.3604481008016035e-06,-2.4122857895227474e-06,-1.902365281175729e-06,-2.343449312485981e-06,-2.62443937358007e-06,-2.778356038487339e-06,-2.7893904588804038e-06,-2.7305086878143097e-06,-2.7265928041519963e-06,-2.707756959023207e-06,-2.848098694784613e-06,-4.065989600042274e-07,-9.112097669499073e-07,-1.557355736885899e-06,-1.8483750482137986e-06,-1.8434225732752874e-06,-1.912848861347041e-06,-1.8508082793773974e-06,-1.8634367642158687e-06,-1.8713988896297835e-06,-1.7759774693139855e-06,-1.389531632637558e-06,-1.2882550813143437e-06,-1.93914930690418e-06,-1.7780824684436071e-06,-2.136538884649834e-06,-2.1159076498412164e-06,-2.070666670033389e-06,-1.8257298600177337e-06,-2.1063514959328304e-06,-9.39677874115881e-07,-1.5976299692341317e-06,-1.8350678996051842e-06,-2.153006821463407e-06,-2.237147647360657e-06,-2.37910821776149e-06,-2.2881916832469617e-06,-2.3194038533581082e-06,-2.1798436190156072e-06,-2.252999133496617e-06
0.7300110459327698,2.366782331940541e-07,-8.03633533336018e-07,-1.4118395291640969e-06,7.096244706562799e-06,8.533809843813357e-06,4.826963581677159e-05,4.672061472888516e-05,-2.159297965407086e-06,3.0141229730077817e-05,-1.7513415700097683e-06,-7.344446292862088e-07,-1.3046105636041184e-06,-1.6579930626143558e-06,-1.9687560700500167e-06,-1.6177845665502552e-06,-1.6422549118000952e-06,-1.5699522793188728e-06,-1.6868068380176457e-06,-2.1732856112835146e-06,2.581313063703302e-07,-7.07321913950195e-07,-1.220372679170863e-06,-1.538223386423021e-06,-1.5829488837533912e-06,-1.6648328357973023e-06,-1.6905252431955517e-06,-1.6370534227122581e-06,-1.562978247370221e-06,-1.7075233304679473e-06,-8.606157109380032e-07,-1.2825761098870464e-06,-1.3815352459828567e-06,-1.4461773454415152e-06,-1.530847602778893e-06,-1.5250969811387027e-06,-1.411742497591292e-06,-1.4274360962097035e-06,-1.5035493929550522e-06,8.409846850596488e-07,6.902773600946763e-08,-7.272430279207906e-07,-1.3895622448584705e-06,-1.3855990677415354e-06,-1.3739388853787652e-06,-1.4271729443552996e-06,-1.392677752861152e-06,-1.393567089108744e-06,-1.4085452551385287e-06,-9.553238287580572e-08,-5.551256810238665e-07,-8.425134985585416e-07,-9.123524674099259e-07,-8.253617030647582e-07,-6.922990249576207e-07,-8.385298833352191e-07,-1.0090673843814182e-06,-7.962364487630697e-07,9.675554152772385e-07,-6.133380456855071e-08,-7.506212466880266e-07,-9.079438941627667e-07,-1.2877732309363154e-06,-1.1711111984806923e-06,-8.418390050968256e-07,-8.78029301138405e-07,-1.2083001485746084e-06,-1.1509095863296912e-06,-5.469350514688825e-08,-2.4509711523356405e-07,-3.4593481349667314e-07,-6.060890070617285e-07,-4.4689801647288337e-07,-2.0440436007880884e-07,-6.356905573220313e-07,-7.49920464105298e-07,-8.423380400216491e-07,1.6200139019875994e-06,4.962400991586919e-07,4.4086066815284745e-07,-2.501420739516381e-07,-3.837149677242966e-07,-3.2830846566460894e-07,-3.8079668654947924e-07,-3.625396155187187e-07,-4.988131075564756e-07,-3.6850211399267125e-07,2.883626810559617e-07,-5.792847181422477e-07,-7.832823383333882e-07,-6.185286416401247e-07,-5.702054443951649e-07,-6.341666151747931e-07,-8.119551411339141e-07,-8.511052596553777e-07,-5.743424263059954e-07,1.861169392689592e-06,1.2698833627527663e-06,4.757793436825083e-08,-3.6087010803680644e-07,-3.5106481415082297e-07,1.8618521728417496e-08,-2.324615840118884e-07,-4.774499836188673e-09,-2.6059626423381814e-07,-4.56733904604312e-07,-1.1331631444002012e-06,-1.7571517084223849e-06,-2.361224730868854e-06,-1.9442807995221205e-06,-2.245927926171422e-06,-1.872599974407785e-06,-2.0851236733380313e-06,-2.471036034094175e-06,-4.677968700395436e-07,7.219307200766845e-07,-1.3288202466017858e-08,-3.011313206134318e-07,-1.9290739495965945e-07,-2.0506305310471622e-08,-2.770804688453514e-07,1.2130927497064277e-07,-2.1093488332130932e-07,-3.4885787614580787e-07,2.6151629538947257e-06,1.490651006474184e-06,1.3795895813959063e-06,7.55628214255837e-07,6.09832470041133e-07,7.595535170630463e-07,6.969376662115091e-07,8.091205087964523e-07,8.958952799258332e-07,8.045036178580686e-07,4.7242503519105475e-06,1.669605484160353e-06,1.5332198611572097e-06,1.400014098329894e-06,1.5046682040189507e-06,1.5051444820020977e-06,1.3128736342925593e-06,1.4970706210830788e-06,1.5381268042369003e-06,-4.9714282712946846e-08,-1.0877900449072844e-06,-1.8283674362942709e-06,-2.078139808808734e-06,-2.545002098349342e-06,-2.5694038312402727e-06,-2.746051732905855e-06,-2.6867977618126227e-06,-2.6662583456912756e-06,-2.6866153108189276e-06,-1.667416575549099e-06,-1.938045091919777e-06,-2.0445135334312583e-06,-2.170537845392066e-06,-2.0634510118524964e-06,-2.223535886482175e-06,-2.140549265344054e-06,-2.356446528086389e-06,-2.24590581634657e-06,-7.851663650427641e-07,-1.6728407806775158e-06,-2.1156843406102143e-06,-2.419856966497069e-06,-2.374831584444747e-06,-2.59150168443072e-06,-2.550895247470223e-06,-2.5776657874497372e-06,-2.6481314529951293e-06,-2.6720606827510583e-06,-1.8642151019525183e-06,-2.3093229056801726e-06,-2.622581842709581e-06,-2.7444420298038464e-06,-2.779155425496266e-06,-2.8415421250899096e-06,-2.8278227450883486e-06,-2.785047783696583e-06,-2.901067669544003e-06,-2.3517735357143744e-08,-1.2083570409288002e-06,-1.4762257118939634e-06,-1.8019560641280592e-06,-1.85428282936511e-06,-1.9009869403140995e-06,-1.909374796696948e-06,-1.9124743245091468e-06,-1.946905109903747e-06,-1.962396169943689e-06,-1.2283143125519885e-06,-1.292007639880232e-06,-1.875912888993004e-06,-2.2452549606244314e-06,-2.197279408918197e-06,-2.1332561508743107e-06,-2.0936824764154645e-06,-2.211892169647506e-06,-2.175542359308582e-06,-3.1845582439760177e-07,-1.553291106231189e-06,-1.7174751603638423e-06,-2.0167662784573196e-06,-2.1896376063326214e-06,-2.366628192307938e-06,-2.3683927360857777e-06,-2.303519813650761e-06,-2.356041073444637e-06,-2.3538979303732797e-06
0.7400049567222595,1.2874712790356148e-07,-7.725910156858067e-07,-1.4042804227161068e-06,2.293860318780527e-06,5.093544393093192e-06,4.032065579023462e-05,4.0218897388533377e-05,-1.3805612992104054e-06,2.3726976987390792e-05,-2.3040700966330255e-06,-9.132782399298549e-07,-1.2819395087105235e-06,-1.8935362079588177e-06,-2.073686350819579e-06,-1.9871139924403957e-06,-2.055701518241972e-06,-2.2326910436647147e-06,-2.1104733065492093e-06,-1.951437120685261e-06,7.737453642486733e-08,-7.385887654330479e-07,-1.4073197956267887e-06,-1.7143717318752263e-06,-1.8572967669894786e-06,-1.9890575449099314e-06,-1.971703022095272e-06,-1.9144803147645544e-06,-1.8777426297909551e-06,-1.786743426102042e-06,-9.207281004749697e-07,-1.4768634185617292e-06,-1.6905607177803847e-06,-1.631978624718368e-06,-1.7624043826535269e-06,-1.7155793147846778e-06,-1.7236581728836227e-06,-1.584758914451383e-06,-1.6588937144186505e-06,6.200449082628005e-07,-1.1189052553474988e-07,-9.120219704670613e-07,-1.749345304482202e-06,-1.8438867717443692e-06,-1.959740618199793e-06,-1.963424654284108e-06,-1.896878431543566e-06,-1.8432809265924977e-06,-1.873737695663345e-06,-1.3960984663241263e-07,-8.657623928258623e-07,-1.0642094673162531e-06,-1.1050566856620252e-06,-1.2809515770244669e-06,-1.17053146269516e-06,-1.238007358632048e-06,-1.1420454160127616e-06,-1.072214949557438e-06,9.23374952092664e-07,-2.7371553325759515e-07,-9.59358611149217e-07,-1.1259187434470009e-06,-1.2757955299181135e-06,-1.377201432704444e-06,-1.2761723226771617e-06,-1.2693429213388814e-06,-1.4570694810226991e-06,-1.3163745453031538e-06,-2.789638843888372e-07,-5.325501477638181e-07,-7.846400074075547e-07,-8.293565889061146e-07,-8.249589986695118e-07,-8.746561148111305e-07,-8.489869856431114e-07,-8.383369526440538e-07,-1.0589826867458418e-06,1.6010318084563762e-06,2.607527766281138e-07,3.3107287683883215e-07,-4.711056502672698e-07,-6.895152901559863e-07,-6.364961638426647e-07,-5.933596259249708e-07,-6.480636826711988e-07,-6.239248589658629e-07,-5.045431113356055e-07,7.812238776887588e-08,-5.74950877900634e-07,-7.774819785750151e-07,-6.283731220449511e-07,-8.548639748188366e-07,-9.782086658849536e-07,-9.656339906080222e-07,-8.931284600389838e-07,-7.746068564973272e-07,1.6711095274652247e-06,8.511272346642239e-07,1.4091184568416702e-08,-5.47412246200865e-07,-6.804093138521416e-07,-6.68856786563385e-07,-7.52247028845588e-07,-6.663714085689774e-07,-5.801098550081668e-07,-5.059655819696013e-07,-1.2142588722004153e-06,-2.052852909978639e-06,-2.1910106803823147e-06,-2.6532595122988046e-06,-2.376182728424262e-06,9.140776808651838e-08,-2.044827349140414e-06,-1.400117672972817e-06,-2.1724454559146173e-06,6.301584095121233e-07,-1.8956805643742223e-07,-4.2295501750895764e-07,-2.8862095257097746e-07,-3.5359115823534207e-07,-4.794289747222986e-07,-2.974375777767426e-07,-3.0650249811313894e-07,-3.0961388973379497e-07,2.5171556008201135e-06,1.4814179436161105e-06,1.0940720752890122e-06,5.094042169735299e-07,4.588391194395418e-07,4.3302264536557985e-07,4.518181175946807e-07,2.446885688114262e-07,4.1161303686937817e-07,5.359247182020789e-07,4.585121816392143e-06,1.2925179274476222e-06,1.2306189741853009e-06,1.3370944261290526e-06,1.1987435093286033e-06,1.1672405680574553e-06,1.1380511413372951e-06,1.2832276307014777e-06,1.4955109976331327e-06,-1.2310768452898739e-07,-9.584953483170295e-07,-2.1615520890139192e-06,-2.5187458904173746e-06,-2.7725569729626154e-06,-2.7315762508207676e-06,-2.3951914256471765e-06,-2.7653925628391637e-06,-2.606091166929799e-06,-2.802821080974308e-06,-1.5826470397054969e-06,-2.0884863619923677e-06,-2.106241557974462e-06,-2.26133311740379e-06,-2.2387978132396913e-06,-2.2336612874908896e-06,-2.1717170000998886e-06,-2.1393235362003032e-06,-2.181640284953618e-06,-9.67691885025429e-07,-1.6544683610727117e-06,-2.0499254433400013e-06,-2.5526884980694357e-06,-2.66615220055652e-06,-2.7392538245863877e-06,-2.5675552521525287e-06,-2.6399909929695453e-06,-2.5935510135379304e-06,-2.5308129654592857e-06,-1.9850432815147617e-06,-2.398686018280994e-06,-2.8074601895903478e-06,-2.850984152756033e-06,-2.912358186420533e-06,-3.092691777913428e-06,-3.0321096714389005e-06,-2.8508462809213885e-06,-2.6646252924571675e-06,-1.887331678804608e-07,-1.4285002348896291e-06,-1.5930199628997464e-06,-1.992830883116087e-06,-2.1247300811229383e-06,-2.0989345934071183e-06,-2.0599334285959263e-06,-2.060688542028748e-06,-2.0174300315772883e-06,-2.0839663588230496e-06,-1.4625255207038086e-06,-1.5517081596123444e-06,-2.23103196195387e-06,-2.366426938975385e-06,-2.298993932503616e-06,-2.2355041503800133e-06,-2.3244555888273765e-06,-2.1162211240164923e-06,-2.0650863659464262e-06,-8.401678079209815e-07,-1.6434583333888533e-06,-1.947978191378684e-06,-2.143694738450823e-06,-2.487194163727814e-06,-2.4647182505078697e-06,-2.2805974077970837e-06,-2.492922477813012e-06,-2.509494672337268e-06,-2.383764636752597e-06
0.7500133514404297,-8.613851148673769e-08,-7.197122597970925e-07,-1.7700226104136609e-06,-1.293634132068754e-06,-8.159187946007343e-07,3.2688142926190376e-05,3.318930815960173e-05,-2.3071054340512852e-06,1.7038941770805728e-05,-2.4795147924154582e-06,-1.1545485938682724e-06,-1.8003363666661992e-06,-2.0010504891244538e-06,-2.0659034587907023e-06,-2.157587725516138e-06,-2.2233305347430647e-06,-2.202922932723862e-06,-2.0476294189187545e-06,-2.2888843319307103e-06,-2.6630834647199163e-08,-9.529411446086719e-07,-1.5413647790986997e-06,-1.9359698781395694e-06,-2.162680732658463e-06,-2.0838578948530045e-06,-2.1428554818552932e-06,-2.1141572707316554e-06,-2.073057191486543e-06,-2.1035204317256395e-06,-1.0696817478321214e-06,-1.462252158783945e-06,-1.8916634069288077e-06,-1.999556296375695e-06,-1.972089350839754e-06,-1.9401388204313643e-06,-1.8550069710676718e-06,-2.0279457069455705e-06,-1.964196448950639e-06,6.068352406136745e-07,-3.1834664140886247e-07,-1.2615101024494142e-06,-1.7957072164590761e-06,-1.885926248913669e-06,-1.9904425726454182e-06,-2.0338913264556726e-06,-1.9932372545066744e-06,-1.9540875314454926e-06,-1.9042411110719892e-06,-1.9476109705560055e-07,-1.0171888982644064e-06,-1.1864989445219883e-06,-1.2613123902839313e-06,-1.186364380173338e-06,-1.2235968039350619e-06,-1.1700656644094832e-06,-1.2353365457163637e-06,-9.644767569826436e-07,6.359962301444729e-07,-2.496195630664434e-07,-9.61713451299663e-07,-1.2788142130658652e-06,-1.3387132158298115e-06,-1.360077930596284e-06,-1.2573033128110948e-06,-1.3745045553610891e-06,-1.334149738992685e-06,-1.2588874907494533e-06,-5.175221986771821e-07,-5.395075164542279e-07,-7.711696595307869e-07,-8.07745313641611e-07,-7.381088564054945e-07,-7.457712229257288e-07,-7.88346764482612e-07,-8.76437447675484e-07,-9.924618813161457e-07,1.6266294491907086e-06,1.8668392865058736e-07,2.4312164732173224e-07,-4.0850608518915986e-07,-5.960659943150914e-07,-5.415644671595984e-07,-6.062607267014101e-07,-5.414714441160151e-07,-5.257109138448923e-07,-4.829798125934832e-07,2.092047445879947e-07,-5.817597153042555e-07,-8.561443673588261e-07,-7.942180464474505e-07,-7.753258841794254e-07,-7.12123718521302e-07,-7.593826872089991e-07,-7.336245704898188e-07,-5.782501850570625e-07,1.568788853144989e-06,7.259296144472622e-07,1.793779077952796e-08,-5.15560455034679e-07,-4.6830446128682983e-07,-5.805162803251563e-07,-6.195366519232217e-07,-4.624786482666762e-07,-3.304230996447351e-07,-5.089709183328387e-07,-1.7844973555045863e-06,-2.5359448175865737e-06,-2.8798239206851233e-06,-2.566645477798549e-06,-2.7616944699393734e-06,-2.6261578642105355e-06,-2.8790922472617383e-06,-2.9723606919255334e-06,-2.9897662291165576e-06,6.84304327996851e-07,-1.4545751782087474e-07,-3.052306978465469e-07,-3.1234276340904944e-07,-2.782534040414683e-07,-2.5932228893567575e-07,-1.902468460358371e-07,-3.08860555872242e-07,-4.6725045178276093e-07,2.438089285309276e-06,1.2519958313799748e-06,1.0668922698686659e-06,5.850051499850085e-07,4.559799416014015e-07,5.566498209012455e-07,4.863629393542068e-07,5.73160107915917e-07,4.8377954113629e-07,6.176933576228813e-07,4.528166044751708e-06,1.4878760257251537e-06,1.2763249074318392e-06,1.466682518297543e-06,1.4504106938328577e-06,1.4726973253815107e-06,1.3106875298542136e-06,1.1979299037249951e-06,1.530943807480199e-06,-3.6992965370846253e-07,-1.2888233577394347e-06,-2.5068947726403156e-06,-2.681303757944451e-06,-2.7726157886918146e-06,-2.801001064904198e-06,-2.7183850260011517e-06,-2.7490362896288247e-06,-2.8948523461216443e-06,-2.7677581343436226e-06,-1.6769898600778786e-06,-2.203736340597329e-06,-2.355708239691016e-06,-2.5722158594275303e-06,-2.3873156364029877e-06,-2.3363209251991167e-06,-2.2832291060957947e-06,-2.2829555194825887e-06,-2.321362046845808e-06,-8.285499757593092e-07,-1.961880238079548e-06,-2.368803924901618e-06,-2.55909157524836e-06,-2.6632278077228007e-06,-2.759060992069394e-06,-2.7412394666127444e-06,-2.677512875682153e-06,-2.7207158689026733e-06,-2.6990858452257143e-06,-2.2296460893714176e-06,-2.724358561412063e-06,-2.9659389562114903e-06,-3.039664436811523e-06,-3.083064117595887e-06,-2.9065659875243407e-06,-3.0083943497445454e-06,-2.9767261060755632e-06,-2.9967183849214336e-06,-5.946897206322084e-07,-1.4970167306319365e-06,-1.726263662950924e-06,-2.1547270377387394e-06,-2.5051609848871273e-06,-2.436658959396044e-06,-2.4567386349642143e-06,-2.461523884129884e-06,-2.4121954088728656e-06,-2.495098947400853e-06,-2.0467137665869485e-06,-1.6720605645045268e-06,-2.578553613758071e-06,-2.7437627189168775e-06,-2.6875042156553035e-06,-2.5447869859314557e-06,-2.662585724028733e-06,-2.630247031378191e-06,-2.782035796410423e-06,-1.0735050128988669e-06,-1.8540250072367782e-06,-2.01857635409398e-06,-2.438372291067378e-06,-2.5154223703064135e-06,-2.52870145921048e-06,-2.4582599167422835e-06,-2.456348944807336e-06,-2.4308503848490877e-06,-2.4181086186153194e-06
0.7600072622299194,-2.2942901481560197e-07,-9.193714919533778e-07,-1.960139421918622e-06,-1.3663773612304155e-06,-2.4643284165472528e-06,2.6280732365398926e-05,2.5870048444486407e-05,-2.3968961830205796e-06,9.548173807504942e-06,-2.249000400905246e-06,-1.043167996391566e-06,-1.5828025724368216e-06,-1.97884846810066e-06,-1.982257057110898e-06,-1.987996785617869e-06,-1.961408930313126e-06,-1.976352745224787e-06,-2.1157862884733414e-06,-2.3940506665376326e-06,-1.1077669367530963e-07,-9.797440763803673e-07,-1.5803669954747323e-06,-1.9004009580536599e-06,-2.0026504495231534e-06,-2.268841416193289e-06,-2.108755175428091e-06,-2.1270116532684285e-06,-2.1157480276910677e-06,-2.2884941744116805e-06,-1.0428975554851482e-06,-1.4370668393198962e-06,-1.6450296319048488e-06,-1.7563065603674282e-06,-1.7722785090978952e-06,-1.7647382409396977e-06,-1.671868442709393e-06,-1.6989012717208771e-06,-1.8973939679474255e-06,5.501033713946649e-07,-1.125569120606867e-07,-1.2698562377725217e-06,-1.741613399866489e-06,-1.8908150996854627e-06,-1.9750785721965037e-06,-2.0458721911561296e-06,-2.0348977908485767e-06,-2.00705999344555e-06,-1.9276807789743925e-06,-1.7671674770556766e-07,-8.559568832342706e-07,-1.1996678438111436e-06,-1.2235291442759221e-06,-1.102785431434799e-06,-1.1030654173143846e-06,-1.1472919336463332e-06,-1.1961821490336687e-06,-8.901531786571709e-07,5.40198996732598e-07,-2.386427001198624e-07,-9.281598237735193e-07,-1.3055752080722116e-06,-1.3532938454112157e-06,-1.3750736586576787e-06,-1.365854787431085e-06,-1.3796528460532768e-06,-1.2872730725447816e-06,-1.3161940626231349e-06,-5.021466220272883e-07,-4.5347964396908567e-07,-7.549153791222442e-07,-7.164235941173407e-07,-6.602805293071463e-07,-7.011249614554776e-07,-6.964444193871749e-07,-7.014006332228969e-07,-8.559240600308729e-07,1.6385187109095035e-06,1.5727476981742895e-07,3.493420633345926e-07,-4.668986359356084e-07,-6.025539516508855e-07,-5.54611582657396e-07,-5.309476707996879e-07,-5.274173609122275e-07,-4.801265127331692e-07,-5.466167239174201e-07,3.4256951839956924e-07,-6.00663291994054e-07,-7.372216592385179e-07,-6.144278982714903e-07,-7.468876073015336e-07,-8.16971491895686e-07,-7.294226971418219e-07,-7.89517848205591e-07,-7.389825539964841e-07,1.6998194406181134e-06,7.236591691160674e-07,8.167851042746383e-08,-5.876383402475104e-07,-6.049508004685495e-07,-5.551745023932139e-07,-6.795498438435668e-07,-6.782896647166226e-07,-5.841271562573202e-07,-5.468549887372651e-07,-1.6901247857337253e-06,-2.0834189249523614e-06,-2.8176024515874453e-06,-3.049023256039241e-06,-3.0261057934390873e-06,-2.761487320653527e-06,-2.975512007059194e-06,-3.0316892971592402e-06,-2.9342797362271223e-06,4.904287384142952e-07,-2.5120963695809574e-07,-3.7057730979741117e-07,-3.9891175138810284e-07,-3.7178439838151034e-07,-3.804164155374974e-07,-3.887008231056937e-07,-3.7081472977029046e-07,-4.6870337285846335e-07,2.331816093324249e-06,1.5320944530967905e-06,1.1433982676616756e-06,7.315551448101008e-07,6.154248536421612e-07,7.803648301036673e-07,5.731834400725492e-07,6.211153832949703e-07,6.864652308299593e-07,5.5498870796259e-07,4.392003605151296e-06,1.5625687662237802e-06,1.5696500937370983e-06,1.4785956514369908e-06,1.3997433877914655e-06,1.5696017756808374e-06,1.5111203901747e-06,1.5423588044681912e-06,1.4177381248515875e-06,-2.1481524746012098e-07,-1.307369618089069e-06,-2.421486604392379e-06,-2.726968455468867e-06,-2.6704930602181376e-06,-2.868763543717192e-06,-2.8873115297116924e-06,-2.7394190550823525e-06,-2.7610966777968787e-06,-2.747882660084652e-06,-1.8840965350789186e-06,-2.1320354368859536e-06,-2.2755107280192696e-06,-2.476275469393607e-06,-2.378155212408512e-06,-2.345634931586708e-06,-2.3307848227863896e-06,-2.27083165993929e-06,-2.435252594780802e-06,-9.27304461159236e-07,-1.8418870010006677e-06,-2.2813113394341855e-06,-2.4424883495342024e-06,-2.611280360797962e-06,-2.6447056165239605e-06,-2.8277989275940978e-06,-2.6670794470647725e-06,-2.5205189905176776e-06,-2.6704526513675144e-06,-2.221955788974907e-06,-2.5221789889773564e-06,-2.736471725552283e-06,-2.9496541534593713e-06,-2.786164473655333e-06,-2.70085641078512e-06,-2.916040209252504e-06,-2.885612883997191e-06,-3.0049951169650675e-06,-5.426661296276363e-07,-1.5807261453125677e-06,-1.8374461258386644e-06,-1.971570799051245e-06,-2.3926665915019157e-06,-2.4769608919394776e-06,-2.1568250174483573e-06,-2.3218785539249047e-06,-2.382239004911427e-06,-2.316209406090519e-06,-1.8455346547390486e-06,-1.6225819671318594e-06,-2.4136327272429006e-06,-2.6195248628286213e-06,-2.632512335725721e-06,-2.638039630159442e-06,-2.667692410501718e-06,-2.5285595069447455e-06,-2.7166841872796328e-06,-9.878026401766635e-07,-1.8426946387491127e-06,-1.8989954023344488e-06,-2.3081243734185365e-06,-2.507013374773951e-06,-2.4738317765080055e-06,-2.5789323209043927e-06,-2.6082369164439236e-06,-2.5930067163862964e-06,-2.5292307468468693e-06
0.7700011730194092,-1.9584979921167248e-07,-6.5431247641378e-07,-2.2840232802191874e-06,-2.54793371732094e-06,-3.0444128722200407e-06,2.0205207316374673e-05,1.986823747961588e-05,-2.210866714173337e-06,2.9595438601400735e-06,-2.6516454231827604e-06,-1.145895437562671e-06,-1.9010889645729628e-06,-2.313163472134251e-06,-2.286172373170241e-06,-2.3476688557183917e-06,-2.4028560570762982e-06,-2.3544917679129554e-06,-2.1449822043372183e-06,-2.5719607875457038e-06,-1.3377414710521125e-07,-1.0883769798674941e-06,-1.6355599489821936e-06,-1.977785273132771e-06,-2.2136702579400012e-06,-2.213752765335179e-06,-2.1650195117288237e-06,-2.2038639214769105e-06,-2.154869025955409e-06,-2.2055877328457146e-06,-1.1894206949620057e-06,-1.6805510428305284e-06,-1.8823315868530632e-06,-1.8832001614358557e-06,-1.8545462283821897e-06,-1.946134829670341e-06,-1.930489890642071e-06,-2.0232177725575756e-06,-2.0555830059856735e-06,4.501956519108473e-07,-2.393734747698796e-07,-1.425049376567896e-06,-2.024750945107303e-06,-2.2131665943323325e-06,-2.257743668228718e-06,-2.1735987079739756e-06,-2.245610227761317e-06,-2.246254576364272e-06,-2.0706523525736373e-06,-3.051081770610272e-07,-1.1201931616328418e-06,-1.4019655689928015e-06,-1.3934194745707911e-06,-1.3530057705713186e-06,-1.325527158957062e-06,-1.3580355759704087e-06,-1.379166546747077e-06,-1.0566715269810787e-06,4.694519791721007e-07,-3.8589819608786506e-07,-1.119448653725762e-06,-1.4519443022876685e-06,-1.5851001697114623e-06,-1.5130570580402373e-06,-1.5591718118347907e-06,-1.5209535460350902e-06,-1.51013591876611e-06,-1.44344878633694e-06,-6.01105434564686e-07,-7.184479013739872e-07,-9.150264260323979e-07,-9.276233099992517e-07,-9.746540351901568e-07,-9.257897404267529e-07,-9.60855239573803e-07,-9.818371397996622e-07,-1.1085077057629645e-06,1.415136427607899e-06,4.769153932196029e-08,1.1096550798444943e-07,-6.043207603376125e-07,-7.264968842461812e-07,-6.179635468727562e-07,-7.728948909615125e-07,-6.556670896584952e-07,-6.879631984268637e-07,-6.910718937274161e-07,1.055305175756178e-07,-7.917004114768671e-07,-1.0009889756691573e-06,-9.854706288697638e-07,-1.0292345105982908e-06,-1.008488142921238e-06,-9.807311452439906e-07,-1.025000802697601e-06,-8.793798339520297e-07,1.6958902191590193e-06,4.782663574444458e-07,-6.930333587501854e-09,-6.776607390646618e-07,-7.330550537574798e-07,-7.712857810499269e-07,-6.015001219014902e-07,-6.349578952479413e-07,-7.365157266843909e-07,-7.012667699174737e-07,-1.946089706753403e-06,-2.368715180019266e-06,-2.9511557161497475e-06,-2.9995829913507164e-06,-2.762682006165148e-06,-2.9398495426411478e-06,-3.028204033792982e-06,-3.0708949059484416e-06,-3.06822849702226e-06,5.960466886631476e-07,-3.051081051591577e-07,-5.069600027993747e-07,-4.567376075505881e-07,-3.9577776460497624e-07,-3.6007314771597276e-07,-4.91218400695381e-07,-3.622279748411137e-07,-5.121803122015368e-07,2.5761400118048284e-06,1.1965200878200196e-06,1.074032808571465e-06,3.98892841196441e-07,4.890031040980438e-07,3.7378672164157656e-07,4.931037036629394e-07,2.4728264445695446e-07,3.546806692874451e-07,3.361856390197845e-07,4.1670482527501605e-06,1.294483436950537e-06,1.217450074896146e-06,1.3152028953529533e-06,1.0069723796116481e-06,1.259700763806915e-06,1.0933220668889206e-06,1.3665966259812617e-06,1.3288256392419914e-06,-4.4320563977171337e-07,-1.3319756601420025e-06,-2.7257643867632847e-06,-2.876438708770186e-06,-3.030261218179428e-06,-2.9418167418379943e-06,-2.934653338340714e-06,-2.8686092063544465e-06,-2.9248245684943595e-06,-3.090907533023362e-06,-2.0015467108886354e-06,-2.29359007560425e-06,-2.4292049824689044e-06,-2.6313398678917554e-06,-2.515234562623445e-06,-2.552260897651897e-06,-2.4239584648353326e-06,-2.408747750184323e-06,-2.5625207911073925e-06,-1.2201600204042713e-06,-2.1751007200510356e-06,-2.4994264333147555e-06,-2.6312499186530907e-06,-2.8277172290949505e-06,-2.801997445059913e-06,-2.882371403919257e-06,-2.782500174634178e-06,-2.8022048460023027e-06,-2.8686310465472884e-06,-2.396985934529104e-06,-2.9092171173032668e-06,-3.056696731398303e-06,-3.2230190932015947e-06,-3.0313534794780372e-06,-3.140882316209277e-06,-3.065979478448157e-06,-3.0501013167186362e-06,-3.247052436864467e-06,-8.555197917699665e-07,-1.6709946822042674e-06,-1.942799216563714e-06,-2.0804530492338443e-06,-2.675233963905832e-06,-2.399408650044298e-06,-2.418499881625592e-06,-2.2847287903498318e-06,-2.4167093453219504e-06,-2.6644037987483687e-06,-2.035327170837384e-06,-1.8467235072115118e-06,-2.6252039061577877e-06,-2.5365732039745134e-06,-2.2506572716336044e-06,-2.8034161048948294e-06,-2.8139909285384565e-06,-2.582436979799932e-06,-3.000754740165988e-06,-1.1521992721863058e-06,-2.164631637094149e-06,-2.123315843252993e-06,-2.4732967367220614e-06,-2.6865847165734827e-06,-2.615728210441301e-06,-2.6608841123621174e-06,-2.6841470454694457e-06,-2.6889504498571484e-06,-2.6665873506703496e-06
0.7800095677375793,-1.4786784823905826e-07,-1.3078172431772452e-06,-1.5891909816343808e-06,-2.132027374888843e-06,-1.3471962073736575e-06,1.3481156165781416e-05,1.301663615153957e-05,-6.784332167989525e-07,-2.191083229368576e-06,-2.0581701970272036e-06,-1.2408623841372284e-06,-1.949059613470475e-06,-2.2437467694804667e-06,-2.234012658445225e-06,-2.3079125864621116e-06,-2.1766835453354756e-06,-2.26266864070217e-06,-2.2282963789354243e-06,-2.471818434286448e-06,-1.5491538187374158e-07,-1.0492922381208156e-06,-1.5980966438238422e-06,-1.8272409946444785e-06,-1.91119175244374e-06,-1.9461038219891465e-06,-1.990923874771692e-06,-1.9612012215408577e-06,-1.9563815381205283e-06,-2.1245458280886407e-06,-1.2617947799259804e-06,-1.6994771158177265e-06,-1.812199150521574e-06,-1.6466707651115347e-06,-1.7080592600395253e-06,-1.8184452838949859e-06,-1.8718766730583218e-06,-1.6778117523719395e-06,-1.76765276074797e-06,5.196636430668741e-07,-1.670683077477598e-07,-1.4092165309915876e-06,-2.0020376703347484e-06,-2.1049154403393778e-06,-2.1653907860193923e-06,-2.1270341765290297e-06,-2.198661272971429e-06,-2.274506618412589e-06,-2.115268959016613e-06,-3.3641867297862824e-07,-1.0404488114932183e-06,-1.431491361645919e-06,-1.4530300879241615e-06,-1.5244271792739675e-06,-1.312704664899384e-06,-1.428238943496097e-06,-1.45157719381166e-06,-9.978476908462829e-07,3.2583335166206327e-07,-2.820564017687662e-07,-1.0802559333466573e-06,-1.4609241537247878e-06,-1.5915416784396005e-06,-1.5894274893522917e-06,-1.6128370348652676e-06,-1.5018693563431345e-06,-1.482237912535164e-06,-1.6752682641854265e-06,-5.29300920259452e-07,-9.079103159897399e-07,-1.0202962813558412e-06,-1.0475697209856613e-06,-9.153272994050547e-07,-9.623372449556925e-07,-1.023137897162372e-06,-1.019086640255377e-06,-1.2223429431848943e-06,1.298602119835596e-06,-2.8138221388999502e-08,-1.1928980311471582e-07,-6.26475218274774e-07,-8.026072779535517e-07,-7.573885158233802e-07,-6.142558910243311e-07,-5.523978679011864e-07,-5.74618763165707e-07,-6.070965499826741e-07,1.3022363279243914e-07,-8.787952358025766e-07,-9.72004433325956e-07,-9.08257853675661e-07,-1.0474520266131275e-06,-9.804602369754215e-07,-9.493849500482144e-07,-1.021498076164803e-06,-8.187844256316567e-07,1.6513487366880048e-06,6.676062692501461e-07,2.436124135315707e-07,-3.44561937177121e-07,-6.784785149766974e-07,-4.934518704902181e-07,-7.752696119788575e-07,-7.24175712146099e-07,-7.86395365721574e-07,-8.852779263264346e-07,-1.8033653272874132e-06,-2.3839700963445115e-06,-2.9790573444373666e-06,-1.7000705758725876e-06,-1.6933423584400718e-06,-1.5032105553953329e-06,-2.5004359355616437e-06,-1.8951703666841688e-06,-3.0360240811128903e-06,4.76085501842569e-07,2.672750311556291e-07,-5.433512465905617e-07,-5.866300783078703e-07,-5.017764891788968e-07,-5.461103010755118e-07,-5.401815964801946e-07,-5.98737022936384e-07,-5.147326128609225e-07,2.214987059789126e-06,1.257939958926286e-06,1.0173053613174259e-06,6.423426126993466e-07,5.37452165565452e-07,3.944546623545414e-07,3.905341050707148e-07,3.9400905051870896e-07,3.634578383423569e-07,3.9896161533455695e-07,3.88755748943756e-06,1.1700155847574207e-06,1.2230264962821591e-06,1.328270413006203e-06,1.2479365394390702e-06,1.2399680147587757e-06,1.286195596068075e-06,1.2880562726453516e-06,1.1107719315824528e-06,-5.362494270444541e-07,-1.3172476047650522e-06,-2.5624668826807828e-06,-2.9755428529611822e-06,-2.757527648752727e-06,-2.9251936767411114e-06,-2.9885966733083045e-06,-2.7979105428011456e-06,-2.9849223439763633e-06,-3.0837157282876546e-06,-1.9367685910684702e-06,-2.336449701447277e-06,-2.45668217402124e-06,-2.5688639380781417e-06,-2.437623828557479e-06,-2.474998096732134e-06,-2.3306452477762126e-06,-2.3915887150710605e-06,-2.6110402804559134e-06,-1.0099120515926228e-06,-1.815087987880857e-06,-2.047554366848663e-06,-2.676095402228083e-06,-2.728756924593762e-06,-2.6830460480937e-06,-2.6249513148904574e-06,-2.6089542274688886e-06,-2.6459626050054485e-06,-2.621205137615481e-06,-2.4336446532745945e-06,-2.7392495464251562e-06,-3.064982918537768e-06,-3.0781821604158255e-06,-3.0429613532307926e-06,-3.051139148302082e-06,-2.979659630446701e-06,-2.987691644477708e-06,-3.0608468713512403e-06,-8.274832755752848e-07,-1.377336716071789e-06,-1.930533836165897e-06,-2.1818706450616915e-06,-2.2011661678295218e-06,-1.9096985079008842e-06,-2.0529346084777863e-06,-1.9601094747900017e-06,-1.958893515312761e-06,-1.8374251484682565e-06,-1.736341370550868e-06,-2.0551080222361766e-06,-2.682150060923185e-06,-2.7147970508144035e-06,-2.790736713532797e-06,-2.7633539830614337e-06,-2.552523860763893e-06,-2.6925105630694897e-06,-2.765872975179803e-06,-1.1643576626024011e-06,-1.9573580419032122e-06,-2.1205111310809506e-06,-2.182663183417555e-06,-2.6726712194999105e-06,-2.6473632534220704e-06,-2.6029270352879108e-06,-2.6941490089438053e-06,-2.5913790917433306e-06,-2.647899174005915e-06
0.7900034785270691,-5.019248047600772e-07,-1.4264224326421218e-06,-2.296139266507783e-06,-2.3093993283796503e-06,-2.4928704298472736e-06,4.7917314787084374e-06,4.290302437338125e-06,-2.7615884146819548e-06,-2.8434348878764222e-06,-3.2527535001411486e-06,-1.6568376175479794e-06,-2.265543084205965e-06,-2.8861329142678902e-06,-2.847426448256317e-06,-2.9450716136391107e-06,-2.882227923738797e-06,-2.888462876371511e-06,-2.9542121747421545e-06,-2.9493312421637322e-06,-4.0876759228830034e-07,-1.3656882537137366e-06,-1.8861365270543027e-06,-2.4073213249475076e-06,-2.527107987955497e-06,-2.8051777186714893e-06,-2.7531906897675264e-06,-2.6294100936179506e-06,-2.526962674277366e-06,-2.7405358888448413e-06,-1.4910411954502815e-06,-1.989188574832312e-06,-2.1498917943044775e-06,-2.222460099699401e-06,-2.160806884557479e-06,-2.2298950945330097e-06,-2.217395385942699e-06,-2.301957260199635e-06,-2.2989108813505506e-06,2.5803305246574546e-07,-6.452863111850098e-07,-1.7073741295949998e-06,-2.2476763279795736e-06,-2.2951409809525274e-06,-2.348876267860903e-06,-2.2984541471942893e-06,-2.3030401203288157e-06,-2.3134759756342893e-06,-2.258328104598965e-06,-5.978601796386066e-07,-1.2482964442465346e-06,-1.4825717349394902e-06,-1.6844573006300706e-06,-1.684786548277954e-06,-1.5559007486314503e-06,-1.477274652316237e-06,-1.5505076770125e-06,-1.1659944008073178e-06,2.2488201249430993e-07,-7.520812590856021e-07,-1.1371436273983364e-06,-1.5206194225416859e-06,-1.6001999959512672e-06,-1.625339087007135e-06,-1.6844941699988243e-06,-1.6364452104160287e-06,-1.6180251187483215e-06,-1.5204602048395527e-06,-6.40382567738509e-07,-7.284112355689919e-07,-1.022873208405509e-06,-1.0631689573881708e-06,-1.1494084190995972e-06,-1.12880774258549e-06,-1.022736612829047e-06,-1.02859666911452e-06,-1.2727811698702619e-06,1.2653424001885077e-06,2.2251543436367727e-08,-2.3076042173195661e-07,-8.095502482946069e-07,-1.28382320736762e-06,-1.16456003041393e-06,-1.191254336436374e-06,-1.1633628463123458e-06,-1.2058358018770106e-06,-1.1819181842729961e-06,9.287402695900033e-09,-8.70278603171568e-07,-9.67737380933315e-07,-9.903876022602407e-07,-1.0808162106887733e-06,-1.049251002398694e-06,-9.268310232999316e-07,-9.693492231159392e-07,-8.146042486727624e-07,1.4032887251696383e-06,4.27927822701052e-07,-1.696015544117448e-07,-6.602329841959815e-07,-6.613633894363266e-07,-6.359808790953484e-07,-6.311864085149238e-07,-5.51718449161414e-07,-6.791396346906982e-07,-6.585700737105898e-07,-2.3216747660514546e-06,-2.7167853352344624e-06,-3.2906757324627783e-06,-3.2044622992280883e-06,-2.689838545797492e-06,-3.1570767023605796e-06,-3.162046667428831e-06,-3.110175112927183e-06,-3.2931884151921046e-06,5.533105183299433e-07,-1.9127410804447565e-07,-1.4705161821721554e-07,-3.453271168716635e-07,-3.207265034098721e-07,-3.2593401427927445e-07,-4.575058970009839e-07,-1.5564770241395164e-07,-4.205843050208337e-07,2.3803503585069393e-06,1.2626835409586168e-06,9.366135602442384e-07,3.681514485754294e-07,3.573741492674693e-07,4.6141198403358623e-07,4.4797284156815406e-07,4.564265241124712e-07,3.8808340175284274e-07,4.243811910892296e-07,4.076770422541836e-06,1.430628692004154e-06,1.3300492652560609e-06,1.252872818481491e-06,1.3617763246542422e-06,1.2255800911751946e-06,1.3357559728294934e-06,1.2146108857777086e-06,1.4084457429512286e-06,-7.504442692241425e-07,-1.702490163656461e-06,-2.8820632684577875e-06,-2.97463949584905e-06,-3.2216677694674058e-06,-3.1387550454755978e-06,-3.108031682248347e-06,-3.1280229904189803e-06,-3.1299442622967243e-06,-3.1801549195653256e-06,-2.072246951789198e-06,-2.545573107045472e-06,-2.6410483998369453e-06,-2.729938146480331e-06,-2.668194303525852e-06,-2.8773053959289056e-06,-2.7772887091619566e-06,-2.591701517701351e-06,-2.7625903133061494e-06,-1.4306829779155788e-06,-2.661480560838427e-06,-2.6127819774147403e-06,-2.932738160146405e-06,-3.1054907241088653e-06,-3.1081328122277095e-06,-3.1189004766851653e-06,-3.1496537690655684e-06,-3.018734377833528e-06,-3.1778529093134486e-06,-2.7825413744053654e-06,-3.0180796214349718e-06,-3.343783028443496e-06,-3.4098920159159955e-06,-3.407731328788495e-06,-3.382987414900917e-06,-3.327292802050398e-06,-3.4696855386374785e-06,-3.506751527546924e-06,-1.2600178330756627e-06,-1.987044670050525e-06,-2.1184062471066667e-06,-2.6602504771377085e-06,-2.9015977301254883e-06,-2.6862050028009886e-06,-2.6855216294583972e-06,-2.6873409984116825e-06,-2.654576466939403e-06,-2.7854359459387356e-06,-2.493619494535329e-06,-2.6769438622629e-06,-3.0862641282706235e-06,-3.0601741934117277e-06,-3.1283195676549383e-06,-3.041331140120527e-06,-2.951319346829118e-06,-3.078944284280917e-06,-3.0636495702709385e-06,-1.473892945617435e-06,-2.374006838545243e-06,-2.4417463581925527e-06,-2.6246772788905675e-06,-3.051056011765546e-06,-2.956582905205746e-06,-2.935701901278173e-06,-2.8910012460436938e-06,-3.026678761461159e-06,-3.008346031688284e-06
0.8000118732452393,-1.794810869779217e-07,-1.5347087691185652e-06,-2.3667257811202308e-06,-3.282518429424278e-06,-3.4251856513979322e-06,-3.009304411706002e-06,-2.153990164911421e-06,-3.358956443999736e-06,-3.4402800108487266e-06,-3.5285646133834686e-06,-1.708172051603337e-06,-2.2076113525407348e-06,-2.7890670802226135e-06,-2.806681240687808e-06,-2.9020687053457644e-06,-2.8267687176088122e-06,-2.8544219069620606e-06,-2.898706124544232e-06,-3.1060269143247202e-06,-4.725291634783728e-07,-1.3836421145610836e-06,-1.8441229019774652e-06,-2.267507838739251e-06,-2.5139047914746204e-06,-2.6421410386203687e-06,-2.5306410301139957e-06,-2.422453572189628e-06,-2.5754107291186018e-06,-2.8443884864198228e-06,-1.4549943840830296e-06,-1.8739988117960702e-06,-2.1361199663830295e-06,-2.209675381086378e-06,-2.1727620443396125e-06,-2.273002723405323e-06,-2.2063485624771567e-06,-2.157527554886087e-06,-2.3021262340866778e-06,1.8346739852134743e-07,-8.691733815609929e-07,-1.7088188313882522e-06,-2.288287061076769e-06,-2.473411258424606e-06,-2.5852966609511585e-06,-2.3992300997270197e-06,-2.503929791201299e-06,-2.4343116150154868e-06,-2.3249842652978754e-06,-7.454619370343479e-07,-1.307156159414179e-06,-1.5990604030001682e-06,-1.6251072866147391e-06,-1.6487658597586412e-06,-1.6183722385046268e-06,-1.6287397870341358e-06,-1.7039179999674637e-06,-1.2780847236617638e-06,2.3023154753131679e-07,-7.141369169391206e-07,-1.2000468745158777e-06,-1.4700275280797323e-06,-1.6325161181556066e-06,-1.591492771686783e-06,-1.5887664055892255e-06,-1.6010697097293033e-06,-1.6242942562260862e-06,-1.6449155506012543e-06,-7.47189307545689e-07,-8.365195070657759e-07,-1.077028599961535e-06,-1.1250411631550618e-06,-1.1111138429470907e-06,-1.1400023962945944e-06,-1.0453219427188063e-06,-1.1072620598013799e-06,-1.256232469281844e-06,1.240412512115632e-06,-8.577174005074243e-08,-2.3613001739053629e-07,-8.538839882893525e-07,-1.1940236728886538e-06,-1.2377096489416464e-06,-1.166781079160822e-06,-1.305194644958885e-06,-1.2722087321244772e-06,-1.2795809116873997e-06,-7.944473504968176e-08,-8.500649744206375e-07,-9.81882240247266e-07,-1.096817648173443e-06,-9.62395683200077e-07,-1.0794871765341102e-06,-1.0548135826748407e-06,-1.0115151936490453e-06,-8.893996830164116e-07,1.315727563294231e-06,4.3508295748334663e-07,-2.384061609448837e-07,-6.814652107802833e-07,-7.725732199731213e-07,-6.804849725942563e-07,-7.845672606911524e-07,-7.68255494737995e-07,-8.203697180489915e-07,-7.821387211245341e-07,-2.109940518190552e-06,-2.8560719110618884e-06,-3.245845276378498e-06,-3.1480385115441465e-06,-2.9059089841923654e-06,-3.3064784691312606e-06,-3.3120337154167243e-06,-3.3933932332004337e-06,-3.3483961085828e-06,4.8891811608837e-07,-2.820041111342186e-07,-3.6210250607894726e-07,-3.239452265461295e-07,-4.587052920850533e-07,-4.439061437346979e-07,-3.899675183395556e-07,-4.501705222074792e-07,-4.5121685618698577e-07,2.3899913925721954e-06,1.3659723739508144e-06,1.1281185451914744e-06,4.700818395483642e-07,3.68008471708055e-07,3.363118268006456e-07,2.6780836327217387e-07,4.2380604803560735e-07,4.505342737649583e-07,3.452946711530802e-07,3.7401963336724217e-06,1.4648767747485162e-06,1.3028932953054329e-06,1.097676444101992e-06,1.0666919512604156e-06,1.2911260510590716e-06,1.1133906695691978e-06,1.2631291168435148e-06,1.2979510484078489e-06,-7.007794190464336e-07,-1.9378039510251543e-06,-2.9738390662630163e-06,-3.0963667543621943e-06,-3.2087132815529097e-06,-3.2370243550360345e-06,-3.2001568512371677e-06,-3.2594900222395844e-06,-3.2160850926187514e-06,-3.337451457673727e-06,-2.0634988580527393e-06,-2.6824316466193655e-06,-2.6514271650580865e-06,-2.9310184292086914e-06,-2.778367237203504e-06,-2.840397141745536e-06,-2.821236354093296e-06,-2.839380017900488e-06,-2.991998170996669e-06,-1.384447828934521e-06,-3.017885284163486e-06,-2.6983309115475662e-06,-3.1011523989881456e-06,-3.12245512535543e-06,-3.189405113043792e-06,-3.0942487949206068e-06,-3.2285605343281267e-06,-3.142887964930805e-06,-3.3482319026884746e-06,-2.7271118817229256e-06,-3.2538314529677396e-06,-3.335642406638706e-06,-3.4232221191964273e-06,-3.340898577098249e-06,-3.376799791673759e-06,-3.352316809670366e-06,-3.4375047424922186e-06,-3.640930374324258e-06,-1.1080896503185936e-06,-1.998169435142537e-06,-2.139796392103852e-06,-2.5990087429129717e-06,-2.78963913149585e-06,-2.816060102561631e-06,-2.8110080974603526e-06,-2.8304765352364437e-06,-2.942387930288797e-06,-2.986265614701175e-06,-2.4559655280885664e-06,-2.707560792747917e-06,-3.09597111432562e-06,-3.1789704620946316e-06,-3.085728998607343e-06,-3.1191252778799584e-06,-3.1476107852983362e-06,-3.2104108487393693e-06,-3.2130730693816563e-06,-1.5393288417146717e-06,-2.4090692414180405e-06,-2.5279900441388084e-06,-2.622428853506888e-06,-2.957936925260038e-06,-2.954733912682253e-06,-3.0141316156124883e-06,-2.9456058265535563e-06,-3.0565958890264184e-06,-3.1207220745964034e-06
0.810005784034729,-7.892847243694108e-07,-1.8566031925691611e-06,-2.5697683647305815e-06,-3.485854866987282e-06,-3.4920595309574966e-06,-3.625118110658076e-06,-3.4990720124308295e-06,-3.6577503426905928e-06,-3.7127974073049673e-06,-3.6886130337653433e-06,-1.8561128667582726e-06,-2.428749178543079e-06,-2.8831546669339634e-06,-2.9909582362835425e-06,-3.1355872468383684e-06,-2.9820914235729108e-06,-3.1018881528426217e-06,-3.059675859530131e-06,-3.2778172694949146e-06,-6.056124774220384e-07,-1.5353668509785822e-06,-2.034432702593861e-06,-2.482660607056107e-06,-2.630221560140943e-06,-2.7915345187005966e-06,-2.813146225376317e-06,-2.6531110619016194e-06,-2.761538146287485e-06,-3.0939271778586178e-06,-1.6344491010503352e-06,-2.072721272693336e-06,-2.4573848440280406e-06,-2.4270134045007474e-06,-2.4123291283745503e-06,-2.42761920471395e-06,-2.515870130210595e-06,-2.4685304516744557e-06,-2.50081848945798e-06,-3.6732723744608046e-08,-1.0526183826500112e-06,-1.832618184938017e-06,-2.4115754080404493e-06,-2.4654010935741738e-06,-2.691525777090221e-06,-2.521255903789798e-06,-2.6736541540060417e-06,-2.7312355438124427e-06,-2.534402846045574e-06,-8.898151140425482e-07,-1.498878072301505e-06,-1.7391606653208054e-06,-1.861418379875717e-06,-1.8208940908010515e-06,-1.795436029570763e-06,-1.8365882826098855e-06,-1.8625422869846119e-06,-1.4197803176982563e-06,9.759945376929941e-08,-8.97301213129859e-07,-1.3930718200443321e-06,-1.6799302061388792e-06,-1.7906930834205898e-06,-1.826000298677218e-06,-1.780269606471326e-06,-1.8236352978938474e-06,-1.8568283701253017e-06,-1.7477643261770333e-06,-8.346376014615484e-07,-9.997901198491086e-07,-1.244760957424475e-06,-1.2412559030686542e-06,-1.2790108736665075e-06,-1.244336502713724e-06,-1.3501718752280189e-06,-1.230505674814537e-06,-1.4132561577712008e-06,1.1509724105881112e-06,-3.9432628156666263e-07,-3.707018797862099e-07,-1.013795597389157e-06,-1.3487308449239744e-06,-1.435414075985829e-06,-1.3562396919652283e-06,-1.316422989187687e-06,-1.3916984404116938e-06,-1.2708555119784821e-06,-2.549213732376115e-07,-9.290567007296685e-07,-1.1430805962147718e-06,-1.130945268323298e-06,-1.2043041662297428e-06,-1.1101650798044092e-06,-1.2081820587417926e-06,-1.2020534669494418e-06,-1.1099964609328472e-06,1.1484905737607733e-06,2.282246944534758e-07,-3.3258615953392656e-07,-7.955747538341133e-07,-8.585171290502291e-07,-8.723418812414491e-07,-8.57522276809239e-07,-8.430979529042556e-07,-9.300880162061964e-07,-9.071277000918587e-07,-2.465394029215502e-06,-3.1248792609325452e-06,-3.4661068028409526e-06,-3.587363409692233e-06,-3.5967943464949955e-06,-3.4686568385914508e-06,-3.438910819499983e-06,-3.5316340322878413e-06,-3.937446349889499e-06,3.81548456545372e-07,-4.1561876191755243e-07,-5.370279804867119e-07,-6.642634974136437e-07,-7.188712236302944e-07,-6.583082250775696e-07,-6.465713773465127e-07,-6.379150753341237e-07,-5.969653968244047e-07,2.0128006566768237e-06,1.1760632869466553e-06,9.855134104820785e-07,2.980900872418782e-07,2.3300149514948666e-07,1.8386659770045867e-07,2.055306669125961e-07,2.139256056295837e-07,3.291413409692259e-07,1.2791342572744605e-07,4.014829119078416e-06,1.2817263915695137e-06,1.2271669654336574e-06,1.1244527002801264e-06,1.2048886745018589e-06,1.1451937292433732e-06,1.4992098455025519e-06,1.1970476677870096e-06,1.2769859013175685e-06,-9.800322590730682e-07,-1.9892066873626103e-06,-2.9708941454455724e-06,-3.0702910021470443e-06,-3.158033320782497e-06,-3.452822860560699e-06,-3.4271580994312483e-06,-3.411846200874474e-06,-3.356038881843613e-06,-3.6043874715149627e-06,-2.209901566392158e-06,-2.7186138447129e-06,-2.8194688263878747e-06,-3.0719412039770134e-06,-2.963539950337743e-06,-2.950920552098022e-06,-2.908316501449907e-06,-3.122616688856054e-06,-3.2591020757030397e-06,-1.6458058035976817e-06,-3.0528613048044224e-06,-2.8297759054451875e-06,-3.2231943000819436e-06,-3.4046523649109553e-06,-3.415429897899991e-06,-3.359972525267677e-06,-3.378012686333815e-06,-3.4032263890608235e-06,-3.6857680565464164e-06,-2.824327972699857e-06,-3.2053538105072302e-06,-3.499046379414375e-06,-3.6426558394360596e-06,-3.676683255343121e-06,-3.532776265385709e-06,-3.537212071465917e-06,-3.6518848038875755e-06,-3.9751555729229236e-06,-1.358256278758644e-06,-2.2520568235467176e-06,-2.3453755995191182e-06,-2.8268470457078295e-06,-2.980066882635189e-06,-3.11893114283248e-06,-3.074623395363536e-06,-2.895435784853453e-06,-3.163645423471218e-06,-3.1711988946101905e-06,-2.588162561614091e-06,-2.8823865572382407e-06,-3.162420682978172e-06,-3.306864438366395e-06,-3.395819525833632e-06,-3.2407443061041335e-06,-3.287988310215254e-06,-3.3106719659114678e-06,-3.542302795723887e-06,-1.7405458009090965e-06,-2.6118951487448445e-06,-2.6263461033047207e-06,-2.8832011514925537e-06,-3.0221974594730648e-06,-3.0936410084182606e-06,-3.0701742514865473e-06,-3.066926605823309e-06,-3.257024093700859e-06,-3.2784248402916526e-06
0.8200141787528992,-9.775457126732825e-07,8.954425138539916e-07,-3.082589241699194e-06,-3.450334516614177e-06,-3.6903298347018774e-06,-3.9677456538662806e-06,-3.454990881678881e-06,-4.020345969765602e-06,-3.8104678641703354e-06,-3.771276599804087e-06,-2.355052440715353e-06,-2.86411832344225e-06,-3.187716066228861e-06,-3.216598939328679e-06,-3.4053295546927748e-06,-3.2606438674893654e-06,-3.2785839591287157e-06,-3.3213790889948576e-06,-3.5294419599943327e-06,-8.307801919945543e-07,-1.7811649375372825e-06,-2.1464640254705674e-06,-2.9861302953828957e-06,-3.086523532240083e-06,-3.1237706419586395e-06,-3.114354049578829e-06,-3.0598885272844567e-06,-3.2317576150016837e-06,-3.22197022468119e-06,-1.566918901226555e-06,-2.214619883905116e-06,-2.561560784309878e-06,-2.5248806118440944e-06,-2.5153977978425335e-06,-2.6982045350242983e-06,-2.655097449909872e-06,-2.616211166310572e-06,-2.5985730984737896e-06,5.316747784543571e-09,-1.0160155496325403e-06,-1.9661404148559242e-06,-2.358368563921496e-06,-2.614827531673805e-06,-2.7157491394185467e-06,-2.5824083089294943e-06,-2.747124239165836e-06,-2.6049250264603435e-06,-2.6377614957529947e-06,-8.330994946460313e-07,-1.4780131654049528e-06,-2.0398605938165523e-06,-2.1594666494397175e-06,-2.1790915883754376e-06,-2.0096864833525938e-06,-2.0850028355056433e-06,-2.2178310258880145e-06,-1.813096180269196e-06,8.872755400140533e-08,-9.356935758247988e-07,-1.3591341399172608e-06,-1.5965445925395213e-06,-1.8295257057559561e-06,-1.8774055111353023e-06,-1.974354196812866e-06,-1.850258728895428e-06,-1.9938577496644436e-06,-1.901996184163644e-06,-5.931873670212685e-07,-7.764895709975859e-07,-7.889104032371245e-07,-8.407642698788915e-07,-8.296647782939867e-07,-9.69248884057141e-07,-1.0161614385256267e-06,-9.587516425306356e-07,-1.2880915854509788e-06,1.3876494214503849e-06,-4.729722946997111e-08,-2.6344737108711425e-07,-8.352705715936648e-07,-1.2032985242144706e-06,-1.2215093398738491e-06,-1.227387097500804e-06,-1.2631151499053768e-06,-1.2590484296025864e-06,-1.2083143491938219e-06,6.957045131997411e-09,-7.568728446035156e-07,-6.668184404667312e-07,-6.544410010053974e-07,-6.939804861253268e-07,-7.00923114932502e-07,-6.455183025667465e-07,-5.171552025478447e-07,-6.602775993059667e-07,1.7628707651418927e-06,6.717411300558281e-07,3.804975028707529e-08,-5.195255195756869e-07,-4.526735341353663e-07,-5.506092010461507e-07,-6.732861214753441e-07,-7.214598347337455e-07,-6.847310655919563e-07,-5.035164245419223e-07,-2.881327640431583e-06,-3.6070638748009956e-06,-3.572761398292405e-06,-3.4011520201275824e-06,-3.5707662652192825e-06,-3.393822127851622e-06,-3.383278725324939e-06,-3.3544182856083846e-06,-3.2437683549288914e-06,5.146245084002245e-07,-7.669319431008767e-08,-1.6783269652173865e-07,-2.0448697532679154e-07,-4.2232864437336196e-07,-5.23109180650269e-07,-1.620731410742707e-07,-4.167054867722149e-07,-4.5301132911797873e-07,2.442594153135078e-06,1.536746647853068e-06,1.1709704775344713e-06,4.984525915831212e-07,2.955719399704748e-07,3.6464518986329565e-07,3.87794895501729e-07,3.5005590509435774e-07,4.800566780424789e-07,3.435913158661307e-07,4.0812952071854726e-06,1.847553407576281e-06,1.5346346023402415e-06,1.7356318923358041e-06,1.3102374241515414e-06,1.5622448483019693e-06,1.235333723567988e-06,1.8144849469018933e-06,1.998905836113838e-06,-9.036566912712162e-07,-2.0149930525287455e-06,-2.94053440794753e-06,-3.3505572630724516e-06,-3.4699121733299422e-06,-3.622256703861983e-06,-3.5502407261587366e-06,-3.4145040534781923e-06,-3.8788143659178275e-06,-3.866854173004833e-06,-2.416818465396554e-06,-2.9167864787553853e-06,-2.8433661047505724e-06,-3.4642387203711246e-06,-3.263298808067372e-06,-3.272353050976157e-06,-3.0778490031037916e-06,-3.4879472832897524e-06,-3.123761807016432e-06,-1.7164134933106785e-06,-3.272260207687247e-06,-3.105448751392582e-06,-3.216256003362402e-06,-3.3500345724325833e-06,-3.642241397060628e-06,-3.6552901123750205e-06,-3.517052836479215e-06,-3.7823967631764545e-06,-3.864711928706844e-06,-3.1902199409791814e-06,-3.5112824238494623e-06,-3.6385517166795618e-06,-4.012034545069965e-06,-3.964270456761743e-06,-3.9328429046007e-06,-3.892377718862711e-06,-4.000009964032891e-06,-4.052860929849068e-06,-1.2203099358020459e-06,-2.160671596696268e-06,-2.6850892655420086e-06,-3.136704601889411e-06,-3.328090984703012e-06,-3.5758703991759023e-06,-3.50233053325182e-06,-3.4748512565452704e-06,-3.350611836591354e-06,-3.5307969147729275e-06,-2.6816521225018703e-06,-3.0423546812074224e-06,-3.461592048508103e-06,-3.421618276096778e-06,-3.44248560069369e-06,-3.485909728113662e-06,-3.443100685235784e-06,-3.5497038348996547e-06,-3.824145900596971e-06,-2.0886743314545418e-06,-2.7512050957693714e-06,-2.7285238007575813e-06,-3.0832748260242706e-06,-3.2648046129680446e-06,-3.341412208102568e-06,-3.265109117385108e-06,-3.385796549037929e-06,-3.3075746490817537e-06,-3.516748044454674e-06
0.8300080895423889,-9.179248982421854e-07,-2.447150179140984e-06,-3.49502746037316e-06,-3.797511650610973e-06,-4.310679427136415e-06,-4.28328132764046e-06,-3.971014420703666e-06,-4.126541687486312e-06,-4.121159185442168e-06,-4.0936687279949215e-06,-2.5641228366603058e-06,-3.1415249751183e-06,-3.2812924306485173e-06,-3.209865724716237e-06,-3.1731859207475347e-06,-3.2888708157852496e-06,-3.2616910463158382e-06,-3.281941632627659e-06,-3.397500124178905e-06,-8.594556282010483e-07,-1.7038840173464215e-06,-2.2649718912612954e-06,-3.095917259825412e-06,-3.3057969472618067e-06,-3.272035891830073e-06,-3.2702708087882123e-06,-3.0706137696389446e-06,-3.079478623023634e-06,-2.99005937303825e-06,-1.746172609777051e-06,-2.1664740146456533e-06,-2.545973986930781e-06,-2.5982997455416594e-06,-2.500535717380954e-06,-2.5170617239418305e-06,-2.4288216017010687e-06,-2.2554753484965385e-06,-2.557031209204191e-06,-4.1851885191940236e-08,-9.396733083471717e-07,-2.067312079327098e-06,-2.467356554790835e-06,-2.67346418926699e-06,-2.6697352145142774e-06,-2.6461189016941365e-06,-2.630657267494261e-06,-2.6031625318857826e-06,-2.598399644201508e-06,-9.263988571136837e-07,-1.4457695809522075e-06,-1.965907464033617e-06,-2.070101624698556e-06,-1.9065699182518322e-06,-1.8795541479588713e-06,-2.021433802916854e-06,-2.081306805290732e-06,-1.7338072385951154e-06,6.1934472785822424e-09,-1.1137108485937985e-06,-1.4007158291185259e-06,-1.6978534547653138e-06,-1.8311430821355936e-06,-1.8734984848845302e-06,-2.0310271154866716e-06,-1.8595819499569744e-06,-1.939519277973365e-06,-2.0155237377577214e-06,-8.362448778754634e-07,-9.684199993062775e-07,-1.2578451652991677e-06,-1.2823683044966415e-06,-1.2051296895682102e-06,-1.1174995738000134e-06,-1.170582027684841e-06,-1.1254624541835572e-06,-1.566364627690537e-06,9.308111872335207e-07,-2.284316280337142e-07,-4.785568409969693e-07,-1.3455314319335276e-06,-1.349639410427774e-06,-1.311617949032455e-06,-1.3980368867977284e-06,-1.2423146491083724e-06,-1.0381810265311926e-06,-1.1524849023626418e-06,-2.3244892928286753e-07,-9.844652609803685e-07,-1.0994057110251398e-06,-1.10958430144177e-06,-1.0726824195615792e-06,-1.0812643301023026e-06,-1.0833876821840978e-06,-1.0926473846847974e-06,-1.0386292807607269e-06,1.1289979050546822e-06,2.797749914024824e-07,-3.4044575288202505e-07,-7.309517083708554e-07,-7.331725054612043e-07,-7.307378722111514e-07,-7.448066233963039e-07,-7.352615423758111e-07,-7.064720338534561e-07,-7.198058760310988e-07,-2.7491653534844633e-06,-3.566199489883896e-06,-3.7003784085630997e-06,-3.6558957418212837e-06,-3.782092294710326e-06,-3.560067518703682e-06,-3.6168992236684037e-06,-3.5604456146841133e-06,-3.3808932729535806e-06,2.0731023818114825e-07,-2.7307776367569384e-07,-5.08527445577622e-07,-5.05034237054791e-07,-5.458970401307632e-07,-5.569869687670333e-07,-5.984386122027554e-07,-5.789259188260262e-07,-4.527671863203073e-07,2.5635295743355856e-06,1.436727768079101e-06,9.348678547561907e-07,2.6463130726925476e-07,3.54330327428616e-07,2.1115598156982635e-07,2.1554177989984156e-07,4.140828301335855e-07,2.50176874456445e-07,3.670177358490902e-07,4.550792844044665e-06,1.6505045368389513e-06,9.88953339719657e-07,1.2084832287096608e-06,1.180736584901612e-06,1.2357401848359124e-06,1.4451990306304954e-06,1.3034630457188472e-06,1.187735908332838e-06,-1.3409160823914699e-06,-2.1503459489811727e-06,-3.302091268714791e-06,-3.481083746538957e-06,-3.6633916914647072e-06,-3.713922419905105e-06,-3.695715931839493e-06,-3.58889042564439e-06,-4.016692923387014e-06,-3.72982110961835e-06,-2.6551889630141974e-06,-3.250413094290992e-06,-3.349831126093013e-06,-3.6420598448403006e-06,-3.5235382412986443e-06,-3.6125603772591303e-06,-3.246823501312181e-06,-3.306885146104793e-06,-3.474181886091752e-06,-2.0182454527031e-06,-3.4076361037501607e-06,-3.2424763142860533e-06,-3.580879982174214e-06,-3.797793182380751e-06,-3.91920955518592e-06,-3.95972359824419e-06,-3.6490861674235006e-06,-3.866612510821658e-06,-3.989828946928167e-06,-3.2222969467759095e-06,-3.728840583824845e-06,-3.9813374799514615e-06,-3.816451250137359e-06,-4.151765114941162e-06,-4.03762420469679e-06,-3.973592641986983e-06,-4.02771828414453e-06,-4.021085120983409e-06,-1.7726119135726052e-06,-2.277829113921911e-06,-2.9140917764435806e-06,-3.2229587315822024e-06,-3.487279890137643e-06,-3.6007932049146387e-06,-3.581284645895402e-06,-3.576610197510534e-06,-3.5384623011716784e-06,-3.3256471839646055e-06,-2.889806812188615e-06,-3.2990006747098693e-06,-3.4764054514040744e-06,-3.6394357501642834e-06,-3.584551974695399e-06,-3.487232075394468e-06,-3.511011964967577e-06,-3.3148111408293157e-06,-3.7008640337892732e-06,-1.909290626571039e-06,-2.7062049953692895e-06,-2.8418385944730633e-06,-3.1644656620222817e-06,-3.4656175825213072e-06,-3.3415431054558775e-06,-3.3878794383426997e-06,-3.325212680967601e-06,-3.232563311399654e-06,-3.369684059115915e-06
0.8400020003318787,-1.407202272021195e-06,-1.8828314126984507e-06,-3.460897224792804e-06,-3.5097113680022758e-06,-3.790335772139346e-06,-3.870641172566182e-06,-3.5958469315123665e-06,-3.571448901567712e-06,-3.5707503389552023e-06,-3.827104374916802e-06,-2.39558039678536e-06,-3.1095336044480707e-06,-3.490764362583338e-06,-3.588551695937475e-06,-3.693187610453564e-06,-3.614215630195427e-06,-3.6052432835159297e-06,-3.560053965201293e-06,-3.6086394245150218e-06,-7.537680409916469e-07,-1.7399768144530447e-06,-2.445763174104087e-06,-3.246106855379508e-06,-3.394077631144665e-06,-3.46727326686882e-06,-3.4964663605843217e-06,-3.3680155762356424e-06,-3.2984595771914253e-06,-3.424734467167219e-06,-1.922283590973417e-06,-2.460201258229334e-06,-2.655337620129257e-06,-2.8493579481749882e-06,-2.8521484237768827e-06,-2.792029778777275e-06,-2.6341201334281895e-06,-2.7889169131682952e-06,-2.8027691228859068e-06,-2.3726736116128197e-07,-9.131796624668578e-07,-2.2232489440967217e-06,-2.4491496443017403e-06,-2.290986239279946e-06,-2.3963840215107172e-06,-2.472820458738914e-06,-2.5710660766333714e-06,-2.4978767413105253e-06,-2.3739886069274736e-06,-1.1137118372445031e-06,-1.8052661206139683e-06,-2.1305515440799912e-06,-2.1350616697299957e-06,-2.2923884785254296e-06,-2.1064381916119034e-06,-2.1966927795409324e-06,-2.0950094883300497e-06,-1.7831095235961912e-06,-2.3842192542975904e-08,-1.1504464484131837e-06,-1.7013314066102236e-06,-1.89445263323572e-06,-2.1961299137315167e-06,-2.2970476927017105e-06,-2.3702276538183287e-06,-2.2280328630778067e-06,-2.2961802146224266e-06,-2.3216317058193956e-06,-1.248304677010585e-06,-1.4010301795978353e-06,-1.5291934643215728e-06,-1.4311420713519305e-06,-1.434685844864443e-06,-1.3742266186847826e-06,-1.4067850254728553e-06,-1.4902601479119276e-06,-1.7659453430053975e-06,9.483363331843528e-07,-4.835058107193453e-07,-7.033234509908339e-07,-1.5358626862702162e-06,-1.739294771295038e-06,-1.5605106650884988e-06,-1.4675593615953208e-06,-1.7061794126263105e-06,-1.7040904476135734e-06,-1.6777456655661937e-06,-3.40780725716262e-07,-1.1616711031773102e-06,-1.4569554356700393e-06,-1.4138115637616629e-06,-1.295786011217248e-06,-1.4140518058829174e-06,-1.314316596959345e-06,-1.3497764598847867e-06,-1.1535468929742182e-06,1.1845887635076045e-06,-2.3936671599415394e-08,-5.577273602920878e-07,-1.0260821169365882e-06,-1.1257736814254128e-06,-1.173750473438895e-06,-1.0884841316284215e-06,-1.0734426919535327e-06,-1.074710339887165e-06,-1.0261177083619593e-06,-3.07849550876283e-06,-3.0254921649098494e-06,-3.5965328753467902e-06,-3.7516501576699094e-06,-3.7089295181405028e-06,-3.3406394068098654e-06,-3.4465752891498984e-06,-3.6989218564429905e-06,-3.4209705840568943e-06,6.321472152207354e-08,-6.224046557158355e-07,-6.954031365139964e-07,-7.546553460114272e-07,-7.771616018202735e-07,-7.782793703070653e-07,-8.43711096095875e-07,-8.623807760043968e-07,-9.402698062560166e-07,2.0973033287320122e-06,8.391360879964376e-07,7.342548083508963e-07,-9.166553628844821e-08,1.504956458613523e-08,1.634836759979401e-07,2.0933754734084372e-07,6.27842809806922e-08,5.692686708892108e-08,-5.985877366799676e-08,3.924014469512879e-06,9.852883935816768e-07,9.473311450496315e-07,1.121694544568544e-06,9.452031373217904e-07,1.1039137155699956e-06,1.0151592702694212e-06,8.94957140284361e-07,1.1153814166282847e-06,-1.1400473529384593e-06,-2.246906690369126e-06,-3.2240754215409524e-06,-3.49590360262771e-06,-3.802958972190413e-06,-3.7730958249536333e-06,-3.777386101650102e-06,-3.6484552285191953e-06,-3.7933102446251273e-06,-3.7384869386284393e-06,-2.6598739899616057e-06,-3.070535540404998e-06,-3.151256156152362e-06,-3.612797671403738e-06,-3.7066246497893154e-06,-3.339421532945351e-06,-3.3320136630919867e-06,-3.3579558396091906e-06,-3.435198004692426e-06,-1.7607114801008468e-06,-3.5113445380769218e-06,-3.247915133469433e-06,-3.5846636023476986e-06,-3.877331533664439e-06,-3.931589043850533e-06,-3.916876339522707e-06,-3.6075779911429337e-06,-3.6937883505727056e-06,-3.934542592892308e-06,-3.299220370871932e-06,-3.668861122868999e-06,-4.053740828976297e-06,-4.084679915787324e-06,-4.04420448403294e-06,-4.0459101761306465e-06,-3.950426974133536e-06,-4.0377709923632445e-06,-4.094305526901586e-06,-1.5530893316100828e-06,-2.3809826994976985e-06,-2.9181212291086687e-06,-3.1967071073944114e-06,-3.3273717323275714e-06,-3.42771282235395e-06,-3.371545131153474e-06,-3.2920087931221303e-06,-3.239376283160768e-06,-3.391684305518603e-06,-2.755917154730154e-06,-3.2808125395964313e-06,-3.5480293841642185e-06,-3.752036162855979e-06,-3.586418151765687e-06,-3.7276685114511616e-06,-3.6041950261614162e-06,-3.6377577402863096e-06,-3.817106815431946e-06,-1.8903170623990777e-06,-2.8934136076896886e-06,-2.86092323804557e-06,-3.3527456324196845e-06,-3.5292801088862308e-06,-3.5863056253400188e-06,-3.5379227135924925e-06,-3.521673825824157e-06,-3.491811523434343e-06,-3.6298625555128403e-06
0.8500103950500488,-1.4185376017378516e-06,-2.8211291528998334e-06,-3.773389184580934e-06,-4.2250455229693826e-06,-4.221201073814355e-06,-4.343161887574896e-06,-4.378800552474159e-06,-4.359324708805515e-06,-4.413781459071816e-06,-4.080541531790039e-06,-2.5321176967820796e-06,-3.2117602131476165e-06,-3.5333640631683517e-06,-3.5912105911183e-06,-3.6459958250751216e-06,-3.6361792785465713e-06,-3.6343738945068915e-06,-3.6490753102412154e-06,-3.896811835248987e-06,-1.0477696441336296e-06,-1.9997932849373572e-06,-2.6702348606049913e-06,-3.359069545640359e-06,-3.443731588189154e-06,-3.5168107788357575e-06,-3.5135743678396184e-06,-3.4665419889057167e-06,-3.421949024696185e-06,-3.4345314204363477e-06,-2.038618065475088e-06,-2.5137283083360886e-06,-2.8172064430537905e-06,-2.9352027225496107e-06,-2.918142008748936e-06,-2.8643801900507377e-06,-2.823615119590797e-06,-2.8151211719995952e-06,-2.8634160129447963e-06,-2.650721376307698e-07,-1.0942197617288348e-06,-2.442922277316251e-06,-2.762967312783072e-06,-2.8974262712682635e-06,-2.9647716113857223e-06,-2.8863639709253246e-06,-2.9863200444163383e-06,-2.9624431232704246e-06,-2.856485167056475e-06,-1.2648193140883573e-06,-1.8036249604440815e-06,-2.3072300085339506e-06,-2.5326862787901156e-06,-2.473919011451099e-06,-2.3585119272614186e-06,-2.415170564426407e-06,-2.41564421799132e-06,-2.16106780745393e-06,-2.157093472065632e-07,-1.3324473184300385e-06,-1.5809866278100685e-06,-1.9163916462088486e-06,-2.3113195846434885e-06,-2.3846308205982306e-06,-2.2725581406649974e-06,-2.232275468834839e-06,-2.3204449744520807e-06,-2.3031767788194134e-06,-9.069011732521993e-07,-1.213025395630233e-06,-1.3584389993843494e-06,-1.422696028381241e-06,-1.3851169477314966e-06,-1.4162646937676283e-06,-1.4237130263980177e-06,-1.526905205302225e-06,-1.8412338983451092e-06,7.669496309607571e-07,-5.107877886961609e-07,-7.186885030045888e-07,-1.488475651365319e-06,-1.5482429658553925e-06,-1.5387367657707975e-06,-1.4958798272601407e-06,-1.5508715364227829e-06,-1.501048771764324e-06,-1.5523142743962264e-06,-4.011828797870573e-07,-1.105891106856835e-06,-1.4689308088652179e-06,-1.5732513438064919e-06,-1.5197007638129644e-06,-1.5114827486334588e-06,-1.5510731582524163e-06,-1.5819426260783617e-06,-1.1824953585544299e-06,1.0684897496528701e-06,2.517167967941656e-07,-5.332213517150073e-07,-9.336850330530265e-07,-1.061112653799625e-06,-1.0638130543345825e-06,-9.978181751288792e-07,-1.0834090819779886e-06,-9.592231210639978e-07,-8.698234463625678e-07,-3.2733225038817686e-06,-3.3896431911999754e-06,-3.7872955813448992e-06,-3.794861671261958e-06,-3.843270611486221e-06,-3.7896955578938834e-06,-3.7945562321205918e-06,-3.6515322690217287e-06,-3.5990996642328676e-06,2.853635642044306e-07,-5.026502766472233e-07,-5.945261618547077e-07,-6.3984592813597e-07,-5.896780345042163e-07,-6.166208513629e-07,-5.869102619175967e-07,-5.930133285462974e-07,-6.506479616870163e-07,2.0239816130797995e-06,1.2174257001624065e-06,6.973134613321187e-07,2.456771835652426e-07,1.8971495195668092e-07,3.762747060787508e-08,6.802794051495363e-08,1.0995974463477251e-07,2.7247544171542456e-07,2.1655246852757502e-07,4.674960326178211e-06,1.1176706283474026e-06,8.819647960356068e-07,1.0603250766727527e-06,1.089661255108433e-06,8.693011511829815e-07,1.2236972688221317e-06,1.3019057231287233e-06,1.6935628275472313e-06,-1.436298370114827e-06,-2.5866962667906734e-06,-3.447674794561853e-06,-3.7275755782849146e-06,-3.802455011987533e-06,-4.0246953497987476e-06,-3.8013513901935527e-06,-3.686661041813883e-06,-3.844770915893882e-06,-3.8253788738540665e-06,-2.8035770212786282e-06,-3.4168637649802925e-06,-3.3747180887498347e-06,-3.866949478932772e-06,-3.7204350395821155e-06,-3.7099280014258993e-06,-3.392927992154245e-06,-3.397299589865047e-06,-3.717476259679338e-06,-2.221124657290624e-06,-3.5884033354176264e-06,-3.523699445289921e-06,-3.6507068535360654e-06,-4.035967693477778e-06,-3.988139576554823e-06,-4.08057712321541e-06,-3.975329467594156e-06,-3.98098102643373e-06,-4.020015616626477e-06,-3.4731569608938703e-06,-3.997372927020374e-06,-4.201406848667847e-06,-4.072828474451852e-06,-3.978801105556156e-06,-4.2524441617293595e-06,-3.850921689412953e-06,-4.083180905613313e-06,-4.207140663246056e-06,-1.6918486150779968e-06,-2.537472768263033e-06,-3.1066157367090025e-06,-3.422649438781833e-06,-3.496097755650656e-06,-3.4851291793945276e-06,-3.3946281657834717e-06,-3.3849411145217768e-06,-3.409614438749036e-06,-3.4511852235824143e-06,-3.166101321699157e-06,-3.656433028540648e-06,-3.9513865764830345e-06,-4.03140623888073e-06,-4.025447443353053e-06,-3.924957534432409e-06,-3.951071358687425e-06,-3.9963205712593026e-06,-4.0401176536760425e-06,-2.093266865634654e-06,-3.195375745416725e-06,-3.113302520689256e-06,-3.4515032095999966e-06,-3.6213314706060745e-06,-3.656067910847649e-06,-3.7347322949083374e-06,-3.663329676102318e-06,-3.6123044785058062e-06,-3.7852398349958415e-06
0.8600043058395386,-1.3094967629944766e-06,-2.982673455724399e-06,-3.905177833463527e-06,-4.321288763677372e-06,-4.402132781008156e-06,-4.339862921952347e-06,-4.284445490808505e-06,-4.476479817318533e-06,-4.488247133466764e-06,-4.491231492459592e-06,-2.7467699786551226e-06,-3.4865120141229965e-06,-3.722577787193191e-06,-3.858802457861601e-06,-3.70032027590166e-06,-3.7812350806229047e-06,-3.826162640181859e-06,-3.730606134228857e-06,-4.0178972077982056e-06,-1.1787675881580295e-06,-2.1472550314178386e-06,-2.7485875141107373e-06,-3.4749458434545144e-06,-3.692845860868133e-06,-3.608234473186356e-06,-3.591538643397604e-06,-3.6161222520672737e-06,-3.6116496681808483e-06,-3.5742050080760152e-06,-2.09482137057027e-06,-2.638940542608013e-06,-3.0589535153743046e-06,-3.0293568903920584e-06,-3.0175285115812087e-06,-2.9567936316095966e-06,-2.997258260108097e-06,-2.9284800415610415e-06,-2.9794278547705724e-06,-4.2567208130215704e-07,-1.2357989646141767e-06,-2.43350617027406e-06,-2.9064739171805275e-06,-3.080451599120848e-06,-3.1114829000794275e-06,-3.0191585988632026e-06,-3.042571537245643e-06,-2.984090331494179e-06,-3.010280982896688e-06,-1.4002504038237969e-06,-2.0079813170373075e-06,-2.4863192887437126e-06,-2.6201797899941166e-06,-2.6177147512410255e-06,-2.499846466060536e-06,-2.489964749475075e-06,-2.5675700100112304e-06,-2.258333829785319e-06,-1.9590066978429882e-07,-1.4947802589340502e-06,-1.7490963891979466e-06,-2.0172429878516833e-06,-2.5134354879728085e-06,-2.5052658178127653e-06,-2.4728398362927273e-06,-2.3641404775027735e-06,-2.4202957656307724e-06,-2.411465344253809e-06,-1.0808399023547529e-06,-1.3040395728834561e-06,-1.5708455342183493e-06,-1.5891877550379898e-06,-1.5575579968446238e-06,-1.5991700893019934e-06,-1.5116137628273058e-06,-1.5116977981372097e-06,-1.9287722403647038e-06,6.058873582688939e-07,-7.353094290208556e-07,-7.242934155063665e-07,-1.6042799843959018e-06,-1.7509337156431236e-06,-1.6600717816106983e-06,-1.6126478790222477e-06,-1.6180586564765468e-06,-1.5699320928690286e-06,-1.5578910463038534e-06,-4.987392104101623e-07,-1.2352330789262447e-06,-1.683660061689493e-06,-1.777908942269456e-06,-1.6570991516103207e-06,-1.6090945785120352e-06,-1.5123176371904202e-06,-1.629033551109452e-06,-1.2242392830894113e-06,7.349499196736732e-07,1.356596298274432e-07,-8.007758294862013e-07,-1.2423731143159577e-06,-1.4081380478887093e-06,-1.1455842822226848e-06,-1.2003981510990096e-06,-1.0947741071667224e-06,-1.1027754190994801e-06,-1.061355017026028e-06,-3.4412439992122608e-06,-3.7577620322776156e-06,-3.922472785579359e-06,-4.037100795038227e-06,-3.986926951526777e-06,-3.925650201091625e-06,-3.928797705426205e-06,-3.9272191358336624e-06,-3.862788302042876e-06,2.15339483990182e-07,-7.014056124273554e-07,-8.317942420346839e-07,-8.298885908380749e-07,-6.93330133716274e-07,-6.189167679313426e-07,-7.863843467600831e-07,-7.6211597386149e-07,-6.191047553689844e-07,1.9870237645819866e-06,9.783193408374834e-07,9.114659173597743e-07,-1.914275825847893e-08,4.825043255308986e-08,-7.051049636098613e-08,2.9007766647029267e-08,-1.083312391939066e-07,1.2828149139709115e-07,3.0264737153049924e-07,4.0393404663693035e-06,8.632452881315657e-07,1.041350748543429e-06,8.092526644324767e-07,7.49563471323546e-07,1.2080992367759352e-06,9.970988149006348e-07,1.1664007542224378e-06,1.5230589765759283e-06,-1.665688953381215e-06,-2.6109013121177604e-06,-3.532373183505648e-06,-3.857171004444088e-06,-4.074595678598861e-06,-4.462524994645502e-06,-3.970298493789687e-06,-3.912507042671727e-06,-4.099046017153531e-06,-4.215752889412481e-06,-2.8697394318401184e-06,-3.5793771612011225e-06,-3.5844098966013924e-06,-3.948671274285636e-06,-3.868513380543949e-06,-3.7154345162193535e-06,-3.5126520286339553e-06,-3.5830324005867288e-06,-3.6011905705960793e-06,-2.4258257743600646e-06,-3.7348492432989753e-06,-3.6553981449338485e-06,-3.827640655009994e-06,-3.826696673341631e-06,-4.030814702200876e-06,-3.898561279634246e-06,-4.036782880922514e-06,-4.231150459046689e-06,-3.909374889386272e-06,-3.5847669972359482e-06,-4.0320339422009105e-06,-4.241419196432124e-06,-4.253831004987049e-06,-4.290389726207621e-06,-4.2141120887519415e-06,-4.251837669460662e-06,-4.352991628096487e-06,-4.274938266122271e-06,-1.8505095091344218e-06,-2.691061021381651e-06,-3.2096159196463475e-06,-3.5508924806542436e-06,-3.5589102221641672e-06,-3.5862850793808273e-06,-3.590793829907579e-06,-3.5495650283407076e-06,-3.5930654975705542e-06,-3.633722086084983e-06,-3.242309861458308e-06,-3.7734379699993466e-06,-4.127727708822666e-06,-4.218085817468216e-06,-4.134744612260969e-06,-4.072354173770115e-06,-4.073596674024911e-06,-4.148164269319784e-06,-4.191752800364223e-06,-2.3140019108460162e-06,-3.2570289560647797e-06,-3.2389473166077103e-06,-3.6432376334126047e-06,-3.884162067457164e-06,-3.828177258661598e-06,-3.915639591417465e-06,-3.7590219687357506e-06,-3.7325155243226766e-06,-3.9650861834705e-06
0.8700127005577087,-1.4077835267337193e-06,-3.340865619078846e-06,-3.868354765019972e-06,-4.314012150686664e-06,-4.51851638246212e-06,-4.601994524779709e-06,-4.400301116835198e-06,-4.356682315103726e-06,-4.4673525221104e-06,-4.512815678694786e-06,-2.810431318639201e-06,-3.410505015303876e-06,-3.751690494618663e-06,-3.8022901050499804e-06,-3.780634484307502e-06,-3.694518370253094e-06,-3.7859433588373425e-06,-3.6786118432360805e-06,-3.948974017106898e-06,-1.1447025675732532e-06,-2.233779404286907e-06,-2.8130084973454114e-06,-3.513514365729574e-06,-3.6622352217966913e-06,-3.6744148592152054e-06,-3.565475222353062e-06,-3.518218473635584e-06,-3.6233873248079365e-06,-3.5899415231227466e-06,-2.065876922507013e-06,-2.6589963018168624e-06,-2.951267559507656e-06,-3.001971787159004e-06,-2.9751152525436435e-06,-2.995127304403609e-06,-2.9531238680463644e-06,-2.991461243786653e-06,-2.971405178994859e-06,-4.64553376709265e-07,-1.2814663944096317e-06,-2.493862675645497e-06,-2.912970466789719e-06,-3.07938056684919e-06,-3.105928444714527e-06,-2.981142714356632e-06,-3.0230876944940247e-06,-3.018981216951303e-06,-3.038846930531498e-06,-1.370081898335254e-06,-1.925403449039199e-06,-2.522848647038353e-06,-2.6318471895070317e-06,-2.5630432390784515e-06,-2.386041490337905e-06,-2.4004578353823144e-06,-2.5136136877684733e-06,-2.3503896314456005e-06,-3.419918947314518e-07,-1.3751810980260842e-06,-1.6971874996505934e-06,-2.004060202513993e-06,-2.5056469696226482e-06,-2.427023488737936e-06,-2.389492016113492e-06,-2.2333204546542937e-06,-2.304312630626368e-06,-2.404405695154126e-06,-1.0568694099135014e-06,-1.287989907219862e-06,-1.5095361852731406e-06,-1.5502014199873691e-06,-1.5713567654977764e-06,-1.6160366051410543e-06,-1.5789404713728467e-06,-1.485752107416137e-06,-1.8369996242171977e-06,6.231762346767579e-07,-9.28264782527429e-07,-8.214401751056941e-07,-1.5193121342086604e-06,-1.6613439773375723e-06,-1.5536486832156302e-06,-1.5388089103090433e-06,-1.5761589655291652e-06,-1.6226730128740333e-06,-1.6003238806253726e-06,-5.90419396704508e-07,-1.2632283504110708e-06,-1.6393885078240763e-06,-1.643415533801071e-06,-1.6777181586072672e-06,-1.7054921880398375e-06,-1.7089193726710585e-06,-1.6759163337101244e-06,-1.4308189982770852e-06,6.776889245974809e-07,3.743570832208808e-08,-7.011294013959152e-07,-1.0904123510242999e-06,-1.2336525949464282e-06,-1.24960433026385e-06,-1.3221690899978364e-06,-1.192492369787532e-06,-1.1074778642747596e-06,-1.324712169242467e-06,-3.434761650222283e-06,-3.6470666955675737e-06,-4.050494100061894e-06,-3.8944460120879855e-06,-3.933917334235689e-06,-4.001005733022716e-06,-3.993823563137514e-06,-3.806198582819742e-06,-3.9484218467005615e-06,-7.272784216160208e-08,-5.590252070108831e-07,-7.378412016965173e-07,-7.41048528386469e-07,-7.542108486545708e-07,-8.192033079475261e-07,-7.5947140512815e-07,-6.838542582451137e-07,-6.77410916019305e-07,2.17676517642662e-06,1.2678183410625516e-06,6.766733825935605e-07,1.1681929083181407e-07,6.1367957956533e-08,-5.2107320731530874e-08,-7.394316350975144e-09,-1.2251844870895546e-07,1.905931613899765e-08,1.6591762618023332e-07,4.193325797561884e-06,9.504112773325502e-07,8.539957597453914e-07,8.764331695142523e-07,1.064425208875497e-06,8.176143485348499e-07,8.83089844586679e-07,9.263803064313691e-07,1.5628295543042266e-06,-1.5036393961201193e-06,-2.7261781460709568e-06,-3.4993495536468543e-06,-3.8502573880412296e-06,-4.319360175784412e-06,-4.478331793769607e-06,-4.292295485257034e-06,-4.439514059615081e-06,-4.316830272557357e-06,-4.410333225168318e-06,-2.8807012313450526e-06,-3.6380812267969045e-06,-3.6905209858217743e-06,-3.997712555500658e-06,-3.8029332313211547e-06,-3.907409092275879e-06,-3.6675571105648997e-06,-3.6665547985049556e-06,-3.8806858637264545e-06,-2.4797784925216163e-06,-3.852738829408286e-06,-3.6118294947563093e-06,-3.799170282935133e-06,-3.9441685635159175e-06,-3.899002757112586e-06,-3.989680289813108e-06,-3.952488041220932e-06,-3.9406839113155486e-06,-4.029971724683603e-06,-3.586185800874603e-06,-4.111148467915205e-06,-4.138983407218922e-06,-4.247064248152515e-06,-4.214882804890431e-06,-4.211704957966948e-06,-4.265447902424419e-06,-4.194730939845346e-06,-4.259049067455791e-06,-1.6727143771910464e-06,-2.5108636839313386e-06,-3.1622051391490694e-06,-3.6766128993638777e-06,-3.5650929920151386e-06,-3.6111746484804165e-06,-3.5561703115519545e-06,-3.6001444702976484e-06,-3.5838922031414497e-06,-3.6837195363352376e-06,-3.316839384713314e-06,-3.860492007989618e-06,-4.110316311629282e-06,-4.127995363531643e-06,-4.072831062919152e-06,-4.199480202125363e-06,-4.028889745352323e-06,-4.12441504589399e-06,-4.252752944307654e-06,-2.2407256012243528e-06,-3.029154819175741e-06,-3.311628943842732e-06,-3.6229630678273266e-06,-3.7518998728624616e-06,-3.8223175798609405e-06,-3.831045244478744e-06,-3.7297337488469847e-06,-3.5837222630730368e-06,-3.6624493096129384e-06
0.8800066113471985,-1.1981988526676221e-06,-3.139683343548691e-06,-3.602503462781054e-06,-4.051711398711453e-06,-4.405729528222976e-06,-4.171609851150948e-06,-4.465166201966446e-06,-4.687411932417868e-06,-4.0136495689103125e-06,-4.095217134753236e-06,-2.994872663933e-06,-3.5917063185571293e-06,-3.930618728122488e-06,-4.009677278231426e-06,-3.837572891646468e-06,-3.91020434935209e-06,-3.7940360220952192e-06,-3.7942384258576827e-06,-4.104996939426504e-06,-1.2381170988602755e-06,-2.3732995713126645e-06,-3.1384942394196846e-06,-3.4787974468455514e-06,-3.7603731486662008e-06,-3.756743686100787e-06,-3.5908206313294115e-06,-3.522570262381356e-06,-3.468689410138306e-06,-3.751679925043856e-06,-2.118077153935456e-06,-2.7060785896358867e-06,-3.0450093701288858e-06,-3.056903593076672e-06,-3.1028762103569497e-06,-3.0632946806188674e-06,-3.0106711224402503e-06,-3.0340236812278314e-06,-3.0937399813415396e-06,-5.250623949335102e-07,-1.58819221972924e-06,-2.5029575700737144e-06,-3.0830525234194406e-06,-3.352733337200011e-06,-3.305419390545396e-06,-3.32726698927927e-06,-3.312901606931757e-06,-3.3221644371637774e-06,-3.317690523092768e-06,-1.4318270804620516e-06,-1.9056991012294867e-06,-2.4804880291569487e-06,-2.583648903784751e-06,-2.522288091076493e-06,-2.4031236129202048e-06,-2.475931544776625e-06,-2.463487407343655e-06,-2.354771879620812e-06,-3.255061622051929e-07,-1.2403518269378276e-06,-1.7782839195063008e-06,-2.1884985728679443e-06,-2.3365252523365873e-06,-2.2759600967277796e-06,-2.226488096351633e-06,-2.1991393260319776e-06,-2.2364899519731885e-06,-2.3176319576141186e-06,-1.2331015300313336e-06,-1.5151776329123255e-06,-2.009097755339515e-06,-1.860706326674954e-06,-1.955364594030154e-06,-1.889458086715855e-06,-1.8911555190863096e-06,-1.9119400531744322e-06,-2.084002858009522e-06,9.427194310458469e-07,-6.011547053207174e-07,-7.308961462012483e-07,-1.6328088935802182e-06,-1.875662553646827e-06,-1.9239395359652066e-06,-1.8237404161800302e-06,-1.7832917184394764e-06,-1.774194792783447e-06,-1.779755692353396e-06,-3.654579146690033e-07,-1.186975168578733e-06,-1.2716306500819418e-06,-1.2636229388828043e-06,-1.282365545262402e-06,-1.3849873266363702e-06,-1.2577896660436966e-06,-1.3446609474573282e-06,-1.2559567795389573e-06,1.246492390391439e-06,5.056578060174782e-08,-3.549789721682696e-07,-9.908422557561548e-07,-1.0044474555890504e-06,-9.405465385760101e-07,-1.0570828775761245e-06,-9.861904744356267e-07,-1.0884232127695417e-06,-1.0152133764261722e-06,-3.493930058090886e-06,-3.933445550119381e-06,-4.027064228789201e-06,-4.239950205288603e-06,-4.223266311210178e-06,-4.121906461571221e-06,-4.201185894223069e-06,-3.9942725184102745e-06,-4.147765681306563e-06,2.6229464031630905e-07,-6.195948924374653e-07,-7.379659514399894e-07,-7.634941169929784e-07,-6.129737548640075e-07,-7.854071823789743e-07,-7.337300864832166e-07,-7.085515617458297e-07,-7.808671904899527e-07,1.885524065806976e-06,8.964203792783273e-07,6.166016715392278e-07,2.9238722641846094e-07,-2.595276406747868e-08,3.706340044214616e-08,4.630897422550159e-08,4.211220591023315e-09,1.5363049546691196e-07,-6.781236073491592e-08,3.852221603310494e-06,9.509228591335905e-07,1.1261776980297763e-06,1.1165422004084668e-06,1.4181686013439034e-06,1.1193181158818e-06,1.0370835882979838e-06,1.2824681312546203e-06,1.1150437654494113e-06,-1.7838222329015128e-06,-2.692793227293712e-06,-3.7376154879708696e-06,-3.724397893140638e-06,-4.556577565146436e-06,-4.581109979685067e-06,-4.595270909066837e-06,-4.2380391974027215e-06,-4.411728301190059e-06,-4.43007147470947e-06,-3.198894649870146e-06,-3.923906149346574e-06,-3.8367841461142175e-06,-4.162181934226702e-06,-4.078987516685909e-06,-3.913351853686671e-06,-3.8538417681345065e-06,-3.7884563651250807e-06,-3.818836181220164e-06,-2.4470576953614215e-06,-3.871281045277764e-06,-3.624132983144927e-06,-3.912573515950021e-06,-4.076675368270441e-06,-3.945406084566255e-06,-4.015914262091952e-06,-4.105216419882959e-06,-4.0736506004269885e-06,-4.189869115188727e-06,-3.7993074357510833e-06,-4.130938918213567e-06,-4.2041922551879455e-06,-4.379627423972678e-06,-4.345665079257456e-06,-4.195692879005601e-06,-4.47042855598676e-06,-4.351936504113442e-06,-4.4281696702628755e-06,-1.858470304363752e-06,-2.558110240558824e-06,-3.3448844572304584e-06,-3.781618209734197e-06,-3.61562634487377e-06,-3.7511691880897815e-06,-3.738176592184484e-06,-3.6292828466905093e-06,-3.611299542027628e-06,-3.7852237829034897e-06,-3.3800121874455064e-06,-3.979678955480105e-06,-4.009274987271929e-06,-3.898778890642095e-06,-3.9927603501941565e-06,-4.216839218806862e-06,-4.119716330628187e-06,-3.973184455074193e-06,-4.284171293029409e-06,-2.3531630483289706e-06,-3.361589823004645e-06,-3.392866803663355e-06,-3.83557132335603e-06,-3.852756229660689e-06,-3.934805645881642e-06,-3.905036905799432e-06,-3.899903759438493e-06,-3.870464617525781e-06,-3.8698384600957935e-06
0.8900005221366882,-2.8832693683911817e-06,-3.896999894588499e-06,-4.555038218023671e-06,-4.693037462780707e-06,-4.673264592489422e-06,-3.887681322432198e-06,-4.723808299217252e-06,-4.765866794431019e-06,-3.6091108131710473e-06,-2.8112894494754576e-06,-3.3276847391406957e-06,-3.8121990454807568e-06,-4.043901777162613e-06,-3.977821154977607e-06,-4.031259990478296e-06,-4.147877776321014e-06,-4.1591606895748516e-06,-4.1321897950361534e-06,-4.264037331549814e-06,-1.486392851937886e-06,-3.0328159365391735e-06,-3.4147716362853e-06,-3.855617348849305e-06,-3.819631074362252e-06,-3.6902831344376785e-06,-3.873141308419291e-06,-3.842694353953622e-06,-3.6758726336670947e-06,-4.019775823891906e-06,-2.625044715418855e-06,-3.0951740102010475e-06,-3.2231849708143843e-06,-3.307719135888386e-06,-3.3080239458883947e-06,-3.3849252781350336e-06,-3.3670118620892444e-06,-3.1207162505449788e-06,-3.3999575862725038e-06,-9.300582308567824e-07,-1.6937629304498732e-06,-2.8444982805744524e-06,-3.203960352277552e-06,-3.286695676381993e-06,-3.3350841964753357e-06,-3.3539582574477303e-06,-3.421454843147549e-06,-3.252658122311341e-06,-3.332725096139126e-06,-1.56428934200846e-06,-2.3304275513848937e-06,-2.552884763209796e-06,-2.612961296183248e-06,-2.6554203701932446e-06,-2.579219389118118e-06,-2.6057512508420377e-06,-2.717522715868734e-06,-2.4291136940579206e-06,-3.531610592278406e-07,-1.764399452812514e-06,-1.7836291494188749e-06,-2.4939080187619104e-06,-2.67770109680087e-06,-2.611466487774732e-06,-2.7032378007008547e-06,-2.6669997618179695e-06,-2.7097067220167155e-06,-2.7678402642539866e-06,-9.778768747084393e-07,-1.5714612838527356e-06,-2.167840986024178e-06,-2.1715234537489666e-06,-2.3007858079795753e-06,-2.1863556814531296e-06,-2.123019899652259e-06,-2.2049153335259464e-06,-2.6972265527594243e-06,2.754484402128828e-07,-1.152367684339993e-06,-1.184425294607441e-06,-1.6203238170203382e-06,-2.169207651819758e-06,-2.1468209598320505e-06,-1.9276581748241883e-06,-1.7917683421740107e-06,-1.7476020346699814e-06,-1.8289257363349775e-06,-5.482176010649554e-07,-1.2494114265358856e-06,-1.617377997429527e-06,-1.794408381089576e-06,-1.6380998735323025e-06,-1.5916073248463958e-06,-1.6972364648236794e-06,-1.7496324356100627e-06,-1.4123297381344469e-06,1.0025088553607723e-06,2.828723801340659e-07,-6.54982422082254e-07,-1.1109912502597014e-06,-1.2311416108987675e-06,-1.3115260135046469e-06,-1.2482418887030997e-06,-1.216101699138604e-06,-1.3251969496216748e-06,-1.2380712254675749e-06,-4.034377943144538e-06,-4.085668063178989e-06,-4.486640773801684e-06,-4.541016922072346e-06,-4.532506329198371e-06,-4.41864468581489e-06,-4.482685595767723e-06,-4.475565153637431e-06,-4.61691193372982e-06,-4.558217215377074e-08,-5.072720209617942e-07,-5.656926853391924e-07,-6.825071227948196e-07,-8.164221975641261e-07,-8.129526447563397e-07,-7.806560146994178e-07,-7.918968294087e-07,-1.1132236595019644e-06,2.1497228114297013e-06,8.372810916668469e-07,9.787936055682865e-07,2.0578394124768586e-07,7.31184490673155e-08,-5.5935052701914876e-08,-1.2737919483753343e-08,-7.482921024681712e-08,6.571449786583584e-08,2.234702911897955e-08,3.9701077381300715e-06,1.1134366148637676e-06,1.404236176103202e-06,9.450269058398014e-07,1.4201267049542661e-06,9.244915881250123e-07,1.1445256170725698e-06,1.0622707412597033e-06,1.2578105355613002e-06,-2.0965743696041984e-06,-3.1348679225610587e-06,-4.165598063945497e-06,-4.528686254777081e-06,-4.677269454715162e-06,-4.654813494263987e-06,-4.613941379895922e-06,-4.669809060546175e-06,-4.6505305156072655e-06,-4.851259899237309e-06,-3.4284087605482256e-06,-3.870567850634824e-06,-4.3922558369092794e-06,-4.608691896310237e-06,-4.414833023912325e-06,-4.403866622687747e-06,-4.232768071354335e-06,-4.460298373503728e-06,-4.439824352132634e-06,-3.1912877826053827e-06,-4.45343363239662e-06,-3.6556986228462235e-06,-4.1468359901347495e-06,-4.204442186086106e-06,-4.226894299787267e-06,-4.061183463383533e-06,-4.23946709662786e-06,-4.299500699691391e-06,-4.290767139120292e-06,-4.0671850405235245e-06,-4.185674360125804e-06,-4.5131614188339716e-06,-4.4907429911586415e-06,-4.533598159085763e-06,-4.33440884159718e-06,-4.423859296993899e-06,-4.543672977129329e-06,-4.60815939106519e-06,-2.03394464169186e-06,-2.9749242811784207e-06,-3.6975913842509382e-06,-3.901089493167371e-06,-4.1119159125186346e-06,-4.079755644357099e-06,-3.970650201784036e-06,-4.025541419096407e-06,-3.950738560884738e-06,-4.165045030716726e-06,-3.935021063882473e-06,-4.363600425373424e-06,-4.665952100465866e-06,-4.6844845916075025e-06,-4.662979605281493e-06,-4.657373991736488e-06,-4.6304698940344965e-06,-4.779664906979613e-06,-4.603477716542444e-06,-2.707089925380445e-06,-3.787707327400227e-06,-3.727750803140731e-06,-3.931323582148573e-06,-4.286533125636658e-06,-4.248082953838691e-06,-4.38177319146227e-06,-4.256387835464209e-06,-4.192875691859212e-06,-4.208289762972455e-06
0.9000089168548584,-2.8479378503026836e-06,-4.052665949954624e-06,-4.521885488358304e-06,-4.505318291013974e-06,-4.012081928401924e-06,-4.416999714845923e-06,-4.455154585666114e-06,-4.1151181341758565e-06,-4.453068784335633e-06,-4.63674929999799e-06,-3.594097846636455e-06,-3.9369535344763815e-06,-4.0639346446137805e-06,-4.129696166302228e-06,-4.099856530976753e-06,-4.096436194998596e-06,-4.07756418322948e-06,-3.98999385386572e-06,-4.275879066132912e-06,-1.702590520690727e-06,-2.93623528732112e-06,-3.4420847118206468e-06,-3.877642509249752e-06,-3.871239647776436e-06,-3.796953224741995e-06,-3.8929133158881434e-06,-3.85136611486794e-06,-3.824121202304819e-06,-4.076010923094979e-06,-2.7147641916600712e-06,-3.082507758905655e-06,-3.2982650107327303e-06,-3.368150895553922e-06,-3.31857250737421e-06,-3.2980867659983973e-06,-3.3452683772623146e-06,-3.2943276463869226e-06,-3.4375304833614767e-06,-9.48574687881535e-07,-1.8708753361674818e-06,-3.0030837675453056e-06,-3.2559125087748387e-06,-3.3661039931348047e-06,-3.4139633154690956e-06,-3.3895506175430765e-06,-3.3963139949897467e-06,-3.3758161381489336e-06,-3.305738419140086e-06,-1.5949198439713332e-06,-2.455875578849901e-06,-2.6971921746781e-06,-2.7647162448675104e-06,-2.7923810913113416e-06,-2.700772950690171e-06,-2.6033169051994626e-06,-2.5820095321738657e-06,-2.4571676284804733e-06,-6.527972164172759e-07,-1.8687641894280236e-06,-1.9708159148056323e-06,-2.7645006920506737e-06,-2.876475342772664e-06,-2.858306890795984e-06,-2.788015910842387e-06,-2.8030447676901247e-06,-2.819447147974239e-06,-2.8466343772626053e-06,-1.1861018664480253e-06,-1.7242307184822114e-06,-2.381889831457976e-06,-2.4666317030573125e-06,-2.424520413895913e-06,-2.4847148075149716e-06,-2.5007518364250124e-06,-2.322731220219084e-06,-2.652899122153722e-06,1.902331487297092e-07,-1.130144110730836e-06,-1.377222158418309e-06,-1.6948369106981778e-06,-2.0401079171484798e-06,-2.1521171077310005e-06,-2.0628971697276945e-06,-1.8800459702274172e-06,-1.7898477174130914e-06,-1.8698342150735095e-06,-8.082451394869985e-07,-1.5495880610901414e-06,-1.7575557519899492e-06,-1.7063713816299722e-06,-1.8508619631106654e-06,-1.7908718157394748e-06,-1.8682206831969535e-06,-1.7841727635027492e-06,-1.4717840098604615e-06,6.200760417722664e-07,2.1312433119658235e-08,-7.116305795497722e-07,-1.3291329298564956e-06,-1.340461644601164e-06,-1.231516039883858e-06,-1.3946952653911366e-06,-1.4007562514507497e-06,-1.3584061042790822e-06,-1.3280934804809876e-06,-3.9360618434425655e-06,-4.132255369541079e-06,-4.523819289136797e-06,-4.613674408254705e-06,-4.366468590945243e-06,-4.467812622172924e-06,-4.479050452954624e-06,-4.515142459140685e-06,-4.614966412946608e-06,-2.1987791201354356e-07,-4.572736180117696e-07,-6.034267504685072e-07,-7.181880300423765e-07,-6.606430225819101e-07,-9.190739440421821e-07,-8.885528048227218e-07,-6.222055055129638e-07,-5.994592772148732e-07,2.0430202214804e-06,1.1101969323325698e-06,5.918073903921092e-07,-7.900074100591318e-09,1.5673751904899976e-07,1.612733046786593e-07,-1.1442846379571539e-07,-4.413336746009363e-08,-9.288499199409086e-09,2.938597048026499e-07,4.057247051737495e-06,1.215153457284476e-06,1.315411770283666e-06,1.0794411952886053e-06,1.130748787477329e-06,8.783271366570779e-07,1.0567921783179927e-06,1.0185310365347743e-06,1.064602303179919e-06,-2.1690064434258734e-06,-3.2917940222381235e-06,-4.3540355353879004e-06,-4.603168107092651e-06,-4.621342742630102e-06,-4.70841777596625e-06,-4.6391250096660395e-06,-4.6157154147205285e-06,-4.621481225630637e-06,-4.821691909174565e-06,-3.5389314069433485e-06,-4.040502616285004e-06,-4.344824402600005e-06,-4.5630874166014735e-06,-4.45668868395241e-06,-4.343866813502851e-06,-4.3762106471370574e-06,-4.2596949619489385e-06,-4.437361677153501e-06,-3.311366304289148e-06,-4.37594565279725e-06,-3.817003923856782e-06,-4.137517364052047e-06,-4.27343400711179e-06,-4.322830950923979e-06,-4.156286628049738e-06,-4.2164729506839525e-06,-4.168915903808772e-06,-4.287537163341469e-06,-4.050887618993319e-06,-4.316444662831569e-06,-4.505387101103024e-06,-4.49941651366876e-06,-4.476460331911915e-06,-4.39722015768078e-06,-4.404303534397377e-06,-4.496153319226256e-06,-4.548705676578664e-06,-2.019182361025058e-06,-3.0167282078234467e-06,-3.7451324329601684e-06,-4.007946959743437e-06,-4.062033379431207e-06,-4.103584858612642e-06,-4.106948859476095e-06,-4.056317899829704e-06,-4.0439392020856546e-06,-4.089680834610368e-06,-3.940598851404005e-06,-4.438031443067301e-06,-4.647712753245921e-06,-4.7149353928231864e-06,-4.721807342092706e-06,-4.794799747182898e-06,-4.710949872200324e-06,-4.669975369570182e-06,-4.803882678937589e-06,-2.819522213525931e-06,-3.7650033054994953e-06,-3.8535911541685855e-06,-4.130594867768314e-06,-4.2154052798246904e-06,-4.192249067067074e-06,-4.4637314001618414e-06,-4.1562608152786105e-06,-4.153656709322295e-06,-4.1999856363165654e-06
0.9100028276443481,-2.795761207181283e-06,-3.71790281751977e-06,-4.399887932742481e-06,-4.204580093871686e-06,-4.286116670008882e-06,-4.239494958602266e-06,-3.646115559663201e-06,-4.525814997424875e-06,-4.285015133369116e-06,-4.174813654649297e-06,-3.485680217346421e-06,-3.7654678275269897e-06,-3.979496324731737e-06,-4.152881355513228e-06,-4.052232759166737e-06,-4.078333245624972e-06,-4.024967857883912e-06,-4.1377415900318845e-06,-4.270470391808294e-06,-1.6428192156469e-06,-2.814917779586427e-06,-3.358276647775149e-06,-3.6960639728384998e-06,-3.603803808089812e-06,-3.734837091883041e-06,-3.6738898677155153e-06,-3.7094563790887988e-06,-3.7031076237722336e-06,-3.86421350494791e-06,-2.5297942148344417e-06,-2.9132431007031546e-06,-3.066068672717193e-06,-3.139737764276121e-06,-3.1358727511864335e-06,-3.0970025825936206e-06,-3.123466946437607e-06,-3.0907976310159286e-06,-3.2975628170758138e-06,-7.58905321710077e-07,-1.867038904070896e-06,-2.801200790322025e-06,-3.1109331383857162e-06,-3.2644390638638296e-06,-3.386738607331286e-06,-3.3793546808004446e-06,-3.324577535803934e-06,-3.294015574298101e-06,-3.326910212203126e-06,-1.5401069996966477e-06,-2.297446514396007e-06,-2.6090224443675166e-06,-2.70653460926732e-06,-2.6939103037250098e-06,-2.7089830297008376e-06,-2.6965604808041662e-06,-2.630698844750262e-06,-2.3425462969077286e-06,-3.771196249464994e-07,-1.7852992051525414e-06,-1.9014164371434445e-06,-2.469621526592219e-06,-2.5582508446645072e-06,-2.5862226671521628e-06,-2.5287276135154875e-06,-2.494545464785399e-06,-2.510111428597827e-06,-2.5380087068223446e-06,-1.0683476535833964e-06,-1.6227002277316148e-06,-2.243895889463811e-06,-2.3139660228254336e-06,-2.3064121112875106e-06,-2.2416565596666146e-06,-2.2817752952344576e-06,-2.1804897741530314e-06,-2.463634617433593e-06,6.200559811506936e-07,-1.113419304488701e-06,-9.039694104768627e-07,-1.6342381948918107e-06,-2.0999068414979043e-06,-2.1263556026362227e-06,-1.8972167568024655e-06,-1.92042914289558e-06,-1.8036327797723824e-06,-1.6870619098994714e-06,-5.892954446569448e-07,-1.3405016579915053e-06,-1.4051627934700973e-06,-1.4823647294573824e-06,-1.45946148545191e-06,-1.4999118234538602e-06,-1.4685898412126168e-06,-1.5527636341170032e-06,-1.1964127383289513e-06,9.70331690259919e-07,2.396168625979218e-07,-2.444385480359284e-07,-1.0348984365594084e-06,-1.0962906434214087e-06,-1.0681177114049387e-06,-1.1269511284638366e-06,-1.0923112883838503e-06,-1.1158646151663654e-06,-1.1285262647421138e-06,-3.702466690508077e-06,-4.0622641844320975e-06,-4.2466211528821134e-06,-4.289419698087054e-06,-4.107002678025368e-06,-4.209567279437668e-06,-4.206541540918977e-06,-4.2605536140737495e-06,-4.194887721871652e-06,2.4709983395391237e-07,-5.331889778982934e-07,-6.080266366147694e-07,-5.943395405525854e-07,-6.724843617047256e-07,-7.086251173582632e-07,-7.350284904415001e-07,-7.553529918751018e-07,-7.541056382441181e-07,2.5560962152695067e-06,1.1032489827870557e-06,1.2293837000683829e-06,1.4468367395106493e-07,1.1109378091952433e-07,8.755900481932402e-08,2.2843655331177053e-08,1.1374429953256004e-07,1.7939660228133362e-07,5.8606422857087186e-08,4.067366952253198e-06,1.14004217600386e-06,9.93720649368902e-07,1.325822657664978e-06,1.0935512900486838e-06,1.0378948570908353e-06,1.0264620284392232e-06,1.2233844956900834e-06,1.3202514851154336e-06,-2.1315283489517527e-06,-3.361755386046756e-06,-4.045287254284784e-06,-4.375157140946075e-06,-4.548447548867388e-06,-4.565565011218514e-06,-4.526399847230872e-06,-4.550162480355315e-06,-4.573452214884476e-06,-4.621889484445297e-06,-3.465403926116277e-06,-4.1074953855856815e-06,-4.102408220470249e-06,-4.4155083981719414e-06,-4.301178314109082e-06,-4.29116432504706e-06,-4.17595660676586e-06,-4.178737807026596e-06,-4.405073747222781e-06,-3.1396073612481636e-06,-4.300299745166438e-06,-3.749417173212691e-06,-4.020304015024786e-06,-4.241408231397036e-06,-4.190055556736175e-06,-4.120941322777776e-06,-4.060820574648488e-06,-4.168268607229171e-06,-4.316136275713555e-06,-4.129184440697448e-06,-4.242866221554534e-06,-4.202102714960253e-06,-4.38415583966072e-06,-4.2545518212281495e-06,-4.3164125945978e-06,-4.166309784600114e-06,-4.422068113573433e-06,-4.549244293482612e-06,-2.2009302982407026e-06,-2.9338712796823215e-06,-3.5004078233366872e-06,-3.83444918683067e-06,-3.7850903330338156e-06,-3.7293546462403806e-06,-3.75205480341563e-06,-3.762696657577039e-06,-3.6608684930869762e-06,-3.835353532593508e-06,-3.797814537235974e-06,-4.143359031434411e-06,-4.373762388482747e-06,-4.514964789621306e-06,-4.484095663329242e-06,-4.389662120773098e-06,-4.316708542692401e-06,-4.3800335257312545e-06,-4.707327743625593e-06,-2.521075942398332e-06,-3.6501470435561005e-06,-3.660632025813867e-06,-4.064604086969168e-06,-4.15424040869838e-06,-4.16888059999088e-06,-4.050670475347621e-06,-4.09649184704554e-06,-4.196962737921719e-06,-4.255917273679683e-06
0.9200112223625183,-2.899234297701645e-06,-4.129538737159097e-06,-4.705257616902648e-06,-4.69764489862326e-06,-4.816338024074457e-06,-3.4702559631309188e-06,-4.253088977694465e-06,-4.332602055471046e-06,-4.373898139212243e-06,-4.122893242827367e-06,-3.7213319435014657e-06,-3.935900351843812e-06,-4.140512364521553e-06,-4.190201805138609e-06,-4.116177464418264e-06,-4.155154748821069e-06,-4.158517239745265e-06,-4.153496691711864e-06,-4.3980708646490175e-06,-1.9247527191453317e-06,-3.2029934249251043e-06,-3.6073920708840383e-06,-3.771433273977589e-06,-4.009545589957553e-06,-3.993877633343329e-06,-4.054571726979504e-06,-4.009266035489184e-06,-4.077373032109584e-06,-4.1419397244826705e-06,-2.8949675688674163e-06,-3.1550486022803207e-06,-3.3076260948693356e-06,-3.349240883646809e-06,-3.42702542250667e-06,-3.3947104574730425e-06,-3.4875880076236455e-06,-3.3406576159583e-06,-3.491903270219744e-06,-1.0794920299102972e-06,-2.055968885343472e-06,-3.127309436266693e-06,-3.3457266977535694e-06,-3.4147875086229782e-06,-3.4269430948661657e-06,-3.4534721524171775e-06,-3.4188466387846763e-06,-3.3516785907017804e-06,-3.4479299563210156e-06,-1.893554354193117e-06,-2.6032994240574557e-06,-2.8659302325765816e-06,-2.9338682867670056e-06,-2.8853689479173943e-06,-2.94922439598575e-06,-2.928481066162681e-06,-2.794851055342489e-06,-2.6635404909775126e-06,-6.137544653623485e-07,-1.912090692084769e-06,-1.9838142628604845e-06,-2.8215690260677113e-06,-2.9478600580131933e-06,-3.020819082660501e-06,-2.971207457841642e-06,-2.8811901820326876e-06,-2.888548008184924e-06,-2.9423673304032036e-06,-1.2325374958165394e-06,-1.7423895535838545e-06,-2.484542243028324e-06,-2.6557416906600226e-06,-2.5373808057720237e-06,-2.5665302011263753e-06,-2.5437084039635067e-06,-2.4556494924091925e-06,-2.6699814065152276e-06,2.402601326728352e-07,-1.212723857165284e-06,-1.2637035408784426e-06,-1.7045207623266831e-06,-2.1778718900009858e-06,-2.158472747651564e-06,-1.9208107171289456e-06,-1.9090316270495945e-06,-1.9439671815431063e-06,-1.9083101097652677e-06,-5.523021665129666e-07,-1.3410415331781689e-06,-1.8359097985944156e-06,-1.9423726497355486e-06,-1.8205143141144217e-06,-1.9206172471737598e-06,-1.929510232164866e-06,-1.9128359549614776e-06,-1.8362831490514645e-06,9.319638461024565e-07,-1.7154545740289398e-07,-5.264237489784852e-07,-1.2467538255887103e-06,-1.51778623273548e-06,-1.588963672861891e-06,-1.384012499066018e-06,-1.584912146322886e-06,-1.5930598864127511e-06,-1.6499074457396839e-06,-4.050740651572191e-06,-4.412029929532345e-06,-4.605491831709099e-06,-4.502392136584453e-06,-4.4819196251526164e-06,-4.6557577096134265e-06,-4.416302841927345e-06,-4.5698627297584704e-06,-4.5242028856102415e-06,2.1956677464902454e-07,-3.728682831123302e-07,-7.472960458708675e-07,-9.106769381464482e-07,-9.356049208197837e-07,-8.884655878550955e-07,-6.599104683606242e-07,-6.733856696135788e-07,-1.0378364368219185e-06,2.723927258048248e-06,8.342102347250855e-07,8.04796869632565e-07,9.235662110653646e-08,4.177034847199913e-08,-1.0538462868253133e-07,6.899965832945254e-08,-5.588321145405132e-08,-9.876728393268621e-08,-7.11861222771459e-08,4.007739594751983e-06,9.200253675540325e-07,9.084878497805207e-07,8.671794348687159e-07,1.1147688846025556e-06,8.475977516482622e-07,9.858569935651805e-07,7.738146416998761e-07,1.059574996370792e-06,-2.4021868484019855e-06,-3.549204458440951e-06,-4.4639431511673314e-06,-4.6371549343944154e-06,-4.732071441807563e-06,-4.787820376520442e-06,-4.723791761787283e-06,-4.7172778119256865e-06,-4.784544419496113e-06,-4.873109906683808e-06,-3.7161659739371304e-06,-4.1442593147416255e-06,-4.519059457281973e-06,-4.7359971760259895e-06,-4.75707585616811e-06,-4.6511216208759035e-06,-4.36219862652689e-06,-4.363977838286095e-06,-4.612662605147995e-06,-3.4832517227184713e-06,-4.418678192086048e-06,-3.86684024201763e-06,-4.327996417175229e-06,-4.400063013794559e-06,-4.40132589822934e-06,-4.427269027446315e-06,-4.39361075573694e-06,-4.376914530487906e-06,-4.448863028286687e-06,-4.326205629215045e-06,-4.467458325711276e-06,-4.581682426418586e-06,-4.554373808799144e-06,-4.642140933579552e-06,-4.642369078211273e-06,-4.575389107443356e-06,-4.5203234561957325e-06,-4.654974266844047e-06,-2.446866274609514e-06,-3.1175907841333806e-06,-3.945443958875981e-06,-4.273133493248481e-06,-3.8278112601707e-06,-4.0583853482080116e-06,-4.03446356029557e-06,-4.112293325431307e-06,-4.08312823749395e-06,-4.1878885781951e-06,-4.018703083950849e-06,-4.5727038961783165e-06,-4.670619790075006e-06,-4.4254399517406556e-06,-4.6298148680039305e-06,-4.591760120536929e-06,-4.578776764021854e-06,-4.658695584047665e-06,-4.783194389995574e-06,-2.7620860115693895e-06,-3.91470862398747e-06,-3.890871158992409e-06,-4.344633934547868e-06,-4.519434281727346e-06,-4.538696145432547e-06,-4.4864505933570235e-06,-4.457721877865277e-06,-4.440711872858023e-06,-4.458584628396646e-06
0.9300051331520081,-3.1633248939250043e-06,-4.147966413350562e-06,-4.7796902883395235e-06,-4.126314297824218e-06,-3.930473036959542e-06,-4.577537067939966e-06,-4.179775566708173e-06,-4.25865116251033e-06,-4.557645667416915e-06,-4.269364469154492e-06,-3.661868594164435e-06,-3.9221714807954844e-06,-4.075735071572886e-06,-4.194742695800999e-06,-4.286785968560532e-06,-4.321941237191572e-06,-4.259735334848628e-06,-4.105804541224014e-06,-4.4060942145047575e-06,-1.8239739624396936e-06,-3.2267233786498897e-06,-3.638745887677975e-06,-3.7668049146910297e-06,-4.106515291203394e-06,-4.254514000844826e-06,-4.285357673875111e-06,-4.159043561429539e-06,-4.149237584475797e-06,-4.29547228960341e-06,-2.883612052700916e-06,-3.2522715059593813e-06,-3.3304959045055204e-06,-3.5382369786883315e-06,-3.4239059239502354e-06,-3.441772208320609e-06,-3.4165570316052763e-06,-3.4583624142631588e-06,-3.715321486480599e-06,-1.0984946154743096e-06,-2.00851129672919e-06,-3.0944112212436638e-06,-3.4348696108792422e-06,-3.4903154612369786e-06,-3.5041263183919298e-06,-3.448705705590366e-06,-3.4681430997343276e-06,-3.478795936906293e-06,-3.4745319762940385e-06,-1.8183282636024778e-06,-2.686213882681864e-06,-2.9607835562219618e-06,-2.988130740206623e-06,-2.9409908949411147e-06,-2.9216541724020972e-06,-2.8866811120959412e-06,-2.9077525031860475e-06,-2.6440748393988616e-06,-4.897498769140113e-07,-1.7738019164749795e-06,-2.0841975233332875e-06,-2.8869735909253413e-06,-3.0653826569809e-06,-2.9998787596906436e-06,-3.066093550764018e-06,-3.0173329205208743e-06,-2.985343742857663e-06,-2.991103675789945e-06,-1.3391355224722127e-06,-1.7188505712242921e-06,-2.498124703895011e-06,-2.711008918798612e-06,-2.651646339931596e-06,-2.773902328841641e-06,-2.5581502179982305e-06,-2.609739323981265e-06,-2.981372782363361e-06,1.3176765353671738e-07,-1.287384187896262e-06,-1.3597088223495319e-06,-1.7759391815685109e-06,-2.2205255799022132e-06,-2.2755133344620365e-06,-2.188057338058414e-06,-2.019736490757337e-06,-1.932607513043645e-06,-1.9859485799773685e-06,-5.457436195168533e-07,-1.5936850012656316e-06,-1.945646377801925e-06,-2.0443060515992657e-06,-2.0847712553127224e-06,-1.9640512251498447e-06,-1.9792632340345044e-06,-1.990890817887219e-06,-1.7909330401812999e-06,7.808573938602419e-07,1.7013132738575034e-08,-7.435386519042594e-07,-1.4030295369057873e-06,-1.4915575092931043e-06,-1.5028882732410516e-06,-1.5728924905638682e-06,-1.54026272117038e-06,-1.4842436691094958e-06,-1.3542890032351509e-06,-4.357136734918565e-06,-4.390022277237105e-06,-4.75224786134106e-06,-4.564135206593836e-06,-4.36252017168701e-06,-4.448996586009164e-06,-4.350920350943632e-06,-4.6573807505122156e-06,-4.720192282301424e-06,1.973791879255204e-07,-5.574240063049354e-07,-8.472868299893518e-07,-8.158791227442727e-07,-8.056597100412699e-07,-9.937354791294734e-07,-9.278651699125686e-07,-7.422323027894034e-07,-9.445809884210242e-07,2.0438429226704917e-06,8.907874430229369e-07,8.844067273254076e-07,5.125244345486602e-08,4.411567960021194e-08,-1.7139356470370937e-07,-2.0806653799481587e-07,-1.9816838284445494e-07,-5.8089520317708736e-08,-6.786177529468632e-08,3.97600254099395e-06,8.865353102682043e-07,8.386489528310056e-07,8.508089969900983e-07,8.632812390662839e-07,9.626771610434532e-07,9.930848930393447e-07,9.034019788987375e-07,1.2745639587474714e-06,-2.4144432230906557e-06,-3.3736430659244234e-06,-4.445974442583946e-06,-4.693275206311999e-06,-4.853165226875505e-06,-4.869224581316006e-06,-4.822494765448692e-06,-4.8745304359673295e-06,-4.8271055447281744e-06,-4.866348794146025e-06,-3.664646019577026e-06,-4.268752656147457e-06,-4.638143081786081e-06,-4.839403856182193e-06,-4.768842669003255e-06,-4.715541992944687e-06,-4.506951901487569e-06,-4.590056190035024e-06,-4.913191711653962e-06,-3.4087361843770707e-06,-4.461379076576826e-06,-4.0845131753521e-06,-4.393146629169728e-06,-4.429730444142733e-06,-4.461880034876657e-06,-4.511195298165166e-06,-4.413534691855911e-06,-4.3701530584407755e-06,-4.511187496812332e-06,-4.228335285152644e-06,-4.495643391168213e-06,-4.5544474003625114e-06,-4.628172413600394e-06,-4.648997891309293e-06,-4.639887133531131e-06,-4.636679303528094e-06,-4.6181229409658036e-06,-4.718553998206315e-06,-2.3461844056729416e-06,-3.1330484277795023e-06,-3.908867765501136e-06,-4.434561135289886e-06,-3.875285278362147e-06,-4.251356861659741e-06,-4.020107579117486e-06,-4.065703089068037e-06,-4.142459035734675e-06,-4.268475833950127e-06,-4.0946990098820765e-06,-4.609390063462464e-06,-4.940598331521446e-06,-4.736042833713081e-06,-4.655001158143216e-06,-4.964286186701676e-06,-4.668418118881927e-06,-4.5891642832955994e-06,-4.92098889417939e-06,-2.856181291780769e-06,-3.848003444189071e-06,-3.904193496870942e-06,-4.288395420005997e-06,-4.374948949083122e-06,-4.474471526203303e-06,-4.343577516331173e-06,-4.407390461406958e-06,-4.306538310868092e-06,-4.485219741205076e-06
0.9400135278701782,-3.1697858521088247e-06,-4.221012672940963e-06,-4.772208755020922e-06,-4.1442938635898896e-06,-4.636432931772469e-06,-4.275705063608876e-06,-4.210753228872152e-06,-4.511836339282127e-06,-4.735586544449638e-06,-4.471739398968457e-06,-3.853302072702516e-06,-4.1698001529991025e-06,-4.339660086778667e-06,-4.359235119076198e-06,-4.344395867458164e-06,-4.366513242006163e-06,-4.361109385106798e-06,-4.297055748523075e-06,-4.488532224379079e-06,-2.0906811485814483e-06,-3.3509213022374085e-06,-3.7882287238064454e-06,-3.9689125852563e-06,-4.201222779882089e-06,-4.296473990497464e-06,-4.2177336780626515e-06,-4.171419922362832e-06,-4.265461527828677e-06,-4.4509381881404915e-06,-2.981496453578792e-06,-3.312275503428172e-06,-3.5131237408483933e-06,-3.4771936217213697e-06,-3.427524709088037e-06,-3.4435784731581894e-06,-3.445307982750146e-06,-3.486558930092804e-06,-3.6605258986545787e-06,-1.2177130919345445e-06,-2.274439174459058e-06,-3.2100287622051845e-06,-3.507181572628024e-06,-3.5459312696385955e-06,-3.533156446520354e-06,-3.5000034472229766e-06,-3.445973722159258e-06,-3.536608005885314e-06,-3.6260978095800824e-06,-1.977827048118913e-06,-2.7373450546461915e-06,-3.0320701973125797e-06,-3.0366285241783076e-06,-3.0214199665833814e-06,-3.014890665672661e-06,-2.90378822057787e-06,-2.9878074963648375e-06,-2.6685124692981083e-06,-7.818308732705423e-07,-1.959629098400297e-06,-2.093304110803022e-06,-3.0169288859410434e-06,-3.04054679857778e-06,-3.0563856659356534e-06,-3.100980194010845e-06,-3.0026191376650074e-06,-3.0172997378081297e-06,-3.0683010280330536e-06,-1.28030397486192e-06,-1.7977951928211088e-06,-2.64188061004927e-06,-2.7326464202699923e-06,-2.703287359064364e-06,-2.7783055993259296e-06,-2.6274502284117865e-06,-2.7034972765721834e-06,-2.8792554105789567e-06,2.724246070937328e-07,-1.4172479877831064e-06,-1.4660890582426823e-06,-1.7898637335545087e-06,-2.3638655786804506e-06,-2.2989711216355374e-06,-2.259513263112886e-06,-2.1034231305208244e-06,-2.125400404276227e-06,-2.0317621143715186e-06,-9.290423113680474e-07,-1.760767311902464e-06,-2.05934728455628e-06,-2.0467266729725124e-06,-2.034133995265021e-06,-2.007136281329022e-06,-1.9552162829428408e-06,-1.9903387283704847e-06,-1.7248692969601438e-06,6.291837796719122e-07,-1.8492384278865248e-07,-8.67479067934125e-07,-1.4587898321140368e-06,-1.5117882686644282e-06,-1.4401724967664648e-06,-1.5058708167116776e-06,-1.434885875865215e-06,-1.5804641528758083e-06,-1.5439610477512456e-06,-4.351069798979255e-06,-4.57625617208689e-06,-4.645036242107084e-06,-4.691341081975093e-06,-4.604719965140698e-06,-4.715703089083159e-06,-4.372055222396717e-06,-4.788185278507831e-06,-4.781804419006563e-06,5.978122750180934e-08,-8.328304198751326e-07,-8.176744764731661e-07,-7.920476076289082e-07,-7.872378039748263e-07,-9.761096346104955e-07,-9.873797133806382e-07,-9.544889941274978e-07,-1.1747845301741955e-06,2.346747954550117e-06,5.378113154032872e-07,5.959849609082363e-07,9.468692474403704e-08,-1.89380033048846e-07,-1.9179658297873566e-07,-1.7663104067719953e-07,-2.9616473493304363e-07,-1.8335559111437397e-07,-1.0510644034968159e-07,3.6594572930710142e-06,9.42663922802642e-07,8.318969358797064e-07,8.182610339485611e-07,9.640569579179388e-07,8.064510080898852e-07,9.294890556583234e-07,7.883883237631462e-07,1.1252457059981408e-06,-2.433744848529654e-06,-3.5800639139315775e-06,-4.5885559215782974e-06,-4.832847987530716e-06,-4.877881278788676e-06,-4.901407426664545e-06,-4.851401977331315e-06,-4.787384147878571e-06,-4.920834017552623e-06,-4.9598556654088714e-06,-4.034311793424657e-06,-4.389950159662061e-06,-4.556286650182696e-06,-4.807289605217096e-06,-4.824516502213507e-06,-4.763284762348621e-06,-4.71719577189266e-06,-4.683824532446076e-06,-5.041583788126247e-06,-3.6220364594481656e-06,-4.6177767334644665e-06,-4.047032204803202e-06,-4.499728316125571e-06,-4.525616188755884e-06,-4.561925985704466e-06,-4.495918487720677e-06,-4.578511086614287e-06,-4.605065705279883e-06,-4.5864029279508275e-06,-4.2404100896455185e-06,-4.511869270338329e-06,-4.611045963515587e-06,-4.7260915430812075e-06,-4.73001321484401e-06,-4.688397419440365e-06,-4.828914955272543e-06,-4.679364064024651e-06,-4.810294815752063e-06,-2.4297420355071922e-06,-3.2619322051859283e-06,-3.977940835639283e-06,-4.507497996185939e-06,-4.059996327568202e-06,-4.222809266977105e-06,-4.037234892024727e-06,-4.2540977609226586e-06,-4.193944800755862e-06,-4.385649708851067e-06,-4.229672048758271e-06,-4.808138838197011e-06,-4.889856894652665e-06,-4.789424147718222e-06,-5.025697717191087e-06,-4.693871380662431e-06,-4.927712294186653e-06,-4.822371597546347e-06,-5.052086566096698e-06,-2.8142293012111056e-06,-4.077477649329614e-06,-4.1360598412567005e-06,-4.422299601642084e-06,-4.5369484266921545e-06,-4.513920055458395e-06,-4.406770451586807e-06,-4.543999699224049e-06,-4.481460999078416e-06,-4.579233916107731e-06
0.950007438659668,-3.255640162468881e-06,-4.336675476129294e-06,-4.962034435856535e-06,-4.256532358221777e-06,-4.724189666732744e-06,-4.667872383692904e-06,-4.79925378038701e-06,-4.674668116980821e-06,-4.753202646265307e-06,-4.719618936794538e-06,-4.040957791069472e-06,-4.332158313083819e-06,-4.4507296727191255e-06,-4.529641614916283e-06,-4.515354641557391e-06,-4.392857439850854e-06,-4.261252679999345e-06,-4.45899299506411e-06,-4.582705122658515e-06,-2.254034268759959e-06,-3.4375449626004345e-06,-3.90350413769772e-06,-4.433995950645181e-06,-4.641598074465307e-06,-4.565423759996006e-06,-4.423825323360591e-06,-4.4947494711764445e-06,-4.4309054644930635e-06,-4.599018110943453e-06,-3.15789253692214e-06,-3.610671802756513e-06,-3.837385874884064e-06,-3.760365419215236e-06,-3.805845149180527e-06,-3.9315295450535734e-06,-3.89230258140915e-06,-3.6233669046770166e-06,-3.951733790610543e-06,-1.3709906570753279e-06,-2.4025681440156067e-06,-3.413346325527461e-06,-3.73408510618154e-06,-3.7799772652699183e-06,-3.7619366188661615e-06,-3.7541945491236567e-06,-3.750637276035158e-06,-3.7600204699966148e-06,-3.7667371831300206e-06,-2.243767292970324e-06,-2.945269182000855e-06,-3.2909937184803606e-06,-3.4204184496014914e-06,-3.539012853785953e-06,-3.425942867960435e-06,-3.256219691536539e-06,-3.3355859996221326e-06,-3.0642741818107332e-06,-1.1571886867102396e-06,-1.912412057490215e-06,-2.5066250687280593e-06,-3.1034078707550305e-06,-3.2700984959581073e-06,-3.195686334529489e-06,-3.2337957453927298e-06,-3.143050445180264e-06,-2.993789066809658e-06,-3.1311700633423446e-06,-1.5046139181075264e-06,-2.3831157942828023e-06,-2.860475990442208e-06,-2.685810531169793e-06,-2.788727631497004e-06,-2.6786308418990857e-06,-2.6401695612622903e-06,-2.5266319436534254e-06,-2.9300365013287323e-06,-1.26493004296729e-07,-1.4627358606351113e-06,-1.6838005669301055e-06,-2.459083732411352e-06,-2.5681981986690292e-06,-2.6246722996861094e-06,-2.6046789602876644e-06,-2.612568518739851e-06,-2.686422973318185e-06,-2.3778061827588e-06,-1.251931569084166e-06,-1.8737104987812305e-06,-2.010663948822781e-06,-2.1244727083812904e-06,-2.1224240803173073e-06,-2.0609565202961376e-06,-2.1965379568405685e-06,-2.0927611348482395e-06,-1.8144827359194082e-06,1.3199673289274157e-08,-4.002410371993093e-07,-1.1482187127924342e-06,-1.7100320226435198e-06,-1.7084047754853688e-06,-1.7731642187949474e-06,-1.6397879227087959e-06,-1.6101331830405772e-06,-1.6238069772569155e-06,-1.5543831338487226e-06,-4.375534410055008e-06,-4.887356471192077e-06,-5.4561663722033505e-06,-5.422728839233146e-06,-5.546233961345442e-06,-5.030416349274724e-06,-5.012907560999189e-06,-5.216032031851094e-06,-5.196605728570493e-06,-5.027715571254953e-07,-8.538824423991594e-07,-1.393342683374233e-06,-1.1904920148411413e-06,-1.0438411776441646e-06,-1.0905084029341335e-06,-8.713758436746357e-07,-9.69477352247275e-07,-1.1237894055345753e-06,1.6076532516127792e-06,8.747542608629112e-07,1.466297699492318e-07,-2.426421337544607e-07,-1.4158700423817584e-07,-1.7075802407976076e-07,-4.3417580754760195e-07,-2.1563694202404077e-07,-1.2298577490935783e-07,-1.607525913402007e-07,2.4658134238321907e-06,6.201275954126525e-07,8.972137445056892e-07,7.56203608966002e-07,7.807552932056421e-07,8.410445793168894e-07,6.315883219896061e-07,9.335175735991089e-07,1.1813754689624897e-06,-2.710923193794776e-06,-3.771187010074769e-06,-4.79712113498859e-06,-4.9809914356353245e-06,-5.3596822602327495e-06,-5.528963563718024e-06,-5.539195055935092e-06,-5.149553792328104e-06,-5.38583124450192e-06,-5.412307957491982e-06,-4.0778041557187245e-06,-5.1765651676192955e-06,-5.1816787566717466e-06,-5.47786261750206e-06,-5.490079392236138e-06,-5.389205167823356e-06,-4.7252006789188895e-06,-5.347572691186001e-06,-5.065790990509416e-06,-3.9585436166648685e-06,-4.809677933663233e-06,-4.514468738624065e-06,-4.714549819048333e-06,-4.681480279845904e-06,-4.874656228287908e-06,-4.737984579648147e-06,-4.685200590423351e-06,-4.677077404821898e-06,-4.7486162776705e-06,-4.302676101951313e-06,-4.636425669683656e-06,-4.704522312434857e-06,-4.830471055530887e-06,-4.807647101311935e-06,-4.886636697528084e-06,-4.853951905229009e-06,-4.882810367644153e-06,-4.902790099613807e-06,-2.6357846257547087e-06,-3.568578614890744e-06,-4.023679807794828e-06,-4.552390000270458e-06,-4.343357316856024e-06,-4.4770653861432226e-06,-4.2601913005536585e-06,-4.369882419804217e-06,-4.320426768115633e-06,-4.46620036655455e-06,-4.2922487490419e-06,-4.924067947934267e-06,-5.058242732255978e-06,-5.134749916429833e-06,-5.043410095609932e-06,-5.0215509206750795e-06,-4.9991651364484735e-06,-5.095863084578779e-06,-5.162961190118181e-06,-2.9365946169136287e-06,-3.7622929645310887e-06,-4.305407078756249e-06,-4.666543205734502e-06,-4.505950955563145e-06,-4.414543115574757e-06,-4.318982906675479e-06,-4.4212322183903e-06,-4.426253809000807e-06,-4.559494408283865e-06
0.9600013494491577,-3.065050146785691e-06,-4.575363402525033e-06,-4.701208966438421e-06,-4.178437508868895e-06,-4.9458601822286745e-06,-4.935888255760272e-06,-4.788178232124627e-06,-4.386244553016914e-06,-4.851469636990455e-06,-4.8405947308947345e-06,-4.0691729474587685e-06,-4.3072937478593265e-06,-4.45845833276298e-06,-4.427441160521746e-06,-4.443136511748225e-06,-4.050103277450572e-06,-4.156165761007216e-06,-4.282973479786468e-06,-4.563813913090259e-06,-1.9992540568675187e-06,-3.2564609402839655e-06,-3.977378275412813e-06,-4.250613504182572e-06,-4.625242304568054e-06,-4.707643177126811e-06,-4.266831438196115e-06,-4.088194622969116e-06,-4.0941712861113475e-06,-4.472499833139617e-06,-3.1925029691375272e-06,-3.5471837462777766e-06,-3.645205407824407e-06,-3.883259663044801e-06,-3.723676915120332e-06,-3.7540661503603105e-06,-3.5542772611579644e-06,-3.5345125517288605e-06,-3.941447041806813e-06,-1.5088545465631494e-06,-2.491649778773052e-06,-3.4939583155255742e-06,-3.6025969352113216e-06,-3.968221752094754e-06,-3.6828613875235135e-06,-3.89308854074396e-06,-3.6873415930080987e-06,-3.758146743230036e-06,-3.6507282802931574e-06,-2.338461677533315e-06,-3.0211507480087435e-06,-3.386954456743334e-06,-3.148144440973293e-06,-3.523967962821331e-06,-3.4088567548243817e-06,-3.657610098094257e-06,-3.451298397124907e-06,-3.115487312918484e-06,-1.2127631515369307e-06,-1.9340887814313732e-06,-2.5774258868623627e-06,-3.0217001322176403e-06,-3.2345701465020274e-06,-3.210309467103464e-06,-3.17845807139756e-06,-3.087020625814432e-06,-2.6871139682589366e-06,-3.0832674740581206e-06,-1.7308142513779539e-06,-2.27967765705872e-06,-2.844750925768185e-06,-2.933881993060867e-06,-2.995005862146131e-06,-2.6988395453719598e-06,-2.3384285487469722e-06,-2.3645103946455566e-06,-3.0926406556842582e-06,-3.8140325072004513e-07,-1.5644776170535795e-06,-1.7974742947778137e-06,-2.715940793851529e-06,-2.7268775535304322e-06,-2.743608561308806e-06,-2.850846011289378e-06,-2.653520552035794e-06,-2.190668858895014e-06,-2.216413826559821e-06,-1.1149990424866217e-06,-1.919705765150381e-06,-1.981341216036685e-06,-2.189854606174581e-06,-2.149352265145561e-06,-2.178228541248858e-06,-2.145140163756637e-06,-2.1041230952197885e-06,-2.0030537471088225e-06,3.2512918070373746e-07,1.0800185673001791e-07,-9.608849350458805e-07,-8.466294132216272e-07,-1.3676380526581796e-06,-1.505776787041922e-06,-1.0488464465303097e-06,-9.101413770719509e-07,-9.234972931235104e-07,-1.0286441423238152e-06,-4.460962746777322e-06,-5.130992396634954e-06,-5.174786387271307e-06,-5.481630706871747e-06,-4.99719186154366e-06,-5.398232016119885e-06,-4.711658213467078e-06,-5.201624407155287e-06,-4.983124764101504e-06,-4.948238120854677e-07,-8.783311272108317e-07,-6.55166131358664e-07,-6.076204809297903e-07,-6.340420451859944e-07,-8.189152690585638e-07,-8.935714115056471e-07,-8.790447173140539e-07,-9.327376180703972e-07,1.8818641887507914e-06,6.772859865211589e-07,2.668163331795591e-07,-2.500897293906883e-07,9.263966281557293e-08,1.2182398450300354e-07,-2.4161695690003586e-07,-2.6801306789445947e-07,-1.6089625127533407e-08,-3.744505556511488e-08,2.525873990096761e-06,7.737660000852024e-07,8.810228815459893e-07,7.451119546848657e-07,1.0043493275127372e-06,9.404549535698153e-07,8.87384183738771e-07,1.0874985906795234e-06,1.066617137365267e-06,-2.6540205935867897e-06,-3.6972648778618278e-06,-4.75815402470031e-06,-5.388175820660504e-06,-5.5928802991423406e-06,-5.395741335362608e-06,-5.3307271617050815e-06,-5.552435641388075e-06,-5.286808996540212e-06,-5.554975790631526e-06,-4.1622007365655595e-06,-4.714884773907103e-06,-5.38152770191054e-06,-5.34981833037224e-06,-5.380744618650508e-06,-5.4614108945600445e-06,-5.0307694593555264e-06,-5.082990924304788e-06,-4.9954347596093064e-06,-4.021143864810739e-06,-4.546804249616884e-06,-4.3478190076092294e-06,-4.1836777171134235e-06,-4.796779025893811e-06,-4.924066366093139e-06,-4.955835164526528e-06,-4.48163304227651e-06,-4.2836047961755865e-06,-4.251486824288747e-06,-4.3566555676082954e-06,-4.4780297340161044e-06,-4.60984743125395e-06,-4.860477718899062e-06,-4.749234777551392e-06,-4.819729850961383e-06,-4.4384974031321845e-06,-4.347793374592775e-06,-4.602244347825066e-06,-2.534787125586777e-06,-3.4642293371771627e-06,-4.1217387504607605e-06,-4.776287316662835e-06,-4.53613248427779e-06,-4.518422047209419e-06,-4.500120217264934e-06,-4.39892282989997e-06,-4.437475641616557e-06,-4.62251186702714e-06,-4.540589465458547e-06,-4.917627625586975e-06,-5.141622512816178e-06,-5.078453125422784e-06,-5.090773654554458e-06,-5.1709461084247064e-06,-4.9264562404294676e-06,-4.883015503677656e-06,-5.092945881932004e-06,-2.4514661607557764e-06,-3.5284890624941587e-06,-4.400090336504944e-06,-4.591588886234866e-06,-4.024565926433762e-06,-4.0325372912379e-06,-3.897586667769502e-06,-4.233252510199663e-06,-4.261501388565726e-06,-4.271970983823432e-06
0.9700097441673279,-4.0261651678137675e-06,-4.769849546831908e-06,-4.753370141670159e-06,-4.913055529513249e-06,-4.9355327010159085e-06,-5.0567985113064775e-06,-5.083668383718618e-06,-5.00502823058793e-06,-4.981549286289347e-06,-5.0687951944182105e-06,-4.1823322893325285e-06,-4.4022083858238685e-06,-4.726536579702085e-06,-4.735671388655572e-06,-4.747036845255524e-06,-4.578170918869983e-06,-4.5579657745396455e-06,-4.701865718113853e-06,-4.759656126654706e-06,-2.7159402545875086e-06,-3.6789506807958e-06,-4.401725169310321e-06,-4.757789985535353e-06,-4.723114014765974e-06,-4.703489549933207e-06,-4.729205756850239e-06,-4.616272186846509e-06,-4.64478476531873e-06,-4.670642618918552e-06,-3.40261416261804e-06,-4.134972325481474e-06,-4.374762112075391e-06,-4.4876474718756635e-06,-4.469222042617617e-06,-4.469109588093819e-06,-4.382448997133103e-06,-4.353008093624589e-06,-4.4712222088216005e-06,-1.6341730697735685e-06,-2.6690592290887705e-06,-3.5282101731180814e-06,-4.165082168032291e-06,-4.39565082747846e-06,-4.397307518452145e-06,-4.453972734638187e-06,-4.2454345922817386e-06,-4.3635626049901e-06,-4.389849712750458e-06,-2.504341123820878e-06,-3.1312981205718107e-06,-3.6477292353434957e-06,-3.7091232577276993e-06,-3.774112589289334e-06,-3.647045017153938e-06,-3.5606582644629716e-06,-3.590421468101235e-06,-3.4354805610638435e-06,-1.162686303647351e-06,-2.029746417363737e-06,-2.944691072995118e-06,-3.1425001082715973e-06,-3.2519318055772286e-06,-3.1716654119145614e-06,-3.209447112032378e-06,-3.1599418660293506e-06,-3.1132790627043523e-06,-3.233850013328687e-06,-1.8625075224307393e-06,-2.748602415773178e-06,-2.850697354174318e-06,-2.838793622204299e-06,-2.9244738311752487e-06,-2.858259669243232e-06,-2.7184698342561524e-06,-2.797121887146232e-06,-3.008942601498998e-06,-2.5954669467018686e-07,-1.759872565039197e-06,-1.6915579877217347e-06,-2.510640590405944e-06,-2.7369757576570327e-06,-2.700329855419769e-06,-2.7181419437560545e-06,-2.5079376733055565e-06,-2.500982713327773e-06,-2.5867860722256e-06,-1.1524443497082796e-06,-1.962728428482355e-06,-2.0282597922867363e-06,-2.0100653298087877e-06,-2.046214228349039e-06,-2.0839121088625594e-06,-2.063536646978995e-06,-2.1316759095633036e-06,-1.996486374158236e-06,1.2327402950392835e-07,-1.071605329557422e-07,-1.105479846139126e-06,-1.4972849965068036e-06,-1.6201244511118581e-06,-1.6749201288152156e-06,-1.5472492820197808e-06,-1.295890520584474e-06,-1.5194652132886904e-06,-1.532893498571838e-06,-5.17406643385264e-06,-5.659348831912956e-06,-5.654633507315314e-06,-5.5096826460174225e-06,-5.674857777542921e-06,-5.586954003259649e-06,-5.566108141370764e-06,-5.397458136299141e-06,-5.439583644055221e-06,-3.4336306338160477e-07,-8.015456828022573e-07,-1.1673477737447853e-06,-1.1603422667527878e-06,-1.2610928559010744e-06,-1.0952178675294168e-06,-1.105592768025076e-06,-1.0125577887313412e-06,-1.3096001578827262e-06,1.7404402579524974e-06,5.098097794680865e-07,2.4837472600089006e-07,-1.930429299835471e-07,-2.439237126752961e-07,-2.8649195619243167e-07,-1.3124952866555868e-07,-2.689862237463473e-07,1.1794631668429573e-07,-2.9626374380725914e-08,2.3848651487907235e-06,9.765420704287535e-07,1.0526132416663464e-06,1.1423798495829775e-06,9.210768964436059e-07,1.1115765135014468e-06,1.2637752989441398e-06,1.2156798508706203e-06,1.3354659206881865e-06,-3.3147682693396644e-06,-3.99645998898414e-06,-5.583423909077797e-06,-5.5974145748327415e-06,-5.913885620026419e-06,-5.697628811985967e-06,-5.5685471965857875e-06,-5.636174715589849e-06,-5.728883116592603e-06,-5.824187894100708e-06,-4.689142466611465e-06,-5.527703339652412e-06,-5.8368856204394465e-06,-5.834998699679826e-06,-5.812810070379215e-06,-5.611468370429052e-06,-5.641263210889867e-06,-5.804587084982985e-06,-5.89078577833444e-06,-4.450584862354081e-06,-5.185062171039948e-06,-4.7475167902340115e-06,-4.996438869215987e-06,-5.501423458029931e-06,-5.489603401860469e-06,-5.262490130553807e-06,-5.075705754991617e-06,-5.0154277215229365e-06,-5.26449799025782e-06,-4.583271421782196e-06,-4.852387320550072e-06,-4.948679238823669e-06,-5.061853104875056e-06,-5.038595186923121e-06,-5.062592148240059e-06,-5.026941763336077e-06,-4.9106570988544575e-06,-5.022061603702752e-06,-2.866977968642542e-06,-3.863993898663184e-06,-4.614858847749932e-06,-4.89764537705189e-06,-5.02893682450733e-06,-4.969547462193949e-06,-4.790274351373373e-06,-4.76508701865698e-06,-4.6817943112606685e-06,-4.914999720111876e-06,-4.842908964464416e-06,-5.033389958938073e-06,-5.2857947487699405e-06,-5.3643205060263555e-06,-5.326046278102899e-06,-5.284426743802043e-06,-5.197378889372543e-06,-5.1914911328918696e-06,-5.444766762215418e-06,-3.366478008684146e-06,-4.11324922483453e-06,-4.300066135992639e-06,-4.2515147581650234e-06,-4.344195153389632e-06,-4.2913053605639595e-06,-4.334260364236794e-06,-4.209749478774819e-06,-4.221804618106404e-06,-4.578430484618648e-06
0.9800036549568176,-4.031291285766968e-06,-4.7895696771019615e-06,-4.726766557831476e-06,-4.985693566239926e-06,-5.158678391216133e-06,-5.174040908688991e-06,-5.040572416430754e-06,-5.021958172863567e-06,-5.0195931406231285e-06,-5.003031048311529e-06,-4.2635622758984485e-06,-4.462968305621512e-06,-4.746273175500239e-06,-4.7882631122814966e-06,-4.7498436066308445e-06,-4.610921141870245e-06,-4.560653106909833e-06,-4.7367540870055465e-06,-4.9080171498162294e-06,-2.7006450552399107e-06,-3.7845243934194814e-06,-4.34906093264907e-06,-4.729051599242167e-06,-4.729972913846191e-06,-4.744889567826673e-06,-4.797306533958932e-06,-4.679144583568196e-06,-4.67251717255663e-06,-4.7991517875852145e-06,-3.4981252086140904e-06,-4.126694119449516e-06,-4.4528696521082286e-06,-4.483172371423808e-06,-4.462775249102075e-06,-4.484144700404197e-06,-4.4206555294464844e-06,-4.4177524195661185e-06,-4.4571440025406165e-06,-1.7022646793939083e-06,-2.7181762229723083e-06,-3.54889741948299e-06,-4.0845484072681244e-06,-4.445250965973677e-06,-4.400057908761828e-06,-4.385128060788305e-06,-4.4044880345943515e-06,-4.346955933519449e-06,-4.397205633503154e-06,-2.5609340247017343e-06,-3.208446669421039e-06,-3.8327935384340926e-06,-3.9188033455745385e-06,-3.8743196003046806e-06,-3.6734417033633175e-06,-3.549159160263206e-06,-3.592057019925306e-06,-3.5433801014336533e-06,-1.138976446495073e-06,-1.9733723318470433e-06,-2.9147525546237018e-06,-3.1991563367239597e-06,-3.2315184154575366e-06,-3.2619155059767513e-06,-3.2171332061695265e-06,-3.191199909533198e-06,-3.12944244117446e-06,-3.2722253352805702e-06,-1.9039995926925525e-06,-2.758953984112205e-06,-2.906896718148281e-06,-2.8778090145979062e-06,-2.8728257297083414e-06,-2.9211445768902e-06,-2.8904306687587803e-06,-2.818333801452418e-06,-3.0071730785166996e-06,-3.349345824425254e-07,-1.7870499257959824e-06,-1.759868826141986e-06,-2.5610803450060373e-06,-2.6403119808901764e-06,-2.7537806446062523e-06,-2.715653078520979e-06,-2.5632021691731073e-06,-2.4643702184965966e-06,-2.5458829861272756e-06,-1.2250044448084865e-06,-2.047741118472924e-06,-2.0626589768097186e-06,-2.1205551530005132e-06,-2.133423718181032e-06,-2.103974384178326e-06,-2.083836899507129e-06,-2.0551387063589586e-06,-1.986676047141392e-06,8.921670241918131e-08,-2.6855765265357123e-07,-1.1815203152784696e-06,-1.4262158945221658e-06,-1.690629572808104e-06,-1.7355795477748545e-06,-1.6358074531922611e-06,-1.6753247565854693e-06,-1.5441763758747406e-06,-1.5794193647864947e-06,-5.099494919905883e-06,-5.453528220711857e-06,-5.704559576984685e-06,-5.743736460977047e-06,-5.622674420584461e-06,-5.591710743334087e-06,-5.631654604567726e-06,-5.597205628000159e-06,-5.605518778340662e-06,-4.532958448153387e-07,-9.035342064366312e-07,-1.1603119601148203e-06,-1.1640354343745218e-06,-1.1582359374385816e-06,-1.1580751648585218e-06,-1.1534045632236688e-06,-1.1756953291298143e-06,-1.3911703840948188e-06,1.6705925530239762e-06,5.48072574994302e-07,3.7632597211165957e-07,-2.7429987975050735e-08,-2.4829858192115686e-07,-1.465744774116352e-07,-3.4895994084947284e-07,-9.455599143979331e-08,-1.531265352640319e-07,-2.06169982384691e-08,2.2233074003165736e-06,7.632809818765014e-07,1.1417076390056163e-06,9.69338509737393e-07,9.091625409723776e-07,8.666803999438923e-07,8.062227196544247e-07,8.963760158248852e-07,1.1144860945500622e-06,-3.0306064190545925e-06,-4.054934777493756e-06,-5.504669935287792e-06,-5.610411556752074e-06,-5.7741927986366774e-06,-5.999209483332442e-06,-5.865676279391712e-06,-5.601611415049878e-06,-5.7120700148548e-06,-5.952637276362934e-06,-4.712054500620476e-06,-5.597600225459627e-06,-5.776204037728553e-06,-5.917537156465749e-06,-5.886889200324071e-06,-5.88376333845219e-06,-5.719959806988063e-06,-5.797150634136519e-06,-5.8635403624582325e-06,-4.346937526640873e-06,-5.229565473618293e-06,-4.742601147028119e-06,-4.905234835076516e-06,-5.423480429474365e-06,-5.5566735016217256e-06,-5.348219340648778e-06,-5.206532716370498e-06,-5.293115221901005e-06,-5.322172349181402e-06,-4.684904858034358e-06,-4.863443742915184e-06,-5.033097785691618e-06,-5.124586443381252e-06,-4.997762330975769e-06,-5.057309445990693e-06,-5.0358788061976805e-06,-4.993150185560767e-06,-5.047100027647542e-06,-2.945276911451819e-06,-4.04649177237705e-06,-4.598544133820127e-06,-4.897219322524545e-06,-4.7754420742366746e-06,-5.019420108774331e-06,-4.73579998514906e-06,-4.785916594772438e-06,-4.763615618800833e-06,-4.956021066809956e-06,-4.7790943296947e-06,-5.051202748317586e-06,-5.3352869625591336e-06,-5.468083028534401e-06,-5.389435972824247e-06,-5.311591989093829e-06,-5.299747450337823e-06,-5.319216750936348e-06,-5.413264252355487e-06,-3.44975137447758e-06,-4.325784464014821e-06,-4.423251150982206e-06,-4.280639257497083e-06,-4.2975913275730395e-06,-4.375101273193522e-06,-4.305368197820351e-06,-4.30430719585948e-06,-4.216717219309896e-06,-4.576032413469203e-06
0.9900120496749878,-4.2385891748020405e-06,-4.905665455372571e-06,-4.8550975896166094e-06,-5.026385422621313e-06,-5.1650454815094046e-06,-5.260025190665787e-06,-5.26020588006368e-06,-5.1318938303720785e-06,-5.1517575846263316e-06,-5.1919134844729396e-06,-4.3006574569668856e-06,-4.669151014637093e-06,-4.8490820275630135e-06,-4.908129388634419e-06,-4.991559824061637e-06,-4.866655383717303e-06,-4.711145013873975e-06,-4.881725152728749e-06,-5.05403719191264e-06,-2.8418323210349552e-06,-3.938900960659134e-06,-4.457910656223483e-06,-4.92643812115837e-06,-4.811792459790555e-06,-4.878405443416868e-06,-4.875405050307155e-06,-4.83133826397816e-06,-4.692706857985038e-06,-4.917094545126973e-06,-3.600470203741663e-06,-4.296006160983976e-06,-4.512032775189427e-06,-4.585556606996626e-06,-4.597978122303924e-06,-4.603426881920753e-06,-4.580420296953433e-06,-4.5774570771102175e-06,-4.616907332010176e-06,-1.8113786782894348e-06,-2.7932074774722417e-06,-3.6492257649030112e-06,-4.266878210362184e-06,-4.547993560463766e-06,-4.523759790339839e-06,-4.505001563279107e-06,-4.488976721735935e-06,-4.501124039264137e-06,-4.5154604811092015e-06,-2.7556101157721932e-06,-3.382449427138326e-06,-3.8681572146336955e-06,-3.9948901914196686e-06,-4.038056370883038e-06,-3.887308061852486e-06,-3.797716319282324e-06,-3.833302387964094e-06,-3.834662016364202e-06,-1.3760687625552115e-06,-2.1700172938328137e-06,-3.058199732126068e-06,-3.3064863423859635e-06,-3.3655437337681563e-06,-3.433495332473236e-06,-3.3768556414508436e-06,-3.335850167090442e-06,-3.2708239858207213e-06,-3.3887866422048465e-06,-2.0208946680947526e-06,-2.828740374721564e-06,-3.0330052991000683e-06,-3.025316454716414e-06,-3.0503660594019013e-06,-2.9482417490870967e-06,-2.9368754116892456e-06,-2.9822007144144548e-06,-3.0926161371467805e-06,-5.522752033119279e-07,-1.9837509352889784e-06,-1.8368411075582913e-06,-2.6913803915102203e-06,-2.870887273283802e-06,-2.8476266949626975e-06,-2.97318145176515e-06,-2.7007886252977085e-06,-2.6406491107804966e-06,-2.670736681727256e-06,-1.3731222958475752e-06,-2.1289568864441624e-06,-2.2174276069679407e-06,-2.303935658112647e-06,-2.2731824196586456e-06,-2.249520880562629e-06,-2.2434465207553007e-06,-2.2042555979229317e-06,-2.136736309207839e-06,1.4477423435562022e-07,-3.5842682858695396e-07,-1.2513201695128803e-06,-1.5768174158862631e-06,-1.6776360421785039e-06,-1.8740413732089097e-06,-1.8539494922984024e-06,-1.6048789179805738e-06,-1.7156352993777676e-06,-1.6544983261767993e-06,-5.139963305277062e-06,-5.594341057521811e-06,-5.714255328372583e-06,-5.729490112174386e-06,-6.238530757345111e-06,-5.879288022294727e-06,-5.995829807861452e-06,-5.907735134114826e-06,-5.897211720307845e-06,-5.498732854124684e-07,-1.060821523130277e-06,-1.2747374939093562e-06,-1.344976884271632e-06,-1.3091485422407958e-06,-1.2585053592765996e-06,-1.3017005511442863e-06,-1.1572796785260116e-06,-1.4820246156394806e-06,1.5600568744150177e-06,5.613108595874637e-07,1.5420574637333806e-07,-1.9999760235385307e-07,-2.1236256684083946e-07,-2.674445038618909e-07,-3.8747291893039275e-07,-2.3577935197329452e-07,-2.6467635379045693e-07,-3.333663307682467e-07,1.9312308618759475e-06,7.283645353047929e-07,7.207724888128674e-07,9.134297012178225e-07,8.832471299260712e-07,8.111534982038334e-07,8.510802467925474e-07,8.870403849500606e-07,1.0323995410135464e-06,-3.612678026692996e-06,-4.109346571116193e-06,-5.766659783579559e-06,-5.79858335078691e-06,-6.042064435553956e-06,-6.053454626396992e-06,-6.093074425905082e-06,-5.9323475035322696e-06,-5.778226637315802e-06,-5.989746837805258e-06,-4.878763227119184e-06,-5.738773362537326e-06,-5.912315283197928e-06,-5.994158161298923e-06,-6.036657127364856e-06,-5.913427461314371e-06,-5.83556212272873e-06,-5.937014725779259e-06,-5.980232998147035e-06,-4.407751121184051e-06,-5.353009838650916e-06,-4.797451236471172e-06,-4.9629205544954696e-06,-5.6190933479771785e-06,-5.705150322743975e-06,-5.595722076728077e-06,-5.351190793256043e-06,-5.339102147653301e-06,-5.651871540804651e-06,-4.802716143007852e-06,-5.0000854803772605e-06,-5.097430473430624e-06,-5.330934814304014e-06,-5.399270494820156e-06,-5.271185367428497e-06,-5.025997655839442e-06,-5.218167661177096e-06,-5.279863240001716e-06,-3.117184358816391e-06,-4.158111641299774e-06,-4.689998853827388e-06,-4.994086707410177e-06,-4.982755763707556e-06,-5.279965664214728e-06,-4.996797911201017e-06,-5.033558964282183e-06,-4.936510997851461e-06,-5.210666354844399e-06,-4.814480547130371e-06,-5.199969441826469e-06,-5.4069260306627944e-06,-5.497672445354236e-06,-5.520244958735768e-06,-5.568121465616854e-06,-5.437846782497115e-06,-5.4644238704969095e-06,-5.564422761551173e-06,-3.515952953582446e-06,-4.4486199280661214e-06,-4.531746434291231e-06,-4.40164873762311e-06,-4.503737097003197e-06,-4.484416777078145e-06,-4.449302852022029e-06,-4.480497010714882e-06,-4.43371272918147e-06,-4.82155281500814e-06
1.0000059604644775,-4.488895149065059e-06,-5.623392648358262e-06,-5.16559207952086e-06,-5.765064568704242e-06,-5.900973050901805e-06,-5.612526478339679e-06,-6.218130039929907e-06,-5.765451975976766e-06,-5.5820195936658334e-06,-5.796063262165033e-06,-4.520822634924295e-06,-4.903812400393455e-06,-5.154663282973998e-06,-5.3619769364939446e-06,-5.260673386018756e-06,-4.76176349854602e-06,-4.776182447786262e-06,-4.973774716901857e-06,-5.25496840409019e-06,-2.931844977148798e-06,-3.988242558007323e-06,-4.874216368601631e-06,-5.021826520540629e-06,-5.155815438529847e-06,-5.093171078587078e-06,-5.028262672579494e-06,-4.919839758502056e-06,-4.851243289905469e-06,-5.0589565740157425e-06,-3.997896660237349e-06,-4.596401134552508e-06,-4.92409440782222e-06,-5.123942202631101e-06,-5.003531880783088e-06,-4.792511901599301e-06,-4.741947127623725e-06,-4.72367851634292e-06,-4.8770909334398315e-06,-1.823484652242711e-06,-2.9357220517770826e-06,-4.24132414216073e-06,-4.473904651864666e-06,-4.60902199779282e-06,-4.684694257458779e-06,-4.5981104576946214e-06,-4.440958064858973e-06,-4.368112267680561e-06,-4.45674361698066e-06,-2.843937014581631e-06,-3.5579907770087485e-06,-4.237247342114618e-06,-4.346793327441719e-06,-4.313445060642419e-06,-4.192692989208974e-06,-3.9917119490359035e-06,-4.06319714713897e-06,-3.961882847334302e-06,-1.5973402226757704e-06,-2.3374403654043727e-06,-3.0813837888826243e-06,-3.2871243553275732e-06,-3.4930117633653785e-06,-3.4056265094135473e-06,-3.389079660298267e-06,-3.2143348213619946e-06,-3.386311222619356e-06,-3.3556766761763264e-06,-2.460875688776914e-06,-2.8921984840716798e-06,-2.8905702302873565e-06,-2.940001453315799e-06,-2.930390743863978e-06,-2.899868202558064e-06,-2.933289234049233e-06,-2.8000878033095507e-06,-3.1590400188564764e-06,-6.926840954193876e-07,-2.0576196444129287e-06,-2.259581480011514e-06,-2.7402246076765833e-06,-2.9514553492151567e-06,-3.0878312115395237e-06,-3.034383208550481e-06,-3.0104806184371787e-06,-2.906903854408823e-06,-2.935587415526563e-06,-1.427597381090583e-06,-2.16545138131986e-06,-2.324114090898488e-06,-2.4564174852643765e-06,-2.5074258757989078e-06,-2.4283728621339163e-06,-2.3517205799875376e-06,-2.3378814294469627e-06,-2.350872569339404e-06,-1.6832195279231901e-07,-4.312427864895503e-07,-1.4299753556675201e-06,-1.6679461867439007e-06,-1.723452686328507e-06,-1.388001596806885e-06,-1.476882805103276e-06,-1.7460636492347203e-06,-1.5933557446300147e-06,-1.5142884943948743e-06,-5.692535714966305e-06,-6.066904302486297e-06,-6.129074541502002e-06,-6.201523008949909e-06,-6.0254466192935416e-06,-6.04775424618807e-06,-6.16768153127721e-06,-5.9298384877982844e-06,-6.1768342078452525e-06,-4.572628866577559e-07,-9.987604671033113e-07,-1.237535394761067e-06,-1.15714975184794e-06,-1.0451203838033086e-06,-1.197558530569356e-06,-1.2405275910576648e-06,-1.0511842279622316e-06,-1.4649197001645696e-06,1.7115661928316852e-06,6.314498389890714e-07,2.5250660287899016e-07,-9.73215889948625e-08,2.4009364389415334e-08,-6.874584473034202e-08,-2.905483001566889e-07,-1.3793507233856399e-07,7.061665947120907e-08,-6.71572448270132e-08,2.209635475548841e-06,9.215094940410702e-07,1.1768302641879337e-06,1.0940422719641308e-06,9.848543219958891e-07,1.01540758337552e-06,8.892256265659733e-07,1.0331313941916053e-06,1.4093836309361579e-06,-3.7881638143938113e-06,-4.4195560959364e-06,-5.959602122847765e-06,-6.236734145333502e-06,-6.35265275739782e-06,-6.121966178885775e-06,-6.308043471463928e-06,-6.327362497155329e-06,-6.295247239564061e-06,-6.256669154340366e-06,-5.711244293786192e-06,-6.122218698251236e-06,-6.4846535886971205e-06,-6.352543754163755e-06,-6.307710278200959e-06,-6.313887511607983e-06,-6.194195058024424e-06,-6.279372601026142e-06,-6.354427079829904e-06,-4.607254991375951e-06,-5.716146203735022e-06,-5.325926705294027e-06,-5.722092847846763e-06,-5.814919455522872e-06,-5.775574321156029e-06,-5.938622307776119e-06,-5.819217749277783e-06,-5.635793419976228e-06,-5.8790366533591765e-06,-4.934795563050447e-06,-5.308636390848774e-06,-5.536016561894784e-06,-5.587019577764575e-06,-5.64748020603069e-06,-5.566932496303853e-06,-5.392239354811704e-06,-5.315567731062448e-06,-5.459055065758895e-06,-3.513561227772979e-06,-3.901834108927254e-06,-4.913187577296469e-06,-5.285843642041157e-06,-5.028917267198844e-06,-5.059865916958506e-06,-5.0612203684240155e-06,-4.987131064364634e-06,-4.80101063066482e-06,-5.033953777447259e-06,-5.045852889722167e-06,-5.354506691768844e-06,-5.473853153556675e-06,-5.447280163963439e-06,-5.414441933074987e-06,-5.150865354328494e-06,-5.276160617284151e-06,-5.101710683865372e-06,-5.801822242397544e-06,-3.860139149565359e-06,-4.556974535367595e-06,-4.725558929983357e-06,-4.724321498810355e-06,-4.629435441838914e-06,-4.817506573256538e-06,-4.653777568080081e-06,-4.442320749088533e-06,-4.495132025072781e-06,-4.875591060443387e-06
1.0100020170211792,-4.544852455395565e-06,-5.339341760633198e-06,-5.2523487313791425e-06,-5.42435511571606e-06,-6.108851853115522e-06,-6.02951302951952e-06,-5.994012631915184e-06,-5.5528568425392345e-06,-5.681483031498404e-06,-5.819799291597786e-06,-4.803592087532262e-06,-5.079186740196644e-06,-5.27669024645442e-06,-5.279490464759623e-06,-5.198923988644863e-06,-5.090148036388492e-06,-5.089477551455997e-06,-5.11603892889732e-06,-5.292725082357443e-06,-3.3835040298328176e-06,-3.939889072099864e-06,-4.8804533524621576e-06,-5.30672049363577e-06,-5.103692838651061e-06,-5.2133887034250015e-06,-5.198223304927205e-06,-5.163739599756699e-06,-5.206754677441448e-06,-5.167173201629767e-06,-4.321303503560606e-06,-4.681509831514243e-06,-5.10549584992905e-06,-5.04364392048934e-06,-4.925017124512697e-06,-4.894127578089712e-06,-4.825710720362977e-06,-4.995668548537779e-06,-5.099336016774429e-06,-2.4187748972884528e-06,-3.2296152988018253e-06,-4.353534523161668e-06,-4.718894022146879e-06,-4.6142751483738465e-06,-4.591697925419866e-06,-4.595139616253247e-06,-4.539852471296824e-06,-4.580435252542275e-06,-4.629454280128706e-06,-3.0288559320922272e-06,-4.0053536031166036e-06,-4.196783630364952e-06,-4.412920721792793e-06,-4.367689053277058e-06,-4.2026440281843045e-06,-4.192834420186156e-06,-4.109668619589398e-06,-4.097440915771166e-06,-1.788009420292677e-06,-2.615404544176033e-06,-3.234764874739929e-06,-3.712684377566213e-06,-3.726243632104539e-06,-3.8059531457884206e-06,-3.7583430712845316e-06,-3.681592355478895e-06,-3.662234790385475e-06,-3.6653325386264054e-06,-2.8012234573863646e-06,-2.9987602901606247e-06,-3.1744346045631026e-06,-3.1251855628963448e-06,-3.196195022280285e-06,-3.0656846628080006e-06,-3.0569017236280664e-06,-3.021400822710644e-06,-3.4081561250331256e-06,-9.985495429693193e-07,-2.2929187278493224e-06,-2.839706308583991e-06,-3.1551180954371306e-06,-3.1710576973140847e-06,-3.328897651776219e-06,-3.2713051890819246e-06,-3.289792382045817e-06,-3.4149645849519327e-06,-3.207285921591792e-06,-1.7702704741330755e-06,-2.5135609207840404e-06,-2.748410599560989e-06,-2.67076475940727e-06,-2.69783502232953e-06,-2.615763855793074e-06,-2.6028408788728583e-06,-2.5457224831792258e-06,-2.489912467828261e-06,-1.653338549022791e-07,-6.823525877019335e-07,-1.7848453066262566e-06,-1.7841617715044589e-06,-1.8638316672582811e-06,-1.8429571524744252e-06,-1.8397891201561205e-06,-1.7625355945775147e-06,-1.6432766014138524e-06,-1.8354310040458385e-06,-5.561434807464872e-06,-5.587127142961252e-06,-6.2365488542159645e-06,-6.209514901737769e-06,-6.303572900829846e-06,-6.001060740764822e-06,-5.897924627343308e-06,-6.010196736099157e-06,-6.11192824650123e-06,-1.0197318696562325e-06,-1.2791324597277246e-06,-1.34844241057473e-06,-1.4998417910330289e-06,-1.5217680863630013e-06,-1.4027917034971588e-06,-1.392272711655149e-06,-1.5222007199114002e-06,-1.5477940465335662e-06,1.2718891373025658e-06,3.192565595665807e-07,5.7091270713387604e-08,-2.478807961087965e-07,-4.84193695904244e-07,-4.034143902559524e-07,-5.099805823589327e-07,-3.3374219779072585e-07,-2.5679015675066696e-07,-2.565839421891233e-07,2.2531014498568252e-06,1.3682806396653328e-06,1.0281936052099265e-06,1.1729161780723566e-06,9.451434228192232e-07,8.706857295317844e-07,1.4047926965726403e-06,1.5152424524476224e-06,1.3324850129850902e-06,-3.787942913875435e-06,-4.386018996852492e-06,-5.869411941018283e-06,-6.0955523081296e-06,-6.2893924141395894e-06,-6.195454203561995e-06,-5.9657291687499226e-06,-6.25370219559994e-06,-6.150540844622254e-06,-6.247663948506537e-06,-5.7873118699303135e-06,-6.06835190282366e-06,-6.2367729004411285e-06,-6.3062378717186385e-06,-6.362527544440614e-06,-6.282302026990723e-06,-6.263210786421694e-06,-6.322888115722169e-06,-6.491757349593703e-06,-5.0509438656366795e-06,-5.586846977326993e-06,-5.535299017188743e-06,-5.735434383524436e-06,-6.201214549930026e-06,-6.216956026205749e-06,-5.9669058428432495e-06,-5.7814199431412125e-06,-5.641902742067569e-06,-5.884961007891393e-06,-4.987436036143849e-06,-5.453566975819484e-06,-5.750659172966388e-06,-5.716115717342381e-06,-5.768886368770398e-06,-5.564840583314469e-06,-5.551538521763117e-06,-5.691516146457697e-06,-5.782186992284361e-06,-3.698792181421462e-06,-4.478975315501064e-06,-5.111300631652393e-06,-5.494720586006392e-06,-5.351057774797586e-06,-5.404460156050471e-06,-5.312432809555018e-06,-5.312484542950078e-06,-5.3314059513034966e-06,-5.398196208988906e-06,-5.3054146118830655e-06,-5.517079047522612e-06,-5.969499415175693e-06,-5.606692863966691e-06,-5.6673211673923314e-06,-5.844121465070183e-06,-5.665627734563363e-06,-5.8719105309812e-06,-5.987006369953557e-06,-4.111406451822743e-06,-4.486785925700608e-06,-4.905488001558802e-06,-4.806257813390683e-06,-4.950848194666155e-06,-4.905105591466204e-06,-4.790550850012291e-06,-4.795612921375291e-06,-4.798701394275065e-06,-4.996426753750986e-06
1.0200124979019165,-4.798570101461473e-06,-5.119045685322479e-06,-5.385139153057659e-06,-5.863315021999419e-06,-6.013870058804926e-06,-6.044123345585268e-06,-5.3940824873328385e-06,-5.855582910665832e-06,-5.7804433719505265e-06,-5.868279630378398e-06,-4.401910891839075e-06,-4.841646727146459e-06,-4.779245970737341e-06,-4.93594340449413e-06,-4.850606598851609e-06,-4.7797978535362e-06,-4.570946147127139e-06,-4.779208689618038e-06,-5.126004276344669e-06,-3.311146158740401e-06,-4.126815112320311e-06,-4.561270348508011e-06,-5.068799580432246e-06,-4.747176227029425e-06,-4.859661992190305e-06,-4.953267045455867e-06,-4.9819270587113664e-06,-4.845352154036932e-06,-5.039378989201847e-06,-3.7109955824078243e-06,-4.454248442356541e-06,-4.7936972398678956e-06,-4.770177455307473e-06,-4.715668540234895e-06,-4.696308170968567e-06,-4.803464569566816e-06,-4.784068752678856e-06,-4.834563494233601e-06,-2.007404708983096e-06,-3.2113049125348773e-06,-3.923993222510462e-06,-4.712096922723443e-06,-4.6586471581386e-06,-4.636672293095823e-06,-4.581728767173437e-06,-4.57093442712242e-06,-4.594590178117948e-06,-4.571949465813255e-06,-3.064836148846781e-06,-3.8045652959045583e-06,-4.0462714111226955e-06,-3.923910032047524e-06,-4.112412970142049e-06,-3.999047198001137e-06,-3.931055747684922e-06,-3.87576029806258e-06,-4.094781661080994e-06,-2.003593514442682e-06,-2.6270125976834614e-06,-3.2714889522847366e-06,-3.5415292394615548e-06,-3.449259403911428e-06,-3.6284225767736363e-06,-3.541047101476049e-06,-3.481719107408232e-06,-3.48330022951714e-06,-3.641589390908578e-06,-2.5548404131688645e-06,-2.9688321076829398e-06,-3.136938354866949e-06,-3.2009269022833652e-06,-3.1220226176353024e-06,-3.144424561807064e-06,-3.0635076719316053e-06,-3.117730417563826e-06,-3.3340663176606587e-06,-1.0159384708285042e-06,-2.1984297489518434e-06,-2.582742113358353e-06,-2.8293398385825232e-06,-3.4965114430564586e-06,-3.2058281830908376e-06,-3.0069793389295034e-06,-2.7263846302645104e-06,-2.9635997367421794e-06,-3.035881068294581e-06,-1.6852413725408078e-06,-2.4213672113381796e-06,-2.6410194952854314e-06,-2.6353615192040096e-06,-2.5709500809425035e-06,-2.6696028791235793e-06,-2.662533595173392e-06,-2.634313819088984e-06,-2.5575662849410697e-06,-6.137960605938176e-08,-5.899503089083048e-07,-1.4334046793793569e-06,-1.7259966463710379e-06,-1.9724765064557345e-06,-2.1127566402905007e-06,-1.9386379048578134e-06,-1.9018892188981902e-06,-1.6500221112459677e-06,-1.7428867909619423e-06,-5.806564242588748e-06,-5.81727625499926e-06,-6.106868799556464e-06,-6.1922221426289565e-06,-6.0996918425567955e-06,-6.392977267128257e-06,-6.008590592139686e-06,-5.999095159360038e-06,-6.087235275088147e-06,-8.2431905405606e-07,-1.2802049120613039e-06,-1.4929692665485543e-06,-1.4862158834617356e-06,-1.434074517195027e-06,-1.6038191922778848e-06,-1.4035092122522652e-06,-1.3158620916919467e-06,-1.5595968822052983e-06,1.116166441238792e-06,3.475530729211444e-07,-1.2897599155397797e-07,-3.751979755839407e-07,-2.500903765075131e-07,-3.5603799682773186e-07,-1.9978624680864463e-07,-1.0886920898102999e-07,-3.3827485568906507e-07,-2.0803770534517168e-07,1.826487813574398e-06,8.427830946179934e-07,5.964326938492173e-07,5.232575861087855e-07,6.446293797549034e-07,8.310236157735312e-07,6.34207059976351e-07,9.32231464860499e-07,9.4981672077418e-07,-4.117720730192913e-06,-4.368785341080355e-06,-6.020748191635217e-06,-5.96796359124453e-06,-6.1826064899236115e-06,-6.150441548140562e-06,-6.194889054868223e-06,-6.013542689593382e-06,-6.035925022530254e-06,-6.347022122002252e-06,-5.638169489153625e-06,-5.93017211247247e-06,-5.930080437588938e-06,-5.990981968118437e-06,-6.0292690664765215e-06,-6.124607278353915e-06,-5.99768365376113e-06,-6.178536268898553e-06,-6.491531002508717e-06,-4.848411722385192e-06,-5.592628534746509e-06,-5.531994407269444e-06,-5.881492821219126e-06,-6.0769865264224145e-06,-6.149973682676139e-06,-5.98040333367573e-06,-5.854633374578054e-06,-5.9333734713072585e-06,-6.021512652311066e-06,-4.9966504764177375e-06,-5.110993970179247e-06,-5.576002557623914e-06,-5.730141974522697e-06,-5.491792993539483e-06,-5.71763809562396e-06,-5.6711735976548664e-06,-5.765895322903711e-06,-5.760850975351528e-06,-3.67311728212842e-06,-4.07220745800553e-06,-4.896532767524231e-06,-5.205798382577943e-06,-5.306581075910933e-06,-5.1529674773833384e-06,-5.2188434308969945e-06,-4.977219679270297e-06,-5.226426669409914e-06,-5.3766549122188314e-06,-5.178222505709806e-06,-5.443460880462712e-06,-5.584675864428425e-06,-5.598529772827701e-06,-5.545648823931969e-06,-5.472427339485751e-06,-5.511771035815204e-06,-5.5334310425717184e-06,-5.698184469632972e-06,-3.989702902951045e-06,-4.486440113659554e-06,-4.6456832510792075e-06,-4.5452218872007294e-06,-4.763416450622494e-06,-4.651956868942212e-06,-4.500624716731836e-06,-4.511915467289442e-06,-4.479134326485322e-06,-4.905570688708654e-06
1.0300085544586182,-4.89351540557333e-06,-5.600385344372248e-06,-5.606633616826275e-06,-6.001758188898356e-06,-5.895426972104694e-06,-6.131530709361951e-06,-6.032442814993447e-06,-5.97284371492692e-06,-5.799296042116765e-06,-6.242872192221684e-06,-4.736579257610012e-06,-5.154627403941149e-06,-5.2489804164035224e-06,-5.293752056758604e-06,-5.272079395273069e-06,-5.062350342253143e-06,-4.978247624346695e-06,-5.153321090777228e-06,-5.3939045302059834e-06,-3.6059616011670677e-06,-4.384736411305485e-06,-4.945194011408346e-06,-5.297784816909686e-06,-5.10493832283344e-06,-5.0949730472879595e-06,-5.155729875305218e-06,-5.056410600720867e-06,-5.073418053211757e-06,-5.2040292370804585e-06,-4.3530133065101225e-06,-4.815958166498225e-06,-5.085034663041649e-06,-5.024151395586987e-06,-4.970427001811831e-06,-5.063007381536053e-06,-5.0631562184057875e-06,-4.983809701309756e-06,-5.1068541481445736e-06,-2.4549307882855063e-06,-3.368084008839879e-06,-4.388626050785454e-06,-4.643567754276648e-06,-4.600890327770773e-06,-4.642311700519463e-06,-4.597075070774736e-06,-4.595704117830192e-06,-4.626778811566976e-06,-4.5853762771080784e-06,-3.153547794559573e-06,-4.0533477414560875e-06,-4.2546378518149305e-06,-4.2195304338779985e-06,-4.356334669565e-06,-4.3310262900514115e-06,-4.212467333488582e-06,-4.208355840790467e-06,-4.083613323456104e-06,-1.7771242681805623e-06,-2.784680526922969e-06,-3.228724272860301e-06,-3.647106169693894e-06,-3.644079820009314e-06,-3.6164122323067108e-06,-3.756279164073293e-06,-3.665721455838187e-06,-3.5527981318508524e-06,-3.662229757254614e-06,-2.7274842974556714e-06,-2.962607814502369e-06,-3.0650781525638364e-06,-3.0199145391675228e-06,-3.071591455308607e-06,-3.0883465322377744e-06,-2.9420850436637962e-06,-3.0651202870593263e-06,-3.324380614559015e-06,-1.124655499502872e-06,-2.160774524222366e-06,-2.601365955825109e-06,-3.1430670904630385e-06,-3.3430937771230785e-06,-3.2155076846562416e-06,-3.1686552761015396e-06,-2.724538262159252e-06,-2.7938814855963393e-06,-3.1030617171800956e-06,-1.8120008811166029e-06,-2.2707840249507885e-06,-2.474096429313933e-06,-2.4292947160019605e-06,-2.5866062995765415e-06,-2.41067784801654e-06,-2.2425764002823155e-06,-2.4882867306093685e-06,-2.4085653351415623e-06,-1.3485170447152048e-07,-4.514481465254954e-07,-1.4840883790469805e-06,-1.7315793591706272e-06,-1.5041692409959966e-06,-1.6705421138625668e-06,-1.715674306141937e-06,-1.6413781404041872e-06,-1.6256940418202752e-06,-1.6043845566772635e-06,-5.930047578434606e-06,-5.934257289086371e-06,-6.340609122365345e-06,-6.307391321508139e-06,-6.400508772246117e-06,-6.19550582910425e-06,-6.084162620599651e-06,-6.244060011104774e-06,-6.249746873762241e-06,-6.779606058111465e-07,-1.1902324131415413e-06,-1.2029821245318822e-06,-1.4344639736708294e-06,-1.2719734062935454e-06,-1.3810295960860448e-06,-1.2650850993487294e-06,-1.1983276648667176e-06,-1.2656055969815797e-06,1.3659278666936336e-06,5.003691359129495e-07,7.189378047613923e-08,-9.377301603256525e-08,-1.1547321593409452e-07,-9.497622191571501e-08,-2.1196300815238102e-07,-1.5270012122733914e-07,-2.0399541819638922e-07,-2.7122140121058347e-08,2.6486984891129727e-06,1.1105576280605974e-06,1.1996304907899713e-06,1.118712809993949e-06,1.1980749657465832e-06,9.849663451084711e-07,1.148928743753119e-06,1.1293578817640156e-06,1.3704749409167944e-06,-4.004306100731719e-06,-4.483758371659715e-06,-6.138110880845297e-06,-6.238603234429503e-06,-6.32759085749266e-06,-6.468538366504068e-06,-6.3264345316283825e-06,-6.272460674317217e-06,-6.342129990707666e-06,-6.4690828074594404e-06,-6.055718241050591e-06,-6.362541996716371e-06,-6.331332774581871e-06,-6.645838382174504e-06,-6.442200567925757e-06,-6.455357603406455e-06,-6.474112630833998e-06,-6.551542028385246e-06,-6.857565444342328e-06,-5.139949895578412e-06,-5.676161753896086e-06,-5.890405848856339e-06,-6.251837995831062e-06,-6.396035828850345e-06,-6.508743015818154e-06,-6.289024276568074e-06,-6.000143488616422e-06,-6.072826715668038e-06,-6.28597563730397e-06,-5.135301763277758e-06,-5.5603879162458775e-06,-5.852029016965197e-06,-5.998675252442529e-06,-5.779576091601384e-06,-5.808073966141305e-06,-5.765503457715282e-06,-5.8125915605979976e-06,-5.931802774969419e-06,-3.781604260771526e-06,-4.7386487551915995e-06,-5.234119162813442e-06,-5.548471619424175e-06,-5.337280262134585e-06,-5.4923499094692025e-06,-5.390001229370822e-06,-5.471897782217351e-06,-5.47670740611676e-06,-5.409555841537432e-06,-5.393635113901205e-06,-5.665329054197724e-06,-5.9436322862347126e-06,-5.770766962165509e-06,-5.709149073310814e-06,-5.67887953670798e-06,-5.630960895331404e-06,-5.706483814814544e-06,-5.999185971421136e-06,-4.2776692788781405e-06,-4.706248658344558e-06,-5.001774023879106e-06,-4.888583872054292e-06,-4.883380549468785e-06,-4.903572643609819e-06,-4.8669386770828825e-06,-4.867895511210407e-06,-4.902282544317455e-06,-5.225767113561573e-06
1.0400046110153198,-5.0765861933828665e-06,-5.5281141869343714e-06,-5.8861399828445425e-06,-5.8145572139046506e-06,-6.274763547391527e-06,-6.367304129431017e-06,-6.0527113048707575e-06,-6.0215979279282175e-06,-6.217809141886612e-06,-6.395385045030074e-06,-4.9560887624200305e-06,-5.341130499390103e-06,-5.418792643292716e-06,-5.44661277081133e-06,-5.362562792926112e-06,-5.1812134796746235e-06,-5.1431446394412124e-06,-5.28890551124924e-06,-5.5935878854394645e-06,-3.7289215093788956e-06,-4.5396312292445674e-06,-5.021752605418849e-06,-5.381689337313032e-06,-5.250002141968215e-06,-5.1632283774650066e-06,-5.262494660371581e-06,-5.223880839918777e-06,-5.247911379408742e-06,-5.333945705086666e-06,-4.528416478962956e-06,-4.912266406496184e-06,-5.194902373283543e-06,-5.079978811190355e-06,-5.184374717266266e-06,-5.1039446389978276e-06,-5.097702550104572e-06,-5.079118649126288e-06,-5.2444439836570385e-06,-2.5756610015506426e-06,-3.658167229729585e-06,-4.529053098114946e-06,-4.803948828657471e-06,-4.729324898247895e-06,-4.743189915485999e-06,-4.717672696992632e-06,-4.7095990158282865e-06,-4.658401541352605e-06,-4.779030948196791e-06,-3.3281454144181752e-06,-4.19464174557631e-06,-4.371450923135038e-06,-4.412063399852567e-06,-4.419510096715427e-06,-4.3341599173251905e-06,-4.393380202392591e-06,-4.343853871166352e-06,-4.275642365178727e-06,-1.9443832596860674e-06,-2.899957450753502e-06,-3.3186144621150263e-06,-3.759124392948763e-06,-3.7006083866924917e-06,-3.7846818045871455e-06,-3.852176125378076e-06,-3.85125646451705e-06,-3.6313018152333497e-06,-3.791073089859482e-06,-2.890301173491926e-06,-3.0771466476676695e-06,-3.1279696392318584e-06,-3.0906667336626197e-06,-3.1924134872610137e-06,-3.115845114596268e-06,-3.0911695434355887e-06,-3.109986370519912e-06,-3.4864044129753852e-06,-1.1805927811627393e-06,-2.20308712064272e-06,-2.6435435744610634e-06,-3.1142692772747633e-06,-3.3488800081641073e-06,-3.4806131488034955e-06,-3.367630361970137e-06,-3.3380869982976752e-06,-3.3508863219779273e-06,-3.4090070477069715e-06,-1.8409473154690028e-06,-2.3129307797092875e-06,-2.4992549473561495e-06,-2.58442758305528e-06,-2.515266936440159e-06,-2.468677131488106e-06,-2.4866879745669815e-06,-2.3735392382189636e-06,-2.4111902387136115e-06,-2.646261662855903e-07,-7.405805191183071e-07,-1.51574098405936e-06,-1.8750596474838687e-06,-1.8166378326765596e-06,-1.7635214770602925e-06,-1.883188621185811e-06,-1.7328093485001416e-06,-1.5944312527930452e-06,-1.8846328780862461e-06,-5.9780276959095495e-06,-6.2552184622226165e-06,-6.361600657441709e-06,-6.275146928159362e-06,-6.413179391580078e-06,-6.2591619202518585e-06,-6.3159387281392665e-06,-6.4608661494277205e-06,-6.210672953246913e-06,-6.182958233868896e-07,-1.2357674715953637e-06,-1.4841282845845178e-06,-1.4373912066283914e-06,-1.3374752184295884e-06,-1.2999410045463724e-06,-1.1067485546253321e-06,-1.4455726686950222e-06,-1.4461602148211221e-06,1.4079490448371618e-06,6.714724327697439e-07,-6.039577277988399e-09,-1.9386200012923242e-07,3.5441114512986204e-08,-1.1666995064899466e-07,-1.523820273569521e-07,-1.025973167628926e-07,-9.74605753084832e-08,4.5136758048077946e-09,2.2453688352101517e-06,9.837728459776953e-07,1.1224994500459504e-06,1.0372098120297796e-06,1.0400441837229645e-06,9.54930058170088e-07,1.1028099859232114e-06,9.177347896993954e-07,1.2130987175615907e-06,-4.133159751254851e-06,-4.573955635823336e-06,-6.276184759742808e-06,-6.274988815948472e-06,-6.506036917060044e-06,-6.401458380235764e-06,-6.34287324033203e-06,-6.379985030732307e-06,-6.401940122760988e-06,-6.590380038866953e-06,-6.4366927409231855e-06,-6.496417453555619e-06,-6.632167176425466e-06,-6.546418229267334e-06,-6.646695955771273e-06,-6.597046995906708e-06,-6.570089834625072e-06,-6.609050150186691e-06,-6.942035472948794e-06,-5.491294461927745e-06,-5.890494216253876e-06,-6.0543236323910005e-06,-6.400691762503833e-06,-6.431365028103553e-06,-6.374691974613742e-06,-6.390960419690565e-06,-6.248481832271376e-06,-6.315636812189503e-06,-6.387909335762898e-06,-5.42863360050594e-06,-5.735822222208177e-06,-5.945666462022939e-06,-5.936298007944717e-06,-5.977081395405897e-06,-5.845348470472117e-06,-5.8643550106389485e-06,-5.96843692125103e-06,-6.04227316668093e-06,-3.9515118834659945e-06,-4.767197446377744e-06,-5.353177909270724e-06,-5.597942837867491e-06,-5.51499324619213e-06,-5.541288766471212e-06,-5.444946301183401e-06,-5.494401126000486e-06,-5.5289452646922525e-06,-5.872653636801826e-06,-5.522037688046427e-06,-5.898118043372092e-06,-6.075247579710094e-06,-5.806499315200647e-06,-5.807890975883589e-06,-5.745246831646429e-06,-5.7761545692423816e-06,-5.83306518650881e-06,-6.214775530113219e-06,-4.400883773634176e-06,-4.940800807185778e-06,-5.087208112750974e-06,-5.149951337764218e-06,-5.0318481671517466e-06,-5.0381230792484005e-06,-4.9616181240324974e-06,-4.908247020092818e-06,-5.044444188296168e-06,-5.395086309332041e-06
1.0500006675720215,-5.167190961391518e-06,-5.395066823925424e-06,-5.716306185394519e-06,-6.148025573425628e-06,-6.112307672666246e-06,-6.125575437025877e-06,-6.171385196571881e-06,-6.288779234997035e-06,-6.110617187813925e-06,-6.2083206835883e-06,-4.7405703146768205e-06,-5.188872754414472e-06,-5.243323896334957e-06,-5.374479377355293e-06,-5.331146781015113e-06,-5.089527199696843e-06,-4.956788834971799e-06,-5.127091756168961e-06,-5.6270157116572955e-06,-3.794038574611584e-06,-4.371575205516359e-06,-4.971945820950872e-06,-5.25149942649736e-06,-5.126572373015087e-06,-5.173621073673351e-06,-5.1683334820968636e-06,-5.198748979494654e-06,-5.242171381269761e-06,-5.293092285204655e-06,-4.383338279454293e-06,-4.870440657633784e-06,-4.845216654963979e-06,-4.946237451337608e-06,-5.006926224235444e-06,-4.98797490470434e-06,-4.884249267855316e-06,-4.9394536537600175e-06,-5.101658950470312e-06,-2.396668343971803e-06,-3.648500742402549e-06,-4.433681128309853e-06,-4.574280883929732e-06,-4.598142705683064e-06,-4.540871464590477e-06,-4.487900278848602e-06,-4.522953662530652e-06,-4.505412698168544e-06,-4.621051719813559e-06,-3.3691853117985696e-06,-4.066930867415066e-06,-4.277028561319593e-06,-4.244309399926927e-06,-4.232101073662508e-06,-4.208038214282232e-06,-4.208414512715927e-06,-4.204378121520439e-06,-4.1804323902854745e-06,-1.8366412922631276e-06,-3.0356908159480525e-06,-3.159105916919815e-06,-3.59853987222837e-06,-3.702085718452868e-06,-3.542458822780564e-06,-3.6987628814096666e-06,-3.695532402317756e-06,-3.4033682514492223e-06,-3.885515907756782e-06,-2.7568198827009294e-06,-2.9309114751779044e-06,-2.9173883513289707e-06,-2.9545358410074227e-06,-2.9614951510483074e-06,-2.947487085040959e-06,-2.990535219610181e-06,-2.9080171290287747e-06,-3.3544273991703358e-06,-1.1121438911531698e-06,-2.095327824869246e-06,-2.5452599025022067e-06,-3.03774267959616e-06,-3.0552237676764955e-06,-3.2165229031017496e-06,-3.1652898012497622e-06,-3.27786637847174e-06,-3.2358231264542945e-06,-3.257919685411092e-06,-1.665510421039404e-06,-2.3044012946191173e-06,-2.4129499830416668e-06,-2.373110703077122e-06,-2.3704058805771944e-06,-2.2885447214258946e-06,-2.3316690360257845e-06,-2.3181310644408115e-06,-2.3783680059911093e-06,-2.1186914026183176e-07,-4.1381165223300615e-07,-1.4845468613174419e-06,-1.5600644600622435e-06,-1.514792886008971e-06,-1.5434027117596044e-06,-1.625083954458107e-06,-1.5425653425881474e-06,-1.5622015993275032e-06,-1.586022472966191e-06,-5.866194404262871e-06,-6.114015989182186e-06,-6.139510810243225e-06,-6.067921642036953e-06,-6.250066621375626e-06,-6.17006097984247e-06,-6.128366020480575e-06,-6.051350058678588e-06,-6.003905969640292e-06,-4.2495960567791113e-07,-1.0906403788154843e-06,-1.2890898979694355e-06,-1.1923429127641747e-06,-1.2080407805560835e-06,-1.1962596592489211e-06,-1.0738543121805892e-06,-1.1090954675946727e-06,-1.3482601752866435e-06,1.601218393807564e-06,7.154525773460689e-07,3.0167522230478375e-07,9.142092612862511e-08,4.778174021716848e-08,-6.123465189059793e-08,-4.037419392221723e-08,-1.0146719913002498e-07,-2.0192065380286556e-07,-6.780238435053165e-08,2.3671084788203063e-06,9.608060586951086e-07,7.503577712752103e-07,8.791407782116207e-07,7.742917465545217e-07,8.434903933076397e-07,9.129867138002246e-07,8.876084456695433e-07,1.0452653020211577e-06,-4.100286468205048e-06,-4.477926698637202e-06,-6.078221800539333e-06,-6.336063270473965e-06,-6.417834606214871e-06,-6.275038643943991e-06,-6.442533042170032e-06,-6.490871662365985e-06,-6.440140219857055e-06,-6.583435396807434e-06,-6.26211413910905e-06,-6.346263772985306e-06,-6.346302456191063e-06,-6.477386610556917e-06,-6.488500194908232e-06,-6.4880567760794175e-06,-6.614221548342168e-06,-6.616219341784461e-06,-7.027306775988258e-06,-5.337656488666412e-06,-5.825611658968354e-06,-6.030614781864895e-06,-6.3411514781665046e-06,-6.323212608858935e-06,-6.357434591224692e-06,-6.282303824537459e-06,-6.1687901143001805e-06,-6.297534869442051e-06,-6.4023869209776665e-06,-5.34582673404141e-06,-5.543869612172764e-06,-5.8029329824765996e-06,-5.818692146612202e-06,-5.842506620984511e-06,-5.8755837817851e-06,-5.734475068782415e-06,-5.828798817183929e-06,-5.908478599444798e-06,-3.7418544626834953e-06,-4.7116966270408235e-06,-5.296356234616788e-06,-5.493521514480735e-06,-5.421467213081079e-06,-5.503942108614421e-06,-5.308667308652631e-06,-5.446361150219237e-06,-5.306438710209449e-06,-5.607088827561677e-06,-5.31320712078698e-06,-5.750356897507278e-06,-5.836316517142857e-06,-5.6839163345638725e-06,-5.6977194083414565e-06,-5.654827714264662e-06,-5.634638819756817e-06,-5.651119087740998e-06,-5.995420326715011e-06,-4.270727782525408e-06,-4.803364805722974e-06,-4.931290706424767e-06,-4.962777254069683e-06,-4.928200615732931e-06,-5.029879242310034e-06,-4.765592129289771e-06,-4.838803223915856e-06,-4.825241309008361e-06,-5.3478753980563285e-06
1.0600111484527588,-5.075433822121408e-06,-5.576179436222728e-06,-5.958379072048651e-06,-6.379330723720435e-06,-6.290938448136212e-06,-6.273761163429714e-06,-6.301551379770641e-06,-6.2249418792365774e-06,-6.356528124356707e-06,-6.364310710802639e-06,-4.869593833366497e-06,-5.253406983093509e-06,-5.345134858302758e-06,-5.376770746130493e-06,-5.2719975709456496e-06,-5.16937818030884e-06,-5.014847653191258e-06,-5.258393233935187e-06,-5.669085639268302e-06,-3.843813704281542e-06,-4.568208411546477e-06,-5.059070035165714e-06,-5.300620770443999e-06,-5.17753174445013e-06,-5.210959031403941e-06,-5.193995043593124e-06,-5.099786697692057e-06,-5.069422502278109e-06,-5.299520384234143e-06,-4.36627060914775e-06,-4.94741470064589e-06,-5.032734141986943e-06,-4.9012032972572144e-06,-4.971702145515352e-06,-5.056672683034963e-06,-4.886705076205918e-06,-4.995025098708192e-06,-5.223260398687411e-06,-2.5573084088863358e-06,-3.5889503199016303e-06,-4.443741062666446e-06,-4.738960108261727e-06,-4.647092168210815e-06,-4.749941321271408e-06,-4.616877528685295e-06,-4.612394878537149e-06,-4.60710110339989e-06,-4.68195227966782e-06,-3.5246554525459475e-06,-4.141270713538499e-06,-4.289634253265452e-06,-4.323094327471725e-06,-4.278548566839479e-06,-4.20861386064894e-06,-4.307811441319269e-06,-4.22290486051252e-06,-4.244634108769302e-06,-1.8358189505823828e-06,-2.918944469562782e-06,-3.244836295420164e-06,-3.655766965573123e-06,-3.6255063088511638e-06,-3.6191321362237525e-06,-3.6240733045932952e-06,-3.698830577019741e-06,-3.511932165092625e-06,-3.924710695314633e-06,-2.787212263647696e-06,-2.969827535138885e-06,-3.058569505465112e-06,-3.0586655663626795e-06,-3.0730418957698137e-06,-3.0264429413048744e-06,-3.03284846314736e-06,-3.030503473553027e-06,-3.446851482205871e-06,-1.1299268772078009e-06,-2.0558413673780263e-06,-2.6287672369787867e-06,-3.132273972743802e-06,-3.381284491025184e-06,-3.327070876930382e-06,-3.4191432699470364e-06,-3.3006743704756763e-06,-2.942225899426022e-06,-3.1965799848892476e-06,-1.83275654211028e-06,-2.263072944914011e-06,-2.4449134737620223e-06,-2.4298331711267027e-06,-2.5462117034988716e-06,-2.415725359250979e-06,-2.3300942233059198e-06,-2.2761366877191156e-06,-2.3022112895043543e-06,-1.8851217748474806e-07,-4.2751830560367673e-07,-1.3508771516775873e-06,-1.6281490952012479e-06,-1.5776334302024975e-06,-1.646774088097915e-06,-1.739762834489602e-06,-1.6825123011354126e-06,-1.741477981683139e-06,-1.555527416149869e-06,-5.973524194219267e-06,-6.1232086431896365e-06,-6.400437373689767e-06,-6.24955058165868e-06,-6.233180251632867e-06,-6.126598816333566e-06,-6.1654323688993685e-06,-6.1435345107587575e-06,-6.385312168336984e-06,-5.524316258288869e-07,-1.0886604170368126e-06,-1.1518528489793609e-06,-1.1992138913584567e-06,-1.0727591748072025e-06,-1.1791460076968737e-06,-1.3034952937072895e-06,-1.187106047956575e-06,-1.377757701517339e-06,1.4326725745447547e-06,3.722150546284999e-07,1.5309432322652426e-07,-2.1665607912143297e-07,-2.7913995409161973e-07,-2.3388822495431184e-07,-2.440551492926258e-07,-7.734268389670722e-08,-1.6649942015677842e-07,-4.984201638400078e-08,2.458452685654243e-06,1.1417673175572487e-06,9.648268831358642e-07,1.0314277872481126e-06,8.180344711579669e-07,7.662324817149984e-07,8.583840746408368e-07,1.0424468206411184e-06,1.0505015556628672e-06,-4.299439403347697e-06,-4.608825633787389e-06,-6.193042471057356e-06,-6.323730446122616e-06,-6.4630279510341965e-06,-6.516364398272809e-06,-6.3068923225342495e-06,-6.453747432942295e-06,-6.567797890634916e-06,-6.62865275685115e-06,-6.370170281750492e-06,-6.307574671275202e-06,-6.582732196524345e-06,-6.820074227777036e-06,-6.603496593595159e-06,-6.337599453914474e-06,-6.607331192194073e-06,-6.744453737457071e-06,-7.205164606361783e-06,-5.414917887499721e-06,-6.0784994496081615e-06,-6.22400758634512e-06,-6.41454933789845e-06,-6.44267986578742e-06,-6.4511491869883395e-06,-6.495517170248405e-06,-6.2711811086487254e-06,-6.2536356144688424e-06,-6.3985383015142106e-06,-5.526527528381517e-06,-5.776662843557427e-06,-5.997635479508608e-06,-5.9542460087897055e-06,-5.93200934904031e-06,-5.8984073045928345e-06,-5.883703587998689e-06,-5.905439810736806e-06,-6.063986812232044e-06,-3.6463032055669626e-06,-4.91264155449997e-06,-5.3405049171750714e-06,-5.576595172831809e-06,-5.444000827551246e-06,-5.592051486293346e-06,-5.499675775240474e-06,-5.566735089721316e-06,-5.6404837227233065e-06,-5.777275806994374e-06,-5.5205606079425944e-06,-5.732669325233388e-06,-5.923239334221408e-06,-5.712331018640855e-06,-5.749699211107542e-06,-5.684196823756544e-06,-5.735137428803663e-06,-5.809659689969856e-06,-6.264311028827811e-06,-4.439619503706609e-06,-4.987394728519857e-06,-5.0335354883218125e-06,-4.940227389777023e-06,-4.934886195356871e-06,-4.948972023236015e-06,-4.941882427007711e-06,-4.967889333182876e-06,-4.996869453561106e-06,-5.383007873794758e-06
1.0700072050094604,-5.249499008636833e-06,-5.640629719469197e-06,-6.0650713800306225e-06,-6.359091569805855e-06,-6.331175165684067e-06,-6.301497453368563e-06,-6.328706918310052e-06,-6.261015838053408e-06,-6.340904854754338e-06,-6.485233764881603e-06,-5.064520124967127e-06,-5.473724521112254e-06,-5.4924131831143065e-06,-5.54117925992406e-06,-5.4015181472587395e-06,-5.276110717386763e-06,-5.305267464707264e-06,-5.508351598610416e-06,-6.025782904336896e-06,-4.025036110733475e-06,-4.712288577156427e-06,-5.214832996276372e-06,-5.455837636856287e-06,-5.462632219714293e-06,-5.408964880072534e-06,-5.415468476064931e-06,-5.374239225111376e-06,-5.259558295876601e-06,-5.553894027005855e-06,-4.618590662626488e-06,-5.161606127486781e-06,-5.167073186129382e-06,-5.175052280384483e-06,-5.170938846335894e-06,-5.166545570211457e-06,-5.20847047175181e-06,-5.258912077825041e-06,-5.415829782958849e-06,-2.673906313862155e-06,-3.862294857488401e-06,-4.590462399646405e-06,-4.88343735194564e-06,-4.819437354156515e-06,-4.792740549544109e-06,-4.784472984988828e-06,-4.744697697688081e-06,-4.746226942598191e-06,-4.876352752897261e-06,-3.7191011520512654e-06,-4.297815212018997e-06,-4.499963327385825e-06,-4.518753155318175e-06,-4.47880735273406e-06,-4.453378214030752e-06,-4.451404112254439e-06,-4.413809536751831e-06,-4.3993243658898375e-06,-2.02176286519273e-06,-3.2283423840562566e-06,-3.478935031072718e-06,-3.9354869520454865e-06,-3.860222483832036e-06,-3.773923055961499e-06,-3.829432629351025e-06,-3.835845628987931e-06,-3.7658445214209674e-06,-4.0594167985005454e-06,-2.9870643905442114e-06,-3.154238789500325e-06,-3.1494205733275187e-06,-3.1801951306858082e-06,-3.1518663513673343e-06,-3.147066074710953e-06,-3.1500709796629735e-06,-3.1395691903432265e-06,-3.6321406583931302e-06,-1.5325104054114807e-06,-2.3546999418004412e-06,-2.7299704124442408e-06,-3.4487029912947946e-06,-3.4300092602109463e-06,-3.448809334159691e-06,-3.49083737893175e-06,-3.418207682821929e-06,-3.3547356604600774e-06,-3.4151951742472155e-06,-1.9145591551643913e-06,-2.4605446885209637e-06,-2.648910869259821e-06,-2.6621218311425967e-06,-2.6305180474995643e-06,-2.508798392609113e-06,-2.4836942683311255e-06,-2.5215416867576067e-06,-2.474340769841746e-06,-1.3787744299021063e-07,-6.615939787316092e-07,-1.5924489542036169e-06,-1.8641181962079851e-06,-1.8211842597828958e-06,-1.8317681071111373e-06,-1.926709097110828e-06,-1.8651601980998584e-06,-1.789965474699761e-06,-1.8907528057033295e-06,-6.151564799144898e-06,-6.339165979943887e-06,-6.353142552932422e-06,-6.3592839073065976e-06,-6.4472486543751504e-06,-6.178631610777425e-06,-6.395256700193131e-06,-6.394348291974671e-06,-6.4340618515205066e-06,-6.845136343387805e-07,-1.232360437463052e-06,-1.3616212323218678e-06,-1.4470897981401312e-06,-1.5711138000932166e-06,-1.3558561404304532e-06,-1.3290083059412949e-06,-1.4046419902543017e-06,-1.5578019239366868e-06,1.3345615389744148e-06,2.910284967917203e-07,2.583196892682531e-08,-3.1224041109790653e-07,-3.7918277718810876e-07,-1.862999007659273e-07,-2.0375544570714494e-07,-2.6998102206093527e-07,-1.705980424202647e-07,-1.6119227127180468e-07,2.039163764713176e-06,9.790356272608095e-07,7.98107587062349e-07,6.969046273025029e-07,7.407740429998951e-07,6.825064217515926e-07,8.896825269953071e-07,8.157294410275732e-07,9.055355230705253e-07,-4.387616728293239e-06,-4.897638887908174e-06,-6.352050507339421e-06,-6.6033717719498165e-06,-6.655589569903737e-06,-6.587818894277626e-06,-6.693235734997664e-06,-6.770558717782146e-06,-6.668755808823723e-06,-6.98214190430923e-06,-6.586778114717534e-06,-6.593126186966339e-06,-6.767202554222462e-06,-6.878319199936466e-06,-7.0193133732611385e-06,-6.9320428387419946e-06,-7.0354278045336274e-06,-7.082865062894326e-06,-7.3575627037865535e-06,-5.814359052352484e-06,-6.173660818837676e-06,-6.2783771915456636e-06,-6.527965980611988e-06,-6.49872025472806e-06,-6.557600192296483e-06,-6.551839270713496e-06,-6.554620794532645e-06,-6.46615223106495e-06,-6.603339559912309e-06,-5.675994833706189e-06,-5.877193520838043e-06,-6.066628127405791e-06,-6.105188021456518e-06,-6.04781421234718e-06,-6.024189558910185e-06,-6.093294948938643e-06,-5.993573958609752e-06,-6.159635712087271e-06,-4.038196112166288e-06,-5.125350688351492e-06,-5.548405038293076e-06,-5.855460389880312e-06,-5.634825836519221e-06,-5.709326167615236e-06,-5.658386641096157e-06,-5.727081866910416e-06,-5.773347268603039e-06,-5.957674218022566e-06,-5.730341142701035e-06,-6.118729731938702e-06,-6.03190793698671e-06,-6.035791285053103e-06,-5.9446266890890185e-06,-5.913214703682708e-06,-5.898193899844347e-06,-6.027971022027586e-06,-6.334296569640042e-06,-4.471338312365273e-06,-5.27703602254454e-06,-5.154893117299651e-06,-5.234260126428472e-06,-5.109472993984122e-06,-5.152408656054079e-06,-4.958086412058584e-06,-5.162396005473475e-06,-5.153656117537866e-06,-5.625119587458387e-06
1.080003261566162,-5.4827280372521515e-06,-6.20496434027394e-06,-6.5386951056674265e-06,-6.785334695755076e-06,-6.766707797458869e-06,-6.876755478079962e-06,-6.735412077375437e-06,-6.624542055073599e-06,-6.626112751411439e-06,-6.680901688314536e-06,-5.4689708009163325e-06,-6.106059472114088e-06,-6.278057228226672e-06,-6.16874812360843e-06,-6.199911184742752e-06,-6.339568989922078e-06,-6.2879284920778635e-06,-6.232158957479391e-06,-6.477617775067155e-06,-4.07423187311498e-06,-4.8029469120578084e-06,-5.470774818820493e-06,-5.5651198501753605e-06,-5.658491114512448e-06,-5.610069375755426e-06,-5.605398774120573e-06,-5.5616931508817575e-06,-5.594973218757896e-06,-5.8133409937831335e-06,-5.043478114778419e-06,-5.495583839850846e-06,-5.46241313471812e-06,-5.491752908247272e-06,-5.460349694869032e-06,-5.471012957812067e-06,-5.3742363490365975e-06,-5.494286945831821e-06,-5.747479959907386e-06,-3.0421001485896177e-06,-4.402277159961985e-06,-4.647846958085224e-06,-5.0782715013005874e-06,-5.050961733251235e-06,-5.077508119152781e-06,-5.005806100962429e-06,-4.987034104693699e-06,-5.063103298629882e-06,-5.1125541688441485e-06,-4.035889140685419e-06,-4.536137229801172e-06,-4.541918535564145e-06,-4.573665583682029e-06,-4.589582536470111e-06,-4.525934785939357e-06,-4.5423145351100664e-06,-4.5839710629227474e-06,-4.53998297318985e-06,-2.1463126855170046e-06,-3.315132685989436e-06,-3.726334983429658e-06,-4.0288438360086885e-06,-3.899625211596297e-06,-3.885786330687733e-06,-4.2163011411669345e-06,-4.239332963690426e-06,-3.9627650113704175e-06,-4.244278158564657e-06,-2.9886794143845584e-06,-3.509880768806668e-06,-3.833053931054256e-06,-3.6406295369025364e-06,-3.643885613059966e-06,-3.654157586029527e-06,-3.6662160687980406e-06,-3.693423664290924e-06,-3.954132976238963e-06,-1.664497791061196e-06,-2.452426697829578e-06,-3.209031591128905e-06,-3.23858085075466e-06,-3.380802353039678e-06,-3.3898229818245014e-06,-3.297701371978218e-06,-3.2927456794310496e-06,-3.3442915903660204e-06,-3.328589156805402e-06,-1.7271117005622586e-06,-2.3609400893432226e-06,-2.562182295081553e-06,-2.615062417105787e-06,-2.524861216314814e-06,-2.334783609304163e-06,-2.362352529666432e-06,-2.401470939463474e-06,-2.4315694035434523e-06,-6.564126581181494e-08,-6.234451836193849e-07,-1.3224226339649368e-06,-1.777161405496126e-06,-1.9484282791058885e-06,-1.7863411890689474e-06,-2.052221827270595e-06,-1.954414505196755e-06,-1.9465464993299326e-06,-1.9358435825059045e-06,-6.23754325707027e-06,-6.635026857576692e-06,-6.9278973364596355e-06,-7.017372022786354e-06,-7.135751763939613e-06,-6.756056254520554e-06,-6.926267105373902e-06,-7.106423279003963e-06,-7.097030881603218e-06,-3.0345605185605127e-07,-1.177336669054375e-06,-1.3599290937265504e-06,-1.1919321733350188e-06,-1.2335778799163501e-06,-1.2260190161371695e-06,-1.302706638052376e-06,-1.2879846583833932e-06,-1.3051037744775177e-06,1.781045688286822e-06,5.348479517563332e-07,8.180658563239761e-07,8.493167455918144e-08,9.755411964061974e-08,-4.643613268160009e-08,2.923866152525706e-07,9.811243765679387e-08,1.2258308848957886e-07,-1.5520485880009404e-08,3.2897676478027305e-06,1.3278886140794955e-06,1.3384324480173957e-06,1.0482116608759897e-06,1.0139050859608412e-06,1.3455021274278654e-06,1.1523363171494514e-06,9.685806999844678e-07,1.0709324718632345e-06,-4.483019040687235e-06,-5.154128476869129e-06,-6.586885823717949e-06,-6.9270751385826294e-06,-7.132690326142748e-06,-7.157011780596453e-06,-7.025168845802435e-06,-7.1398646946751175e-06,-7.08111152010251e-06,-7.1370233485005965e-06,-7.155562886025439e-06,-7.209080382171292e-06,-7.2857016746119435e-06,-7.180307482980776e-06,-7.313536038700704e-06,-7.383216715586523e-06,-7.307556894943977e-06,-7.289197255896466e-06,-7.6062566021858715e-06,-5.9536844911403415e-06,-6.6944040684741374e-06,-6.649290606631756e-06,-6.773524382288922e-06,-6.9852723679007536e-06,-6.890538491235974e-06,-6.9232083279462056e-06,-6.744863865720336e-06,-6.94351341587506e-06,-6.933148833297665e-06,-5.9159131808426575e-06,-6.0925273245805396e-06,-6.657744397028877e-06,-6.527031615818662e-06,-6.345448837197113e-06,-6.525275412657677e-06,-6.528608999030359e-06,-6.531804246206245e-06,-6.651488646780428e-06,-4.483979308129026e-06,-5.587092378407379e-06,-6.1143417046507345e-06,-6.308592082727727e-06,-6.224785276964945e-06,-6.163093329184731e-06,-6.295987037898692e-06,-6.2056360115872825e-06,-6.221855347687278e-06,-6.3848510616482876e-06,-5.984908920520227e-06,-6.344686389773609e-06,-6.330071615791956e-06,-6.2036955958368e-06,-6.23141657067746e-06,-6.144469882178256e-06,-6.1275594253092366e-06,-6.266685659967819e-06,-6.598234527182321e-06,-4.529202797807113e-06,-5.465461738031291e-06,-5.619385772880177e-06,-5.588725916979106e-06,-5.676746352045538e-06,-5.594162381376262e-06,-5.612082232639365e-06,-5.650633210858283e-06,-5.6510750118950335e-06,-5.967381042298356e-06
1.0900137424468994,-5.454039083494203e-06,-6.331476398566071e-06,-6.707168663551453e-06,-6.6740212546244236e-06,-6.661660460445865e-06,-6.809175342407859e-06,-6.7557295324258335e-06,-6.6799159136845625e-06,-6.54347406341952e-06,-6.7169705420986365e-06,-5.395867523143467e-06,-5.8302395149418274e-06,-6.09746755822578e-06,-6.120298343122328e-06,-6.056955168910506e-06,-6.1031608201496276e-06,-6.025522331962058e-06,-6.25873949676892e-06,-6.392612149435258e-06,-3.91179988778582e-06,-4.764449644535361e-06,-5.319108970034062e-06,-5.567416827296377e-06,-5.5550459668560965e-06,-5.497657993078479e-06,-5.503665609975503e-06,-5.535563004902379e-06,-5.4898508161932e-06,-5.646398801914365e-06,-4.935194906033297e-06,-5.127618401411649e-06,-5.292935467227414e-06,-5.42151233150415e-06,-5.394564157956194e-06,-5.154461023015273e-06,-5.354812274713949e-06,-5.407804096292352e-06,-5.7096688519249705e-06,-2.80305371947287e-06,-4.35919406310875e-06,-4.520512162652068e-06,-4.8254202368104535e-06,-4.876206396642024e-06,-4.8797914238521255e-06,-4.9162970095911836e-06,-4.8212361232242075e-06,-4.809797830030518e-06,-5.037014136716082e-06,-3.884327010345651e-06,-4.40707754447117e-06,-4.4731004294550195e-06,-4.463039704177863e-06,-4.527167183981497e-06,-4.366755083944013e-06,-4.4021984274149516e-06,-4.429697153577184e-06,-4.571056804104202e-06,-1.8064420756886018e-06,-3.0707203282094494e-06,-3.5201112184466293e-06,-3.706295033644351e-06,-3.820862250072612e-06,-3.755022499150217e-06,-3.645352878558621e-06,-3.7706300222431796e-06,-3.6853756880449023e-06,-3.993253848675033e-06,-2.815577838747854e-06,-3.0919753656618306e-06,-3.137998961367539e-06,-3.2997324380105914e-06,-3.1734131666058883e-06,-3.3891171211722438e-06,-3.226106990886412e-06,-3.34117144469276e-06,-3.932109757188991e-06,-9.615213384922622e-07,-2.5284303891627047e-06,-2.514802252633459e-06,-3.27510344128584e-06,-3.3598595314798574e-06,-3.343156331749488e-06,-3.4600486029787803e-06,-3.4666295294317554e-06,-3.5254785491963215e-06,-3.4818493216937817e-06,-1.1970525930650663e-06,-2.072502684269449e-06,-2.460800245740408e-06,-2.4684101957978235e-06,-2.559798604305996e-06,-2.6710686706339108e-06,-2.611752486448149e-06,-2.6387582893444593e-06,-2.698356724318694e-06,3.056454278294562e-07,-5.871925846079391e-07,-1.0629618260777918e-06,-1.8240082776068818e-06,-1.6649208976118947e-06,-1.7033499302602474e-06,-1.8919740589557079e-06,-1.7562947280160392e-06,-1.7498100062643698e-06,-1.8069646584756657e-06,-6.377250027422684e-06,-6.7047256537336095e-06,-6.942837682106097e-06,-6.8337122867642645e-06,-6.953604987054205e-06,-6.7129808511673475e-06,-6.8705604130093176e-06,-7.1971149044708935e-06,-7.125033783673938e-06,-2.160444099181371e-07,-9.102488344158236e-07,-8.889238184690138e-07,-8.38703023036822e-07,-1.341075129326663e-06,-1.4308751356616478e-06,-1.3985755935790134e-06,-1.1519949270733673e-06,-1.3299799518539244e-06,2.0809115000472374e-06,2.880847623551224e-07,6.012548646248423e-07,-5.383839418914813e-08,2.2755633062612944e-07,1.3700038398682423e-08,-1.2190185422760326e-07,-2.193378031458042e-07,6.278291484517299e-08,-5.688444498595582e-09,4.537111212524559e-06,1.1568743317370636e-06,8.142704082929689e-07,1.1215064492780985e-06,7.555462820756141e-07,6.784533133714597e-07,9.773876364133262e-07,1.4609378465370485e-06,1.0258657462359866e-06,-4.441685496072061e-06,-5.349319403300221e-06,-6.646043662011744e-06,-7.112896460505588e-06,-7.164604977518288e-06,-7.13941394185562e-06,-7.0583484667669715e-06,-7.179432868640951e-06,-7.195276157963796e-06,-7.188843672920272e-06,-7.143063033631389e-06,-7.2616059201264e-06,-7.3671713820105635e-06,-7.536423709042455e-06,-7.311519766477967e-06,-7.366450997180679e-06,-7.340738097749641e-06,-7.406611426845062e-06,-7.805154717103238e-06,-5.9675201005138454e-06,-6.717684240054664e-06,-6.731039437087528e-06,-6.928053723025659e-06,-6.9290433803565825e-06,-6.99967747603113e-06,-6.956604948752702e-06,-6.996242148513195e-06,-6.921032145965842e-06,-7.043601896658642e-06,-6.041812347599711e-06,-6.272748353696832e-06,-6.667960789853363e-06,-6.576647860332633e-06,-6.546801250525823e-06,-6.498651444639009e-06,-6.5750661630087695e-06,-6.589323297091845e-06,-6.718916494293065e-06,-4.538179620377982e-06,-5.869729279919041e-06,-5.924503800497317e-06,-6.345010954812245e-06,-6.310352024785923e-06,-6.288361341331871e-06,-6.261511601443172e-06,-6.309670610769274e-06,-6.175253660951301e-06,-6.521755672345024e-06,-6.000233941168172e-06,-6.311861388829133e-06,-6.392366245041785e-06,-6.407562848950919e-06,-6.405720866859696e-06,-6.363202702994623e-06,-6.471558820235353e-06,-6.462377670527014e-06,-6.891280949939776e-06,-4.549374184209749e-06,-5.573513243002154e-06,-5.4251888178921744e-06,-5.50868658942012e-06,-5.630136684202053e-06,-5.533336958975561e-06,-5.5926011760851874e-06,-5.5848272178635884e-06,-5.567234052744269e-06,-6.006819720997335e-06
1.100009799003601,-5.700752768458308e-06,-6.539997464228529e-06,-6.433253458802433e-06,-6.595081342600055e-06,-6.729072345743486e-06,-6.6262523129400145e-06,-6.838217082688196e-06,-6.6775686052549406e-06,-6.8719868022951975e-06,-6.7606769562580174e-06,-5.387471110438157e-06,-5.932308173209689e-06,-6.076804974202088e-06,-6.0614762865588e-06,-6.0659466414872726e-06,-6.060028758123305e-06,-6.053372298756487e-06,-6.153973008457934e-06,-6.676612597998913e-06,-4.171664208964242e-06,-5.1546904978315785e-06,-5.441654921208078e-06,-5.718265942747879e-06,-5.698689292658286e-06,-5.6648394024668625e-06,-5.72532253601811e-06,-5.714093405362612e-06,-5.763697642264386e-06,-5.908295033972127e-06,-4.971459261000395e-06,-5.40747507333781e-06,-5.488186144112007e-06,-5.290263809464764e-06,-5.370294257142875e-06,-5.4563566245498796e-06,-5.506965977684506e-06,-5.357024946893052e-06,-5.8917821225392206e-06,-3.046390748844499e-06,-4.288761274693157e-06,-4.84132579315223e-06,-5.135774374265564e-06,-5.02266543560228e-06,-5.018308505872843e-06,-5.031607871104091e-06,-5.039444491804904e-06,-5.0790033544786465e-06,-5.178228940927121e-06,-3.9906420492186894e-06,-4.559025895702617e-06,-4.674650465071875e-06,-4.75353084234835e-06,-4.767945549378296e-06,-4.7472827855999305e-06,-4.801271131137788e-06,-4.8038113882340435e-06,-4.798545762678669e-06,-2.131956830167192e-06,-3.628384360930031e-06,-3.7187006226875693e-06,-4.106090962320915e-06,-4.056997911759899e-06,-4.124848074902671e-06,-4.107567395307923e-06,-4.112911537704721e-06,-4.133474070277092e-06,-4.409325628320971e-06,-3.0878014082146423e-06,-3.316860865396808e-06,-3.4634893590878576e-06,-3.5205838474099027e-06,-3.534007674777145e-06,-3.652681908012148e-06,-3.551574469885848e-06,-3.597485862724301e-06,-4.201821470797952e-06,-1.4066298252876764e-06,-2.836641239742719e-06,-2.9250564520232923e-06,-3.4109417472588327e-06,-3.6191446471490347e-06,-3.6362326656846277e-06,-3.7058253706331924e-06,-3.6785134455277566e-06,-3.6844929128428958e-06,-3.6753709743240366e-06,-1.8372066566625061e-06,-2.620809533529842e-06,-2.7085236127060736e-06,-2.735698474872896e-06,-2.860353307877482e-06,-2.86528804102971e-06,-2.9316748213747764e-06,-2.9064534071722705e-06,-2.828159785101332e-06,-1.8090952546708083e-07,-8.966715684592037e-07,-1.5361365964418342e-06,-2.1932958116703423e-06,-2.053027236061088e-06,-2.0383415308852355e-06,-2.1280233664978013e-06,-2.1976844501242e-06,-2.1442086211116855e-06,-2.226525620139745e-06,-6.436713304857845e-06,-6.707445629552521e-06,-7.019904190922298e-06,-6.808366446376699e-06,-6.987866443546282e-06,-6.855680608736922e-06,-6.93160179267487e-06,-6.818235984583023e-06,-7.258188999487041e-06,-5.857038923521921e-07,-1.3214173739283458e-06,-1.5144486558090442e-06,-1.5714128040172682e-06,-1.693022017636265e-06,-1.689316482892988e-06,-1.7639793481648638e-06,-1.7111754421222329e-06,-1.7728861203394347e-06,2.3148530761886708e-06,-8.450213279116805e-08,-4.8961326336208317e-08,-5.536767864528527e-07,-5.181059969183377e-07,-7.129336751050362e-07,-6.448208184822782e-07,-5.573045952752688e-07,-6.97567957998989e-07,-3.374271685993438e-07,3.8399256646181665e-06,5.380285669017893e-07,4.847490659437711e-07,6.235823723862697e-07,7.16839528456563e-07,3.258961938959508e-07,6.142321813828842e-07,8.003360057508581e-07,6.169838659262172e-07,-4.658630944267042e-06,-5.516994742580698e-06,-6.587898202039615e-06,-6.933241802414846e-06,-7.045009519556599e-06,-6.98543997115841e-06,-7.187149521072611e-06,-7.056478802456015e-06,-7.040921538769788e-06,-7.357567952623023e-06,-7.048849438893852e-06,-7.305086778121357e-06,-7.500627219539779e-06,-7.50018567015957e-06,-7.500497580469186e-06,-7.404305390088496e-06,-7.374437209720855e-06,-7.6130066058848275e-06,-7.695117534155082e-06,-6.0502599544360616e-06,-6.655652555941363e-06,-6.693753572261346e-06,-6.864958106950308e-06,-6.963853807621806e-06,-7.014726177794832e-06,-7.093365468103087e-06,-6.962611918532901e-06,-7.089964437776873e-06,-7.165556670662149e-06,-5.96071013065578e-06,-6.256751338177132e-06,-6.400633809597067e-06,-6.41116081849752e-06,-6.436381909141612e-06,-6.4475616432128075e-06,-6.474232059839133e-06,-6.4010532851033595e-06,-6.679232558317438e-06,-4.344837704445852e-06,-5.774209803428799e-06,-5.740515436980967e-06,-6.200274936300231e-06,-6.397530093500973e-06,-6.419669685726629e-06,-6.3105093460762505e-06,-6.089594375424357e-06,-6.259525528005599e-06,-6.654767084419253e-06,-5.917949873196315e-06,-6.335447718569719e-06,-6.414885335334327e-06,-6.1843239379769705e-06,-6.13542225424146e-06,-6.21073593928454e-06,-6.220567081892585e-06,-6.52340704258037e-06,-6.816607838651505e-06,-4.579765432702073e-06,-5.580341475935056e-06,-5.409552570002373e-06,-5.501962578246966e-06,-5.450539727361536e-06,-5.40446288832151e-06,-5.461382780929096e-06,-5.4580528975026895e-06,-5.529982377257004e-06,-5.9008349274106175e-06
1.1100058555603027,-5.377532510486238e-06,-6.596878529826619e-06,-6.336597932775094e-06,-6.56777833332643e-06,-6.786454926880896e-06,-6.804781994381553e-06,-6.902734342526047e-06,-6.74327109550858e-06,-6.7704833646229775e-06,-7.016464836899675e-06,-5.385221480698163e-06,-4.654141283686625e-06,-5.844332712762588e-06,-5.541882100697801e-06,-5.80939523489407e-06,-5.983507193575562e-06,-5.990662364308792e-06,-6.089772907766168e-06,-6.6846720066421755e-06,-4.121810957913142e-06,-5.113798754253159e-06,-5.458514183946059e-06,-5.6607592589838215e-06,-5.743327051732476e-06,-5.6681922585405534e-06,-5.727007915837701e-06,-5.695670924081212e-06,-5.775802178180274e-06,-5.871677640826095e-06,-5.063384866350595e-06,-5.413321917654774e-06,-5.295193689240805e-06,-5.216486739273411e-06,-5.130927037835636e-06,-5.2667101950747716e-06,-5.248500794983447e-06,-5.546714984851973e-06,-5.9490006236105765e-06,-2.9452610930405434e-06,-4.257024167008722e-06,-4.665621208062719e-06,-5.056364224015081e-06,-5.017527040404873e-06,-4.98875881483587e-06,-5.021084996561132e-06,-4.969176808057005e-06,-5.11079710286073e-06,-5.167202969003715e-06,-4.019315220516297e-06,-4.445059167736955e-06,-4.782440462943599e-06,-4.736863737356437e-06,-4.8193227785275685e-06,-4.783858188054211e-06,-4.742734776652467e-06,-4.798419574897808e-06,-4.910326565960658e-06,-2.205648480937655e-06,-3.4516445686753093e-06,-3.6006442961430355e-06,-3.877072650983533e-06,-3.875272551731257e-06,-4.03711582252894e-06,-4.06962823009604e-06,-3.937456631856829e-06,-3.961055077062415e-06,-4.2449989388548224e-06,-3.1282459221651684e-06,-3.2962580857530203e-06,-3.5412543226637646e-06,-3.503794994577567e-06,-3.589274920891201e-06,-3.4650140382292577e-06,-3.5186274874198733e-06,-3.548968566382798e-06,-3.8988512598736835e-06,-1.211020286172726e-06,-2.7549066818080293e-06,-3.1549164466442963e-06,-3.243861899261029e-06,-3.4080134717241637e-06,-3.3300396691684783e-06,-3.405453657319422e-06,-3.5302464340605215e-06,-3.4939789513621027e-06,-3.6141883793869106e-06,-1.542895048610448e-06,-2.5214891264910488e-06,-2.6854538259955187e-06,-2.570000634732062e-06,-2.669856045605865e-06,-2.680410233412964e-06,-2.7375114265843344e-06,-2.7324433693907037e-06,-2.7042997913124314e-06,-4.648991527993851e-08,-9.902554466242165e-07,-1.4932925733044751e-06,-2.1487888780475916e-06,-2.0713618532580357e-06,-2.2490885346217077e-06,-2.1948711816296948e-06,-2.2014129934656964e-06,-2.13960025054483e-06,-2.1678444552893785e-06,-6.441218604094863e-06,-6.84654310346333e-06,-6.14401456359005e-06,-6.812072843942409e-06,-6.638778912829495e-06,-6.816795646334472e-06,-6.6423864453247295e-06,-6.850826082120051e-06,-7.138962757624906e-06,-8.565414094818542e-07,-1.473447118075994e-06,-1.5751317844101296e-06,-1.7167292863212431e-06,-1.7540290641591618e-06,-1.6280885178762476e-06,-1.788344087543969e-06,-1.7935081876596991e-06,-1.775177956476787e-06,1.638799056298436e-06,-5.496793660705988e-08,-1.2333129934293472e-07,-8.088940538586625e-07,-5.179949085300585e-07,-5.642980587041357e-07,-8.153315720330468e-07,-6.537657705495198e-07,-7.415643523978062e-07,-8.020466950284904e-07,3.3245658517501504e-06,2.837797457754191e-07,4.5073200390590843e-07,2.7204794915069e-07,2.109632845597365e-07,3.311847201967405e-07,1.923063312821052e-07,4.538136461280852e-07,5.092153307625205e-07,-4.434902237758493e-06,-5.4922693613999665e-06,-6.713961017451506e-06,-6.905511767938637e-06,-7.117666358622132e-06,-7.0091606135911035e-06,-7.0987397733341135e-06,-7.114533809876395e-06,-7.005088379313701e-06,-7.089788350098623e-06,-7.166469105385298e-06,-7.190840531638261e-06,-7.479159406480268e-06,-7.5927317167411365e-06,-7.693024470735787e-06,-7.63824675052432e-06,-7.60604255032056e-06,-7.253633584647025e-06,-7.5003507568517965e-06,-5.960025768662485e-06,-6.572499625779235e-06,-6.890640591890575e-06,-6.808098827618657e-06,-6.580212251706206e-06,-6.589945679673687e-06,-6.729178688608383e-06,-6.75675585971017e-06,-6.939904445342436e-06,-6.9522197975395115e-06,-6.033432184716893e-06,-6.30133847833524e-06,-6.224639747581204e-06,-6.337390722787501e-06,-6.424499406198544e-06,-6.224166417574705e-06,-6.451509774863564e-06,-6.483952904979462e-06,-6.8115430709684014e-06,-4.203378577682468e-06,-5.880156884484997e-06,-5.885447999253087e-06,-6.092674363903537e-06,-6.433568964205519e-06,-6.230426050524103e-06,-6.4065212784702616e-06,-6.513452156855025e-06,-6.343706942508146e-06,-6.720418524345593e-06,-6.0529241344042894e-06,-6.271055639886559e-06,-6.542816305117915e-06,-6.2431516028863134e-06,-6.486135342422467e-06,-6.436043107532828e-06,-6.4166836010889326e-06,-6.603173754201389e-06,-7.0180811190227365e-06,-4.707910490301908e-06,-5.770144687436471e-06,-5.051359242736414e-06,-5.206494967889043e-06,-5.246790249509555e-06,-5.351410129908759e-06,-5.472819528232592e-06,-5.50141270870045e-06,-5.5090248877158185e-06,-5.948685333913098e-06
1.1200019121170044,-5.661518434872266e-06,-6.697038768675898e-06,-6.687711658172601e-06,-6.648637378147926e-06,-6.7810162694767224e-06,-6.70805442268104e-06,-6.969504144129601e-06,-6.788718613436364e-06,-6.913628482371841e-06,-6.987579914596578e-06,-5.726806806308887e-06,-6.351082780078676e-06,-6.5571922210893e-06,-6.482454541922276e-06,-6.508115312497973e-06,-6.593374176514025e-06,-6.5121615182986406e-06,-6.642881273990191e-06,-6.822387023309329e-06,-4.366199318444204e-06,-5.132770350111444e-06,-5.665116943682888e-06,-5.7825053737622255e-06,-6.001573472995774e-06,-5.983888561091054e-06,-6.002180828086903e-06,-5.951220521927558e-06,-6.023628580524841e-06,-6.178018863046088e-06,-5.232992244813764e-06,-5.500821243922466e-06,-5.788538875332246e-06,-5.709476730129836e-06,-5.713745544118278e-06,-5.840038086003018e-06,-5.878640905469799e-06,-5.861581899338523e-06,-6.147051878309719e-06,-3.1982453400381998e-06,-4.6411568486435094e-06,-4.902661826678733e-06,-5.253400655728999e-06,-5.327077854223704e-06,-5.362773465403561e-06,-5.341516540527108e-06,-5.2706349586179605e-06,-5.3544738326145115e-06,-5.5230279205923055e-06,-4.050312080479415e-06,-4.5340962233353495e-06,-4.627286870176414e-06,-4.782197650330511e-06,-4.742936209739693e-06,-4.728348542762818e-06,-4.84103351205297e-06,-4.765914141812043e-06,-5.035368231022813e-06,-1.9750295980356844e-06,-3.6132838538694e-06,-3.7431532980529953e-06,-3.991909894882462e-06,-3.978242895392786e-06,-3.961984696332359e-06,-3.96469255668627e-06,-4.136397492435574e-06,-4.05375449033149e-06,-4.554470984175687e-06,-3.1165154916759582e-06,-3.386411957138436e-06,-3.6858839264090137e-06,-3.862569684408854e-06,-3.905698438949181e-06,-3.85900856457034e-06,-3.877427378856398e-06,-3.959289742364011e-06,-4.34248324178022e-06,-1.4663380364410735e-06,-2.970025175402498e-06,-3.063094020476738e-06,-3.646608680659263e-06,-3.56855862617104e-06,-3.5654800757292495e-06,-3.5926752681496555e-06,-3.611870478821888e-06,-3.683951707471648e-06,-3.72234766526006e-06,-2.0455707245930497e-06,-2.436821511547373e-06,-2.7075332183809886e-06,-2.7731487972499468e-06,-2.842582545140655e-06,-2.791868197301184e-06,-2.8888223317922917e-06,-2.851207911373719e-06,-2.9376400521197676e-06,-2.0229181125289672e-07,-8.630413744298442e-07,-1.5991897185123495e-06,-2.012949241890014e-06,-1.8265351969063564e-06,-2.015531022315869e-06,-2.1246365727417362e-06,-1.922488349522104e-06,-2.042900468916854e-06,-2.039796644967956e-06,-6.668057210260278e-06,-7.019693087033633e-06,-7.178401939636972e-06,-7.638300676926398e-06,-7.46010282261231e-06,-7.260122872167403e-06,-7.441777984069605e-06,-7.658269839321245e-06,-7.449459620290848e-06,-4.207844079234754e-07,-1.3952352124796697e-06,-1.3883702736424205e-06,-1.3584940402654031e-06,-1.4862235410108306e-06,-1.5674417356701622e-06,-1.4548114837026505e-06,-1.543212423462141e-06,-1.6983036773085237e-06,1.684240031156101e-06,2.0440982462088506e-08,5.0162483016078725e-08,-6.655029238635219e-07,-4.812458271101537e-07,-4.277468816466153e-07,-2.3344926404140206e-07,-5.542204724385964e-07,-3.134417475324508e-07,-4.307111800178717e-07,4.058905108846701e-06,6.851339317664088e-07,6.68290415537834e-07,8.393432372822841e-07,7.763391522867246e-07,7.940128474998125e-07,7.201123937005063e-07,6.922507069013591e-07,9.636806954351777e-07,-4.719173217105901e-06,-5.938683891727292e-06,-6.838773603157634e-06,-7.310281328678793e-06,-7.366643478485161e-06,-7.469457255825992e-06,-7.3603054724980766e-06,-7.529189374350975e-06,-7.577319694831172e-06,-7.650460721085492e-06,-7.31734122943502e-06,-7.526276126307019e-06,-7.598273984739169e-06,-7.763708034896506e-06,-7.59263824431087e-06,-7.768579961765782e-06,-7.650992075900627e-06,-8.101340950695242e-06,-8.06147668483107e-06,-6.127358064123881e-06,-7.1182931991198786e-06,-6.987407493913669e-06,-7.187066546315281e-06,-7.26960687254981e-06,-7.308375425825642e-06,-7.274621308924307e-06,-7.361935056466984e-06,-7.4179806942440925e-06,-7.66865340399217e-06,-6.2275693892513936e-06,-6.532787863780136e-06,-6.755398640022688e-06,-6.847417789705024e-06,-6.7805412857272255e-06,-6.829371570906386e-06,-6.783084526751063e-06,-6.941560704904905e-06,-7.20496205879558e-06,-4.8289803679982625e-06,-6.094339539297816e-06,-6.260984776445812e-06,-6.660702439937493e-06,-6.674836478020094e-06,-6.630653210662611e-06,-6.662324042798893e-06,-6.7133566103370225e-06,-6.677818032840015e-06,-6.78503558397822e-06,-6.226726052224773e-06,-6.604612366805074e-06,-6.65153437636939e-06,-6.67122872981925e-06,-6.7766964051609806e-06,-6.578222367469551e-06,-6.550136203034025e-06,-6.8444589558758445e-06,-7.09787659139153e-06,-4.827042918199895e-06,-5.849847370442756e-06,-5.808658959751039e-06,-5.767737161191195e-06,-5.903008305218073e-06,-5.846986610763488e-06,-5.832412389436197e-06,-5.866678735255395e-06,-5.970535305408663e-06,-6.287482700487358e-06
1.1300123929977417,-5.652107235132664e-06,-6.825669487452842e-06,-6.652964073141265e-06,-6.954924673965841e-06,-6.888759998495464e-06,-6.762056249819417e-06,-6.795970492183985e-06,-6.876078593881088e-06,-6.9467342601164654e-06,-7.100415734008809e-06,-5.659298500604351e-06,-6.154679084815799e-06,-6.4633366257596875e-06,-6.455839777342897e-06,-6.493604796227004e-06,-6.5110884547991706e-06,-6.480540801765355e-06,-6.405140618773343e-06,-6.780658054363191e-06,-4.321889198213568e-06,-5.326464495326477e-06,-5.534600166968755e-06,-5.740045809920743e-06,-5.960510674869964e-06,-6.061563359722688e-06,-5.967918436870524e-06,-5.888707167190902e-06,-6.015737278452321e-06,-6.129256309427937e-06,-5.101167213585236e-06,-5.544582159698879e-06,-5.746013880789577e-06,-5.7822517758687235e-06,-5.7568766714202965e-06,-5.759995702614581e-06,-5.835852462477514e-06,-5.888648063854225e-06,-6.086848155423102e-06,-3.0575665642638105e-06,-4.567041444205523e-06,-4.739687611376685e-06,-5.258783445380619e-06,-5.310843634436735e-06,-5.298293738341557e-06,-5.360999071069609e-06,-5.363115358792732e-06,-5.36076661232572e-06,-5.441166060397779e-06,-4.086020849701379e-06,-4.573611225868735e-06,-4.660248017310668e-06,-4.651597503398768e-06,-4.676081096568052e-06,-4.690762343827999e-06,-4.7424205654830295e-06,-4.7390143941731515e-06,-4.9155985548314785e-06,-1.9847024486781653e-06,-3.4756299537912676e-06,-3.80827154966653e-06,-4.041033395885184e-06,-4.001880527117215e-06,-4.0011862786168715e-06,-3.961317806493336e-06,-4.020660144984105e-06,-4.023078887921013e-06,-4.305712661701354e-06,-3.0012981205687864e-06,-3.365293047900366e-06,-3.698917003066803e-06,-3.832881582273217e-06,-3.8550654660504455e-06,-3.7320385273208354e-06,-3.7354138167777905e-06,-3.952088123023126e-06,-4.1725906645519306e-06,-1.5116901046371796e-06,-2.9297449931745694e-06,-3.1210732433267308e-06,-3.655408966165199e-06,-3.574818654580721e-06,-3.5372105615266587e-06,-3.6247838388670657e-06,-3.626699879883809e-06,-3.6133007508087176e-06,-3.5893613828891984e-06,-1.7360526620757466e-06,-2.518261163964569e-06,-2.7719849216893795e-06,-2.874378468554289e-06,-2.758683974617004e-06,-2.8928199139537517e-06,-2.9240190698265304e-06,-2.7124350384524815e-06,-2.9684714658813134e-06,7.82286227809682e-08,-8.994099511566909e-07,-1.5484660054543844e-06,-1.9806974785996205e-06,-1.955202693489517e-06,-1.8692240917604065e-06,-1.8953339614126039e-06,-1.8411288676893299e-06,-1.846133597311454e-06,-1.874700102185752e-06,-6.495970295829592e-06,-7.16436877987719e-06,-7.233343596110753e-06,-7.606768112085043e-06,-7.775354124492867e-06,-7.394033345217066e-06,-7.4340047448667e-06,-7.590450701835135e-06,-7.4388254776049355e-06,-5.486090707931021e-07,-1.3659078420229954e-06,-1.4418369711175166e-06,-1.3582783346570936e-06,-1.5177911580135364e-06,-1.4931149037850978e-06,-1.460777828926618e-06,-1.4313401610022282e-06,-1.6105054190186497e-06,2.1917910133958408e-06,4.121403651798249e-07,3.3953813558412847e-07,-3.1365662626926156e-07,-2.968108810827344e-07,-4.012878205654998e-07,-3.629805896839724e-07,-3.943730896836658e-07,-4.5005576682385864e-07,-2.827893694258015e-07,4.400286412902898e-06,9.975754883440637e-07,7.694563098839856e-07,8.796656978094416e-07,7.998792131743284e-07,7.136742643602316e-07,7.497029249993178e-07,8.266722943899108e-07,1.3492988337415873e-06,-4.756757402788376e-06,-5.819371044063422e-06,-6.84607092388674e-06,-7.390367356501979e-06,-7.487177687254213e-06,-7.4462177088016974e-06,-7.453832044873148e-06,-7.435503611236972e-06,-7.516504230839389e-06,-7.77919296530208e-06,-7.3980944347047054e-06,-7.608030924617955e-06,-7.66934768844345e-06,-7.844139623104204e-06,-7.68576439517505e-06,-7.656465749515214e-06,-7.762644390541933e-06,-8.073082365576808e-06,-8.127613030964889e-06,-6.082136713526409e-06,-7.144329944570859e-06,-6.8947607128130214e-06,-7.195984247574006e-06,-7.408140276294889e-06,-7.403895477530839e-06,-7.40463153696826e-06,-7.553647010945392e-06,-7.686308404719206e-06,-7.80133708734551e-06,-6.183727008656909e-06,-6.563394620150628e-06,-6.83291288177987e-06,-6.832713569797792e-06,-6.846528794991312e-06,-6.789972797744943e-06,-6.912493295657178e-06,-6.93368033191654e-06,-7.387769829566718e-06,-4.7715474555522475e-06,-6.088492479275244e-06,-6.214915738758619e-06,-6.5901552017212245e-06,-6.523635834328917e-06,-6.635733221542035e-06,-6.538704884321669e-06,-6.554583405560538e-06,-6.647657355667507e-06,-6.784544925621185e-06,-6.2173808224503785e-06,-6.466694011651154e-06,-6.6012625306098985e-06,-6.560278896442338e-06,-6.688037086033671e-06,-6.582233700863543e-06,-6.705680438657856e-06,-6.999029568285639e-06,-7.211391955371804e-06,-4.763649700286945e-06,-5.824754265126259e-06,-5.7480141907972984e-06,-5.849135254327857e-06,-5.871139167725886e-06,-5.7227348596389625e-06,-5.793705563915276e-06,-5.905463754059328e-06,-5.839572089987201e-06,-6.192560297120916e-06
1.1400084495544434,-5.592334995364534e-06,-7.077032167540033e-06,-6.735848665526655e-06,-7.026145129385643e-06,-7.147288850301908e-06,-7.032204443726792e-06,-7.146742683701669e-06,-7.011624834460429e-06,-6.968411810929123e-06,-7.433788392141566e-06,-5.848141714295984e-06,-6.392606109678226e-06,-6.578641267760888e-06,-6.660440860936482e-06,-6.737057335951882e-06,-6.699557706867865e-06,-6.730039138279929e-06,-6.789597326182747e-06,-6.922256634802346e-06,-4.373692338086448e-06,-5.526101941216323e-06,-5.732563988994663e-06,-5.854886397256601e-06,-6.100501457606651e-06,-6.187360857236358e-06,-6.212851651792707e-06,-6.11519323849047e-06,-6.18903070625215e-06,-6.344120522061144e-06,-5.316392589308623e-06,-5.724105093564813e-06,-5.892437436177265e-06,-5.9214668093360605e-06,-5.968258317007349e-06,-5.995600800407296e-06,-6.021517973049403e-06,-6.012186836041419e-06,-6.390657712820237e-06,-3.193948160762265e-06,-4.656080692810935e-06,-4.944546571025006e-06,-5.318516786237384e-06,-5.517468539949349e-06,-5.518605092799531e-06,-5.525403558358486e-06,-5.559741087028427e-06,-5.531671963335955e-06,-5.681512655068611e-06,-4.176755077025951e-06,-4.728957767302552e-06,-4.858336840736591e-06,-4.919055488861178e-06,-4.8996884686719275e-06,-4.895931056729852e-06,-4.9653752483670955e-06,-4.918164804453534e-06,-5.145072867824825e-06,-2.264464210136672e-06,-3.7651610941519735e-06,-3.860019504854617e-06,-4.284746184426488e-06,-4.20556457426801e-06,-4.179516827831005e-06,-4.24730598223756e-06,-4.271473854298149e-06,-4.318894215719529e-06,-4.512256461905244e-06,-3.1591261213451267e-06,-3.5294226543423883e-06,-3.993599876421697e-06,-3.945111592484511e-06,-4.0059362239646475e-06,-3.89102416617057e-06,-4.007864092838912e-06,-4.06847043024344e-06,-4.274104959406437e-06,-1.3175800790093264e-06,-3.0987121573922767e-06,-3.2778539753992617e-06,-3.771978829411938e-06,-3.7380712739212272e-06,-3.7988767435531584e-06,-3.752283217679362e-06,-3.7160571864086733e-06,-3.8108437311928147e-06,-3.745248159019026e-06,-2.1118078771478195e-06,-2.846071241821179e-06,-2.899044656521006e-06,-2.909686996020034e-06,-2.859525088218911e-06,-2.9092384362075545e-06,-2.8810971949400393e-06,-2.9220777373272135e-06,-2.943476758273141e-06,-3.177556799439642e-07,-9.57685984923718e-07,-1.7231369652198114e-06,-2.0542503228111365e-06,-1.9904612491560046e-06,-2.158863264679941e-06,-2.1957709256728877e-06,-2.004894614721069e-06,-2.0010399195496465e-06,-2.2519884089179487e-06,-6.521442827311106e-06,-7.2166436679154425e-06,-7.381301465490345e-06,-7.632928313045846e-06,-7.769938188079436e-06,-7.559509314164286e-06,-7.405984586347315e-06,-7.861599554059457e-06,-7.794064716565098e-06,-6.753778187591197e-07,-1.5898129957191418e-06,-1.7554244996902497e-06,-1.5954872036475887e-06,-1.6576529847473888e-06,-1.7092126648903566e-06,-1.6569611449596712e-06,-1.5556202055123765e-06,-1.8583926862956952e-06,2.0065574173536566e-06,2.130626753435421e-07,7.934662494883558e-08,-4.022124786064527e-07,-4.950071618525308e-07,-5.333028884349482e-07,-5.74505391893073e-07,-4.889031245485927e-07,-5.24053575754382e-07,-4.2547632846261625e-07,4.079704737833538e-06,6.93663255077373e-07,6.836008760572193e-07,7.372426905353281e-07,5.64619531962386e-07,8.285526720794129e-07,5.929472866792199e-07,7.163755456930896e-07,5.753311848635507e-07,-4.669300318868978e-06,-6.092655381810006e-06,-6.909163807691054e-06,-7.53964843598481e-06,-7.688074602240043e-06,-7.587478709963849e-06,-7.688793477130668e-06,-7.666638354101215e-06,-7.766609131524527e-06,-7.936680205143694e-06,-7.445824261772141e-06,-7.763903392275766e-06,-7.900516009480718e-06,-8.038007770843273e-06,-7.946173912278474e-06,-7.910178182695588e-06,-7.840377717295288e-06,-8.26497752601854e-06,-8.388644858748285e-06,-6.220356337513267e-06,-7.30248874787301e-06,-7.123791678879424e-06,-7.451418514821775e-06,-7.511704493447028e-06,-7.620511866820343e-06,-7.422591904934791e-06,-7.588850741436435e-06,-7.77661557089026e-06,-8.056633231102091e-06,-6.275855377278919e-06,-6.689646537479136e-06,-7.007838482015906e-06,-6.9667523876843985e-06,-7.019973360520695e-06,-6.89216196354598e-06,-6.905548725499528e-06,-7.206406207843211e-06,-7.6435418917971e-06,-4.862252904153578e-06,-6.293483378853981e-06,-6.30373705279777e-06,-6.766364322228572e-06,-6.73116950756934e-06,-6.70661257449323e-06,-6.665099383057271e-06,-6.620084139168539e-06,-6.8015999052477734e-06,-6.979297466354323e-06,-6.293649723828923e-06,-6.700918593550689e-06,-6.851331696065928e-06,-6.867213237183313e-06,-6.7997114745488945e-06,-6.712826837363015e-06,-6.770436916015321e-06,-7.2001867680388275e-06,-7.407997407280319e-06,-4.968098423819197e-06,-5.961213695398379e-06,-5.7928537784189974e-06,-5.979889307211129e-06,-5.971195616226633e-06,-5.9782246710808705e-06,-6.029451193911805e-06,-6.070058062283518e-06,-6.006679152842586e-06,-6.409438049705822e-06
1.150004506111145,-5.865810016868864e-06,-6.26590671106528e-06,-6.860918731827237e-06,-7.047974177437202e-06,-7.0769086401283415e-06,-7.2993685662488156e-06,-7.171013519239291e-06,-7.158422423372926e-06,-7.490533275598943e-06,-7.513895055801279e-06,-5.8739900049471715e-06,-6.3208545870507665e-06,-6.692947552304964e-06,-6.729665895675685e-06,-6.73992823379474e-06,-6.773646184055748e-06,-6.801247442283795e-06,-6.782107739854768e-06,-7.0184038146127674e-06,-4.442397396481352e-06,-5.656942240391984e-06,-5.7855992393022066e-06,-5.978873980912817e-06,-6.199707918157855e-06,-6.300659077570935e-06,-6.257533918124079e-06,-6.24820457866283e-06,-6.325255628577103e-06,-6.3674942379738064e-06,-5.3511370825595745e-06,-5.790352024773825e-06,-5.993022327467435e-06,-6.078411980983992e-06,-6.180570660392388e-06,-6.100239015783207e-06,-6.108196970888694e-06,-6.1520952911376e-06,-6.513242275298139e-06,-3.2726762498792737e-06,-4.930819821081828e-06,-5.046461754752555e-06,-5.4948011161001605e-06,-5.594035186969228e-06,-5.54243473846629e-06,-5.5662621551750965e-06,-5.568795258035343e-06,-5.635407666446701e-06,-5.757349210506233e-06,-4.292549370758014e-06,-4.754334094082759e-06,-4.877176496664461e-06,-4.92873923263688e-06,-4.951586159503116e-06,-4.989938221200237e-06,-4.958748843981702e-06,-5.081495401371444e-06,-5.280400670524819e-06,-2.2790352677817075e-06,-3.918792811950666e-06,-3.891209457288108e-06,-4.3428703973962e-06,-4.3183842876614864e-06,-4.359824426798099e-06,-4.3166199955401894e-06,-4.295749039898871e-06,-4.425303158434052e-06,-4.593546091071861e-06,-3.243346111200626e-06,-3.619420750327671e-06,-4.042616171737089e-06,-4.054759858220885e-06,-4.048839961604573e-06,-4.114512972091745e-06,-4.144703884000351e-06,-4.135806171461329e-06,-4.500607783841584e-06,-1.6261617634809594e-06,-3.108852873499181e-06,-3.1197279953005095e-06,-3.817851107633417e-06,-3.833977510567167e-06,-3.883719151941434e-06,-3.878122238522632e-06,-3.860673488308077e-06,-3.881264637824482e-06,-3.858756836125444e-06,-1.980436331009827e-06,-2.7957098063323693e-06,-2.996037186610393e-06,-2.8861461442118665e-06,-2.9842572876350106e-06,-3.015913631544601e-06,-2.989260866827224e-06,-3.0322942794886786e-06,-3.1876749024086085e-06,-1.0210917497128853e-07,-1.1562665092837825e-06,-1.7590265676434074e-06,-2.1689304970762813e-06,-2.151417646345123e-06,-2.1358809465935557e-06,-2.2340440750683022e-06,-2.1922343603227865e-06,-2.2580644044928064e-06,-2.3348735765182954e-06,-6.559870421922069e-06,-7.393088267045193e-06,-7.3372233905678485e-06,-7.565117372372851e-06,-7.695286934959474e-06,-7.533570211452e-06,-7.734015079384682e-06,-7.889065205361749e-06,-7.77223171391072e-06,-9.117783669334105e-07,-1.6021183895073003e-06,-1.7539368500116095e-06,-1.7351613305512775e-06,-1.723150410869396e-06,-1.7830275195140991e-06,-1.916764816911224e-06,-1.7527228588480444e-06,-1.951559749323585e-06,1.781293605932639e-06,7.136170664230939e-08,-4.3843423171591064e-08,-5.438826733075666e-07,-5.170423525637643e-07,-6.140040367511625e-07,-6.403559999977523e-07,-4.669995861602971e-07,-6.644286020813371e-07,-5.878787800989057e-07,3.957786489979703e-06,7.193121618446131e-07,6.849447219969867e-07,7.407636531797616e-07,4.648566947454825e-07,5.895477662922646e-07,5.675147326371142e-07,6.424237539590055e-07,7.23693286553115e-07,-4.822809767538694e-06,-5.990287036550334e-06,-7.20190896161557e-06,-7.698901585739784e-06,-7.719423098295641e-06,-7.885788349564052e-06,-7.830056635348901e-06,-7.656073812424918e-06,-7.921912567787619e-06,-8.127869864442516e-06,-7.579323743736105e-06,-7.708065910410676e-06,-7.936701488097046e-06,-8.144497746964651e-06,-8.060147363068927e-06,-7.998006603819691e-06,-8.11073694318946e-06,-8.463125416830204e-06,-8.439900825394754e-06,-6.364120602259848e-06,-7.439723028641112e-06,-7.18132014890992e-06,-7.512822855124243e-06,-7.687791165070724e-06,-7.767688594290378e-06,-7.694289799834129e-06,-7.841168781662828e-06,-7.933878333095493e-06,-8.120505962582312e-06,-6.366753001601786e-06,-6.839885134157253e-06,-7.0610596705578115e-06,-7.1361119923054905e-06,-7.146923301197693e-06,-7.116249100873671e-06,-7.247797022297391e-06,-7.267488499672472e-06,-7.808063866740637e-06,-4.976767524364346e-06,-6.449149128637161e-06,-6.327219700042629e-06,-6.831667038088145e-06,-6.829155721494337e-06,-6.8757785473799295e-06,-6.899066052951137e-06,-6.750649449644541e-06,-6.958768044592828e-06,-6.9821870586832355e-06,-6.4301928119261316e-06,-6.762224715899506e-06,-7.0239933940408875e-06,-7.025457891317569e-06,-7.067987415678014e-06,-7.1811828163392954e-06,-7.216074708422592e-06,-7.295428271901828e-06,-7.563736353166585e-06,-4.976498072108632e-06,-6.1587833513760365e-06,-5.854340230656361e-06,-5.98326197224985e-06,-6.056352703146498e-06,-6.012794766347504e-06,-6.080471969543347e-06,-6.132757930469492e-06,-6.094372038942801e-06,-6.602978612527738e-06
1.1600005626678467,-6.206165065542595e-06,-6.861761421737033e-06,-7.358638355753323e-06,-7.639420189033523e-06,-7.698996927618657e-06,-7.825254740900458e-06,-7.917982914917307e-06,-7.877365405068917e-06,-7.890116842104125e-06,-7.928675370019332e-06,-6.3350574352224186e-06,-6.4742092669465205e-06,-6.902702993310972e-06,-6.843548318699432e-06,-6.748165599564859e-06,-6.773747278084175e-06,-7.055703125088535e-06,-7.152541857079197e-06,-7.284236961629653e-06,-4.694344782570801e-06,-5.662432199779999e-06,-5.915854149407851e-06,-6.173417574813372e-06,-6.3455956608145024e-06,-6.50579230690022e-06,-6.440402158367413e-06,-6.607353266067991e-06,-6.558451510430611e-06,-6.691346297672613e-06,-5.44461346742978e-06,-5.91655591165355e-06,-6.128291817751316e-06,-6.355369497632607e-06,-6.189978444793192e-06,-6.259668900333256e-06,-6.238039308067513e-06,-6.177241172426263e-06,-6.233742452349991e-06,-3.553462648928184e-06,-4.899852117326764e-06,-5.150669709341758e-06,-5.466894131123269e-06,-5.5788088156861485e-06,-5.68668527555587e-06,-5.624654813774349e-06,-5.666356172402625e-06,-5.6243795734181465e-06,-5.772980101706762e-06,-4.411374615894301e-06,-4.8221361189239434e-06,-5.0633020353970045e-06,-5.238540049255742e-06,-5.166885018937067e-06,-5.214172577605598e-06,-5.163625203882426e-06,-5.518520895710421e-06,-5.490870097094331e-06,-2.3689885689023304e-06,-3.918877296647254e-06,-4.136053765548733e-06,-4.271054342840922e-06,-4.358784042698288e-06,-4.268998452688125e-06,-4.363422612050307e-06,-4.447440737407363e-06,-4.381423316965592e-06,-4.749676039324123e-06,-3.1349337666979955e-06,-3.774074481298533e-06,-4.004031399639537e-06,-4.055518710550918e-06,-4.24586244435582e-06,-4.153735046409047e-06,-4.138439074116353e-06,-4.23256138943064e-06,-4.469537871579116e-06,-1.768891827688501e-06,-3.256787374771207e-06,-3.4074227619158087e-06,-3.7333547988936734e-06,-3.770905945667142e-06,-3.738270873510783e-06,-3.834150865974379e-06,-3.714214305544082e-06,-3.7443291452748245e-06,-3.97318039261857e-06,-2.0922595204438495e-06,-2.886022526922838e-06,-2.926256871709001e-06,-2.9778823959889056e-06,-2.940904846378866e-06,-2.8401263233543037e-06,-2.7624376117109336e-06,-2.837439026935051e-06,-3.2466693796550442e-06,-4.830204371497148e-07,-1.1707128531362806e-06,-1.7146200809322596e-06,-2.1566260380124256e-06,-2.0021666218437156e-06,-2.1022071800313175e-06,-2.1343190582347225e-06,-2.128398909961868e-06,-2.100895510178123e-06,-2.1498237257034555e-06,-7.563816379947268e-06,-7.752299652880503e-06,-7.691203627794178e-06,-8.14917510737523e-06,-8.201990913177253e-06,-8.227184609209092e-06,-8.323711862301354e-06,-8.373602484349093e-06,-8.456739308492467e-06,-6.828599632436116e-07,-1.5707527089049067e-06,-1.5434725644257619e-06,-1.4092740884380715e-06,-1.6483420521647155e-06,-1.6791509965920625e-06,-1.510221688708614e-06,-1.6277190860710833e-06,-1.7445881329965473e-06,1.9305754763360342e-06,1.3885156951733557e-07,3.836863507802599e-08,-4.703242207502346e-07,-5.542853279248281e-07,-4.4412936308836334e-07,-5.175416750960656e-07,-6.795030087633627e-07,-6.707292550472491e-07,-6.274411659642506e-07,4.301966502401845e-06,7.947518549138805e-07,8.25838987674077e-07,9.200595568929495e-07,9.216980566936673e-07,8.887437761879449e-07,8.193762319435207e-07,9.784809043381074e-07,8.566653323538278e-07,-5.368717826630948e-06,-6.496066500530899e-06,-7.654926114784973e-06,-7.98383582388181e-06,-8.057730669335299e-06,-8.091188550534555e-06,-8.168457966426306e-06,-8.175465163112236e-06,-8.152744819487142e-06,-8.322793891134258e-06,-7.998568588831207e-06,-8.330376734186897e-06,-8.492822183141108e-06,-8.432487311244639e-06,-8.479602305426523e-06,-8.470616872606788e-06,-8.555472582840911e-06,-8.554160517527435e-06,-8.797554385326854e-06,-6.76041250118223e-06,-7.76544015093123e-06,-7.661037054668377e-06,-7.975571494910652e-06,-8.151932687871856e-06,-8.165231801446562e-06,-8.239275268064177e-06,-8.242273935529025e-06,-8.332250137395064e-06,-8.292943254822761e-06,-6.687232863624024e-06,-7.328885505984258e-06,-7.733544984962307e-06,-7.90838940798775e-06,-7.81150962002964e-06,-7.901443112185234e-06,-7.936408991292178e-06,-7.985907532445881e-06,-7.984262201967568e-06,-5.651210439066118e-06,-6.613332194119109e-06,-6.697815668375159e-06,-7.07789506187514e-06,-7.280054286080796e-06,-7.249435809705585e-06,-7.246344460731035e-06,-7.203378492023112e-06,-7.264316620604154e-06,-7.2791510547969346e-06,-6.748560484631803e-06,-7.1905609052680234e-06,-7.223224198908135e-06,-7.4106334736175976e-06,-7.68579754193686e-06,-7.530257764228932e-06,-7.414223821566038e-06,-7.614116626945188e-06,-8.025811919553201e-06,-5.258329744584475e-06,-6.40676660764878e-06,-6.250878968696519e-06,-6.2914598085914955e-06,-6.234489153264088e-06,-6.317534877738886e-06,-6.40076740327048e-06,-6.30652094937861e-06,-6.355828662970829e-06,-6.952674792569306e-06
1.170011043548584,-6.1014809767739835e-06,-6.977244380374435e-06,-7.188690953349589e-06,-7.301192644774548e-06,-7.834806472843874e-06,-7.77443658473699e-06,-7.785526081962042e-06,-7.709066712531362e-06,-7.5741076945197074e-06,-7.863705344109643e-06,-6.299651300968913e-06,-6.545211787800061e-06,-6.82271604626387e-06,-6.878068262412133e-06,-6.873119975757517e-06,-6.970121637384321e-06,-7.071887085468769e-06,-7.104005866251639e-06,-7.153115274487952e-06,-4.672136703814507e-06,-5.656766512223081e-06,-5.744898610892748e-06,-6.106306958348688e-06,-6.262802311901426e-06,-6.3957733870269026e-06,-6.404232929573578e-06,-6.442731850839023e-06,-6.370048336179928e-06,-6.3938502996269544e-06,-5.561253470950154e-06,-5.977722831983139e-06,-5.911711954611486e-06,-6.086901650413963e-06,-6.1124624054892736e-06,-6.245872082018311e-06,-6.094418199942979e-06,-6.0301057166292846e-06,-6.22466081482895e-06,-3.5001300124886522e-06,-4.672439338782966e-06,-5.076066055259363e-06,-5.4040363664320125e-06,-5.632863490698562e-06,-5.637521797113741e-06,-5.668070888184945e-06,-5.586229663826946e-06,-5.688753317124601e-06,-5.755184389021241e-06,-4.377582642658709e-06,-4.818671455443278e-06,-4.848719030975163e-06,-5.015609992761958e-06,-4.985823205310519e-06,-4.981032635406512e-06,-5.085330862792793e-06,-5.182001667967385e-06,-5.139304432496481e-06,-2.4412528956626103e-06,-4.059820635350235e-06,-3.7871958534519904e-06,-4.291223500285606e-06,-4.271493627312244e-06,-4.288788902986488e-06,-4.273521116226613e-06,-4.4441537434460765e-06,-4.435602238408391e-06,-4.746143356674971e-06,-3.1963528828346324e-06,-3.4467994971542684e-06,-3.534609799007273e-06,-3.886728353030155e-06,-3.7737358953953563e-06,-3.970012899564285e-06,-4.0082440942188836e-06,-4.126962744833731e-06,-4.363166174032963e-06,-1.4603317137776995e-06,-3.2069149438964347e-06,-3.1561943226188553e-06,-3.55251260952732e-06,-3.704403726870695e-06,-3.6535549405108452e-06,-3.782780359649898e-06,-3.854254916276288e-06,-3.7348045562871207e-06,-3.800812845191474e-06,-1.8225126108697996e-06,-2.7136056008869067e-06,-2.7726624530050786e-06,-2.9170072534454895e-06,-2.96692904495363e-06,-3.067132604679244e-06,-2.9260379125411e-06,-2.805972216353295e-06,-2.862634772170168e-06,1.8716070994682038e-07,-1.0301801460096516e-06,-1.6321620463873003e-06,-2.061280851653698e-06,-2.06552284624484e-06,-2.286566700997698e-06,-2.287664966102405e-06,-2.299730135744776e-06,-2.346280736202519e-06,-2.3407912082257194e-06,-7.239364011540536e-06,-7.811108479500053e-06,-8.012191979837071e-06,-8.152661053809248e-06,-8.142962210640966e-06,-8.243510216272115e-06,-8.242224898454069e-06,-8.333381657114385e-06,-8.440809521220691e-06,-5.472590772434981e-07,-1.1412749335553478e-06,-1.1361726330963987e-06,-1.424723966682294e-06,-1.5869513372665058e-06,-1.5027462670489145e-06,-1.5691039990387288e-06,-1.3905989799384073e-06,-1.672573161919473e-06,1.9166874145487754e-06,7.78702566735101e-07,1.7475497709986344e-07,-1.2710194122898622e-07,-4.595957428116217e-07,-3.678637691958144e-07,-4.7378665527294673e-07,-3.078288718986332e-07,-4.129556604773651e-07,-3.163775727634105e-07,3.3747238768503244e-06,8.833594765970657e-07,9.710056264821468e-07,2.1115997212358004e-07,8.654312487661728e-07,4.7078432081275817e-07,5.25619203010426e-07,1.1748869004608055e-06,3.7856434920908576e-07,-5.413281436902282e-06,-6.619101420368017e-06,-7.501213435481294e-06,-8.08367804076257e-06,-8.064685161950932e-06,-8.132020471757605e-06,-8.150887162788382e-06,-8.238619594916787e-06,-8.083018700619838e-06,-8.315175025245034e-06,-7.764238095477992e-06,-8.254270618640758e-06,-8.41257955304629e-06,-8.609528695890712e-06,-8.598136276089723e-06,-8.608523795363468e-06,-8.627938738148698e-06,-8.625771328196406e-06,-8.748914208690482e-06,-6.8705404961914846e-06,-7.779880850486978e-06,-7.472570319165112e-06,-7.984006015606765e-06,-8.202305915267255e-06,-8.295914383871615e-06,-8.228954545627138e-06,-8.221928726357025e-06,-8.314458810723577e-06,-8.346000003789266e-06,-6.677858657396247e-06,-7.411877663566326e-06,-7.714653559688444e-06,-7.8240270883817e-06,-7.836657658374385e-06,-7.824907023459864e-06,-7.79075248504764e-06,-8.054648523800037e-06,-8.085729760606939e-06,-5.220111959628527e-06,-6.610539022197111e-06,-6.743578907411638e-06,-7.117877965823884e-06,-6.944811316520258e-06,-7.050439404932701e-06,-7.1091605112715385e-06,-7.123087328166424e-06,-7.188565628391162e-06,-7.613330523806638e-06,-6.755237004620194e-06,-7.011129286776273e-06,-7.283981494287545e-06,-7.681316114120494e-06,-7.826064931165268e-06,-7.736625980067659e-06,-7.725536482842606e-06,-7.735606195853442e-06,-8.069582829689465e-06,-5.40695076490588e-06,-6.274206379805264e-06,-5.960937771974416e-06,-6.065237113839674e-06,-6.177126992257598e-06,-6.391340492972406e-06,-6.342391425904936e-06,-6.237513849205671e-06,-6.290474105863391e-06,-6.839679998123751e-06
1.1800071001052856,-6.162340876121078e-06,-6.88606515237992e-06,-7.048523004406611e-06,-7.2661552952093824e-06,-7.568174424155681e-06,-7.81487541843983e-06,-7.67166328814865e-06,-7.72807116754398e-06,-7.687279942779032e-06,-7.620480517605268e-06,-6.1971326808021185e-06,-6.5362444742514235e-06,-6.735929195620423e-06,-6.6874817878960135e-06,-6.706790028307e-06,-6.782362272472573e-06,-6.774351469493049e-06,-7.022083967996134e-06,-7.117392843910796e-06,-4.766368669479685e-06,-5.537280381053869e-06,-5.8525947408739225e-06,-6.121036415812093e-06,-6.117193979909408e-06,-6.235084069331805e-06,-6.302152982712215e-06,-6.155173410168176e-06,-6.155548953632242e-06,-6.355752878400443e-06,-5.373851889740721e-06,-5.87454904198204e-06,-5.967917502146221e-06,-5.97541204970319e-06,-5.947570854936833e-06,-5.973701504229297e-06,-6.16494990735545e-06,-6.183256626627056e-06,-6.23459865981124e-06,-3.330798377694772e-06,-4.73796326074386e-06,-5.134778964785086e-06,-5.569215021149113e-06,-5.624709099685775e-06,-5.633024694689838e-06,-5.6613049222709745e-06,-5.638572930543032e-06,-5.642179887823312e-06,-5.742123414438109e-06,-4.4312099689101265e-06,-4.809072016609492e-06,-4.9094884777705075e-06,-4.990035863938932e-06,-5.0390558622006e-06,-5.076720865584321e-06,-4.962338401009577e-06,-5.0025538715550135e-06,-5.258571262963912e-06,-2.644935936187233e-06,-4.114793389382547e-06,-4.093857578254997e-06,-4.215788804396265e-06,-4.374233058120077e-06,-4.294321320428406e-06,-4.284409432020983e-06,-4.358065131856728e-06,-4.373929919838533e-06,-4.846396456788626e-06,-3.3930371391920496e-06,-3.891424767436135e-06,-4.0534908261762665e-06,-4.159773724913667e-06,-4.240735229899111e-06,-4.146749815744231e-06,-4.130861623703923e-06,-4.146771278452257e-06,-4.45519341267561e-06,-1.960993706004864e-06,-3.225891500983711e-06,-3.6198324963829984e-06,-3.603152952367674e-06,-3.842667642409127e-06,-3.929283582308922e-06,-3.853657986956226e-06,-3.858354257558468e-06,-3.962675098082688e-06,-3.85252466969017e-06,-2.2904137745709603e-06,-2.973866568728075e-06,-3.141019504976162e-06,-3.109178588967728e-06,-3.1669645755436108e-06,-3.2884372115616135e-06,-3.4132548663495383e-06,-3.0975055721212632e-06,-3.1592591038526496e-06,-8.189538084605814e-07,-1.0493480339714984e-06,-2.0349481221571823e-06,-2.297585770341638e-06,-2.231318598756379e-06,-2.2906292644736612e-06,-2.131198301395572e-06,-2.2701024671304e-06,-2.4786646966131107e-06,-2.338132960161719e-06,-7.034164632491368e-06,-7.881589280388962e-06,-7.964673616167647e-06,-8.241158018515371e-06,-8.008196177246879e-06,-8.013129292607044e-06,-8.0797624087568e-06,-8.293315059389617e-06,-8.262297527639034e-06,-1.1849873155698909e-06,-1.5096320214773657e-06,-1.792361460694992e-06,-1.6065073515195705e-06,-1.6676414126948269e-06,-1.5943365220800625e-06,-1.7212439687522232e-06,-1.693179302975657e-06,-1.8654545284023963e-06,8.872490801261e-07,6.430615594918295e-09,-2.5993029114363045e-07,-3.990099333908183e-07,-5.946479456460658e-07,-5.603627615370746e-07,-4.0107207900625587e-07,-2.8534673916698246e-07,-4.23239641059122e-07,-6.79401770931196e-07,1.1408065647778387e-06,5.785729165980277e-07,6.756922096832307e-07,-4.529644490991062e-07,4.378708086670063e-07,1.6333056096697524e-07,1.1196767624065477e-07,6.083978839421369e-07,4.222631417703053e-07,-5.106471594248238e-06,-6.63056153577908e-06,-7.691810407670353e-06,-7.907377461077301e-06,-8.063148331393596e-06,-8.000339316169818e-06,-8.143114930211649e-06,-8.066344585195656e-06,-7.868287578346958e-06,-8.197139694046376e-06,-7.77463913230319e-06,-8.055897531174018e-06,-8.267310454074275e-06,-8.391298325337969e-06,-8.436923656588868e-06,-8.433377168780785e-06,-8.406111260871788e-06,-8.452463663826429e-06,-8.566838974165164e-06,-6.8374499616431795e-06,-7.837162840909046e-06,-7.315248309819463e-06,-7.999439104764474e-06,-8.18966003017638e-06,-8.184240858178823e-06,-8.195791677798183e-06,-8.176862863552211e-06,-8.144037862607735e-06,-8.437240312421866e-06,-6.584810951471622e-06,-7.137111572094396e-06,-7.328046986382891e-06,-7.434208586666552e-06,-7.458064979828742e-06,-7.239258459596203e-06,-7.58936311415804e-06,-7.825305216012803e-06,-8.084063650488357e-06,-5.408251254018377e-06,-6.64909747821045e-06,-6.666563377020867e-06,-7.035853175993214e-06,-7.026466243134546e-06,-6.968850556136424e-06,-7.100833411968365e-06,-7.014001047441565e-06,-7.10058384057955e-06,-7.413619558255294e-06,-6.665370453105046e-06,-6.811988862558907e-06,-7.277847258198444e-06,-7.687670801341287e-06,-7.660542082199176e-06,-7.66102253049075e-06,-7.505962410153833e-06,-7.828116722911508e-06,-8.104904694951992e-06,-5.194975785092238e-06,-6.195373170155139e-06,-5.97357366270544e-06,-6.070548145425597e-06,-6.182407249843402e-06,-6.343512735558798e-06,-6.333490981094876e-06,-6.249431152653546e-06,-6.314768093802971e-06,-6.659256924754343e-06
1.1900031566619873,-6.7569794745241174e-06,-6.931446412735018e-06,-7.5432066437976125e-06,-7.687358747227935e-06,-7.93853067165551e-06,-7.977411176142054e-06,-7.935702052111879e-06,-7.928764168828087e-06,-7.9496574859508e-06,-8.078969115431307e-06,-6.651030488068378e-06,-6.775544609114479e-06,-7.114671717661974e-06,-7.142072513478033e-06,-7.133975715862663e-06,-7.0644558834587726e-06,-7.025909147450153e-06,-7.226584532776249e-06,-7.424248308300998e-06,-5.194467079365975e-06,-5.848392364212839e-06,-6.2603411828124856e-06,-6.577948565150738e-06,-6.734002872636353e-06,-6.575170852130668e-06,-6.644501438814202e-06,-6.592092094280104e-06,-6.664106346338484e-06,-6.7498660068751605e-06,-5.969285219506641e-06,-6.406488131708452e-06,-6.314397942979112e-06,-6.0797341844610594e-06,-6.116088272961215e-06,-6.4363303555012265e-06,-6.406407601614683e-06,-6.119369514772947e-06,-6.313016636165369e-06,-4.362710280229801e-06,-5.057564338117846e-06,-5.535367575621251e-06,-5.784615765532055e-06,-5.693230071319453e-06,-5.760085939460723e-06,-5.7439183727067214e-06,-5.707355481177722e-06,-5.670820559475934e-06,-5.8052819446492184e-06,-4.6718587671382e-06,-5.272012814141971e-06,-5.651939416169399e-06,-5.6951449619062844e-06,-5.689619447043833e-06,-5.646443165367808e-06,-5.677634412034948e-06,-5.497470760610466e-06,-5.539964118330584e-06,-3.3136485954533326e-06,-4.1906588134207475e-06,-4.3150107598003326e-06,-4.499461919699309e-06,-4.5315837203606965e-06,-4.40618071245369e-06,-4.339628989220135e-06,-4.382623934381442e-06,-4.326538462968666e-06,-4.785182260979884e-06,-3.99936823984817e-06,-4.2026479468361895e-06,-4.147625256955554e-06,-4.170115370794712e-06,-4.15692691419707e-06,-4.138306918480328e-06,-4.110163340402056e-06,-4.083995158333746e-06,-4.613727112325002e-06,-2.2251183208002e-06,-3.255741921589601e-06,-3.7486143528894976e-06,-3.8135952719324085e-06,-3.925918574819296e-06,-3.8530245674374265e-06,-3.793418672644238e-06,-3.929099154013817e-06,-3.847733129110924e-06,-4.128406390568277e-06,-2.7162076576399424e-06,-3.2856064349619005e-06,-3.1925346059600792e-06,-3.170010051125461e-06,-3.2740711820972754e-06,-3.2601965300086665e-06,-3.208940060049112e-06,-3.0674516692248684e-06,-3.344017212832251e-06,-1.175284661602528e-06,-9.657575809338498e-07,-2.1367732847441965e-06,-2.2852964466212986e-06,-2.083913834507426e-06,-2.0528446053127195e-06,-2.2695217157309625e-06,-2.2288864461208213e-06,-2.18850452274764e-06,-2.156437906771045e-06,-7.333947397592584e-06,-8.139194265075019e-06,-8.305266588127344e-06,-8.482576454353892e-06,-8.436668836363586e-06,-8.350608841718272e-06,-8.387291521761752e-06,-8.409285584603668e-06,-8.563443767890374e-06,-1.5518831417993518e-06,-1.633966315948004e-06,-1.4468279674825784e-06,-1.7138377166909216e-06,-1.527071819909177e-06,-1.6437293674856937e-06,-1.7211502446654128e-06,-1.5471582542530743e-06,-1.7809884543987507e-06,6.671030999678299e-07,1.0436951808982718e-07,-3.684603390065286e-07,-6.808329057404592e-07,-5.239039120131501e-07,-4.0941463721135886e-07,-7.188057929291071e-07,-9.127314621637254e-07,-3.7471752729236617e-07,-5.559537389032314e-07,1.0364783902629374e-06,1.2700908715479604e-06,6.432902074366494e-07,1.4504045102720837e-08,9.380486856072551e-07,7.628346150710399e-07,6.473817833169307e-07,2.2570356325449054e-08,8.852480510996834e-07,-5.76918727809399e-06,-6.7273832270266845e-06,-7.954628205988682e-06,-8.11897646601566e-06,-8.320230014273893e-06,-8.265554610422637e-06,-8.297995439678713e-06,-8.203583323879662e-06,-8.309912958832197e-06,-8.37150158362603e-06,-8.078030220820207e-06,-8.512509202600288e-06,-8.689774633471525e-06,-8.6871927811438e-06,-8.59907315744848e-06,-8.646362873173096e-06,-8.630975873113694e-06,-8.659666157056227e-06,-8.983208463501502e-06,-7.061511933316567e-06,-8.101252151886489e-06,-8.034092857856197e-06,-8.146516391949078e-06,-8.246150309114083e-06,-8.224184863216202e-06,-8.10612983090532e-06,-8.179985489839965e-06,-8.403427164085725e-06,-8.372396618096774e-06,-7.288089248088449e-06,-7.87266985348537e-06,-7.987444291101346e-06,-7.92549241806312e-06,-7.886354504883994e-06,-7.920524717903756e-06,-7.975813804210654e-06,-8.00379944983271e-06,-8.44688537299181e-06,-5.623919401453753e-06,-6.997468075387087e-06,-6.95383658297566e-06,-7.474535900569897e-06,-7.411683528518848e-06,-7.375749059328723e-06,-7.4035574668426184e-06,-7.339931430676433e-06,-7.329351789607554e-06,-7.915072471046259e-06,-7.179377216594007e-06,-7.290265717676291e-06,-7.765815119180342e-06,-7.811864311951569e-06,-7.675082797255309e-06,-7.696883731675919e-06,-7.776628081815542e-06,-8.088332752084278e-06,-8.382777522398532e-06,-5.636608787175637e-06,-6.37798536784141e-06,-6.5458090047276e-06,-6.434830410602913e-06,-6.446329460876275e-06,-6.497354622521853e-06,-6.383392747932378e-06,-6.301628961887763e-06,-6.4483956329964015e-06,-7.125563844255423e-06
1.2000136375427246,-6.8920510908633086e-06,-7.000154185425494e-06,-7.656267012748093e-06,-7.871366560199965e-06,-8.100450302238533e-06,-8.038867717201733e-06,-8.00523842194574e-06,-8.093016655564977e-06,-7.907172900258754e-06,-7.936274175286986e-06,-6.867225316697378e-06,-6.85701287847571e-06,-7.147616794728408e-06,-7.102681361914751e-06,-7.009480792615703e-06,-7.226512127593727e-06,-7.1480036267859765e-06,-7.211215939595423e-06,-7.514847324160096e-06,-5.267442084203765e-06,-5.906015241397905e-06,-6.357668775613447e-06,-6.6548715578355434e-06,-6.743739464286089e-06,-6.639614412552345e-06,-6.763813603410313e-06,-6.714091591246402e-06,-6.570914549067509e-06,-6.848235817273602e-06,-6.028726926380972e-06,-6.287200845159166e-06,-6.080464707454534e-06,-6.12432844290424e-06,-6.084558799900245e-06,-6.03935898391267e-06,-6.002401423022335e-06,-6.077150894095946e-06,-6.351055097858942e-06,-4.4187499861026794e-06,-5.0681192449436385e-06,-5.528566953006213e-06,-5.749837046991252e-06,-5.714504180742703e-06,-5.672609118478165e-06,-5.741130162013714e-06,-5.724766159352412e-06,-5.66361095902754e-06,-5.799155402060147e-06,-4.8331299147607764e-06,-5.3367380141862305e-06,-5.634270466479695e-06,-5.772304080330321e-06,-5.678101702284415e-06,-5.592395033425513e-06,-5.5587054125010644e-06,-5.47843812006503e-06,-5.390029954167662e-06,-3.389600301734857e-06,-4.206543410367583e-06,-4.292926100602927e-06,-4.707312284723665e-06,-4.735526110928377e-06,-4.6428513959514535e-06,-4.590942416526763e-06,-4.481167639451116e-06,-4.5896756493910314e-06,-4.829690956198436e-06,-4.068599170540666e-06,-4.26679757241561e-06,-4.061469057608934e-06,-3.975553010506234e-06,-4.177400540107882e-06,-4.02538920283881e-06,-4.031865332317081e-06,-4.19422899289481e-06,-4.723407805804491e-06,-2.5830182165369885e-06,-3.3673952428570796e-06,-3.893925514455135e-06,-3.83878077115113e-06,-3.849204564918007e-06,-3.802615353156376e-06,-3.848834593848822e-06,-3.927613948998738e-06,-3.835878991455349e-06,-4.019040807031592e-06,-2.79174366326332e-06,-3.31997466573009e-06,-3.3370789340881764e-06,-3.0749245024172685e-06,-3.4633299166923826e-06,-3.353602379144955e-06,-3.1929143916344427e-06,-3.065579416446613e-06,-3.326080752237307e-06,-1.105115986728843e-06,-1.150250731524578e-06,-2.12287601951765e-06,-2.296180340450698e-06,-2.2464398135554077e-06,-2.1480139196988054e-06,-2.194413562181666e-06,-2.3049635852135776e-06,-2.134393979982675e-06,-2.214303632520133e-06,-7.607972252692495e-06,-8.174477806641134e-06,-8.356952743658651e-06,-8.517288735567336e-06,-8.479407091851004e-06,-8.271767075745685e-06,-8.373447032507372e-06,-8.401516300003582e-06,-8.438317402426024e-06,-1.5307388152504358e-06,-1.6648378150017608e-06,-1.6296776570435974e-06,-1.4241464508669806e-06,-1.5834617238371467e-06,-1.571309445079953e-06,-1.441445105929088e-06,-1.6160138571871109e-06,-1.7359190684023336e-06,6.652826884374378e-07,1.6351865625742106e-07,-5.328054353512521e-07,-5.216253417707089e-07,-4.401419011150261e-07,-5.300833024762576e-07,-4.082958441229276e-07,-4.4854823627831934e-07,-3.0167018917392326e-07,-6.199994662813167e-07,8.658139824171828e-07,9.49035650766492e-07,9.722665695664537e-07,1.7442990874814126e-07,8.399487229248084e-07,8.03600746083555e-07,4.2279456848731e-07,3.530600371012822e-07,8.787695488597205e-07,-5.870617663466864e-06,-6.782447260482248e-06,-8.099896154530786e-06,-8.351947870232787e-06,-8.297481628919722e-06,-8.305483300361824e-06,-8.233666850346265e-06,-8.356616171007818e-06,-8.22737845664909e-06,-8.469664748051712e-06,-8.145431248935544e-06,-8.610110669621932e-06,-8.848576527093913e-06,-8.809015543315024e-06,-8.80578542373246e-06,-8.718706220087886e-06,-8.640797956086192e-06,-8.724162709155678e-06,-8.97863464178291e-06,-7.09875825211456e-06,-8.185669835932005e-06,-7.958540602410326e-06,-8.245929714178651e-06,-8.496144912331507e-06,-8.64568095584336e-06,-8.331323538003634e-06,-8.273139251022009e-06,-8.279331799527225e-06,-8.422892510081432e-06,-7.4783681264071205e-06,-7.796621547042258e-06,-8.030980513535771e-06,-8.022556921923812e-06,-7.991075263606018e-06,-7.943939274078258e-06,-8.006987075410434e-06,-8.013986506694465e-06,-8.56595156129258e-06,-5.685704605958626e-06,-7.084321435259762e-06,-7.122588760603752e-06,-7.51306804049902e-06,-7.5816956426050744e-06,-7.587161766523373e-06,-7.370190972919416e-06,-7.4119145492253475e-06,-7.450563457790437e-06,-8.002844736810331e-06,-7.2226947854434755e-06,-7.3912805102438215e-06,-7.917884049846832e-06,-8.165531200830895e-06,-8.038538406639713e-06,-7.925985592985585e-06,-7.829151966027653e-06,-8.195238896225954e-06,-8.288841468877019e-06,-5.706940068127053e-06,-6.4056534948080334e-06,-6.6256798302555615e-06,-6.5309527842683795e-06,-6.771197350186481e-06,-7.044688477709565e-06,-6.503780995906474e-06,-6.518603278683322e-06,-6.480539938942923e-06,-7.1620275112046005e-06
1.2100096940994263,-7.022703546405067e-06,-7.143620201217652e-06,-7.826842477981355e-06,-8.155912024933948e-06,-8.339193413319063e-06,-8.261951607745177e-06,-8.183397808759681e-06,-8.22039966120159e-06,-8.145495169697472e-06,-8.264515053194324e-06,-6.9454289535787165e-06,-7.024541573893471e-06,-7.352847882501997e-06,-7.2127286111246275e-06,-7.107823783616846e-06,-7.192440204429483e-06,-7.0283469084315265e-06,-7.354224587596097e-06,-7.555245533306704e-06,-5.4281020659361314e-06,-5.992927381048845e-06,-6.466934954815635e-06,-6.840086962704761e-06,-6.913921841999141e-06,-6.811319024743237e-06,-6.827340774506022e-06,-6.807038706455685e-06,-6.806773748066812e-06,-6.981643624354035e-06,-6.174443902097708e-06,-6.504600533414311e-06,-6.3594587726530664e-06,-6.3495606175027055e-06,-6.296100283343055e-06,-6.494616815039321e-06,-6.293174308668208e-06,-6.278763664093885e-06,-6.422059488161087e-06,-4.545288540233697e-06,-5.114336903794956e-06,-5.731294345784155e-06,-5.977115764499487e-06,-6.008361297078053e-06,-5.887190181549531e-06,-6.0741087260000895e-06,-5.8954494773898276e-06,-5.924910908882066e-06,-5.942799159273552e-06,-4.97926259113566e-06,-5.51725779557003e-06,-5.872052249565859e-06,-5.8596122914290506e-06,-5.826288938627511e-06,-5.836139854249652e-06,-5.811139142835381e-06,-5.67823515215409e-06,-5.56273400234372e-06,-3.500394179956962e-06,-4.202554510356856e-06,-4.563899116805541e-06,-4.76845853326579e-06,-4.630195480549792e-06,-4.6213406934268235e-06,-4.309290498724511e-06,-4.675461482208183e-06,-4.484070929086155e-06,-5.09474918081747e-06,-4.412610321422436e-06,-4.290447751016256e-06,-4.345798816734608e-06,-4.249577937508014e-06,-4.237654414548432e-06,-4.264098160531358e-06,-4.204137969276521e-06,-4.3187145329478075e-06,-4.732113899861466e-06,-2.875856699088033e-06,-3.6124071543753616e-06,-4.089642798521436e-06,-4.116872072427954e-06,-4.166122695935841e-06,-3.988313111716708e-06,-4.03807315996955e-06,-4.088105608454754e-06,-4.121950609319055e-06,-4.110033809184266e-06,-3.034157904042602e-06,-3.5434330571604935e-06,-3.4934667943461067e-06,-3.6069751119431762e-06,-3.7385378451520003e-06,-3.634581115694607e-06,-3.7167296845935118e-06,-3.3022712031430558e-06,-3.5273273979160757e-06,-1.502582906001555e-06,-1.268871056332971e-06,-2.444154028241567e-06,-2.4274063931558863e-06,-2.411342472946676e-06,-2.4738338616622187e-06,-2.566782378957956e-06,-2.5021306266733256e-06,-2.2898576136108693e-06,-2.4705922018296113e-06,-7.886399371650522e-06,-8.321727083097431e-06,-8.700164165997614e-06,-8.664574753878914e-06,-8.56271202256512e-06,-8.672369347937042e-06,-8.593955613793209e-06,-8.635887058403682e-06,-8.693479449196107e-06,-1.8380153010371233e-06,-1.8277923291915835e-06,-1.958620980264396e-06,-1.7481760362814262e-06,-1.873294061128922e-06,-1.7982464849046266e-06,-1.961348757436141e-06,-1.8029378661797466e-06,-1.880906312046159e-06,3.202853674654121e-07,-4.721055176636555e-08,-4.51852918099488e-07,-8.365799765379721e-07,-7.425698640909402e-07,-6.500626445188689e-07,-7.583419705630423e-07,-7.772270684723956e-07,-5.959551935342898e-07,-6.949545047996476e-07,8.850581582625017e-07,6.102017580425587e-07,6.94885047593772e-07,-1.3227312367885583e-07,4.7252866016528653e-07,5.687912424761541e-07,4.4529827177979163e-07,-6.670573703788692e-08,1.0231060086832767e-06,-6.014239922021308e-06,-7.1710578107908635e-06,-8.200842137009268e-06,-8.493253019142772e-06,-8.575982878705137e-06,-8.508776920361579e-06,-8.454924864817239e-06,-8.484637161931942e-06,-8.454250209576317e-06,-8.61759385668353e-06,-8.335846956511752e-06,-8.720657780628129e-06,-8.749521060468527e-06,-8.884749782392438e-06,-8.812753290095807e-06,-8.785686406561411e-06,-8.85412850184432e-06,-8.820246615320996e-06,-9.060202423331442e-06,-7.46382453527621e-06,-8.229116540538979e-06,-8.259321293557452e-06,-8.36022780190961e-06,-8.551559395498701e-06,-8.543003935858197e-06,-8.456411364065968e-06,-8.37792443381905e-06,-8.434248619438355e-06,-8.609392657553738e-06,-7.73478234423344e-06,-8.222111788516612e-06,-8.191490939379708e-06,-8.275887771883087e-06,-8.198344625574392e-06,-8.119596907247027e-06,-8.139919323526415e-06,-8.20907252829805e-06,-8.487205424806341e-06,-5.8982969352232494e-06,-7.161169146687268e-06,-7.233409242517548e-06,-7.609763975376982e-06,-7.871896117468365e-06,-7.993250870371426e-06,-7.4960771254381016e-06,-7.490836629586096e-06,-7.561447069545598e-06,-8.102446873349044e-06,-7.395562697979979e-06,-7.574790834181223e-06,-8.095930766431366e-06,-8.172072257697268e-06,-8.09839009797357e-06,-7.860030799072092e-06,-7.912959347005392e-06,-8.234871925678019e-06,-8.449966943312119e-06,-5.811297830261227e-06,-6.554748492252764e-06,-6.843946367448632e-06,-6.68298482927585e-06,-7.088161570302623e-06,-7.142348400951061e-06,-6.627023316685981e-06,-6.562844067536352e-06,-6.614824805026741e-06,-7.33245528999804e-06
1.220005750656128,-6.984665875632057e-06,-7.0347228786056725e-06,-7.947385602582217e-06,-8.250850534319143e-06,-8.189940878878398e-06,-8.049852597206755e-06,-8.240095380786969e-06,-8.083602471897793e-06,-8.141415673331256e-06,-8.03898937516482e-06,-6.869021856807117e-06,-7.074552703474387e-06,-7.33070347285109e-06,-7.1638360589265355e-06,-7.242950692493634e-06,-7.341259386303055e-06,-7.302170869708231e-06,-7.354903197439839e-06,-7.514975453291432e-06,-5.389891543068997e-06,-5.9764290297445e-06,-6.575849893385626e-06,-6.8031892241697965e-06,-6.8548459718365035e-06,-6.771880921259213e-06,-6.782803462343435e-06,-6.781311642356367e-06,-6.821255863099354e-06,-6.891171731000101e-06,-6.133892757674807e-06,-6.269165555444683e-06,-6.261317825905041e-06,-6.233600158550376e-06,-6.143477708281903e-06,-6.32973295798691e-06,-6.3489553475657905e-06,-6.128215457965975e-06,-6.3399292901898245e-06,-4.548769777095267e-06,-5.042534798202348e-06,-5.710198840604587e-06,-5.858173966432844e-06,-5.834277020616292e-06,-5.8742729388034045e-06,-5.77163050361744e-06,-5.846614015276067e-06,-5.768091925014994e-06,-5.929553540689708e-06,-4.994128626200059e-06,-5.537401176194522e-06,-5.80767915297623e-06,-5.731010333399881e-06,-5.663871747107987e-06,-5.730683179893945e-06,-5.685976395025096e-06,-5.651018281320048e-06,-5.545662341483423e-06,-3.574985143359401e-06,-4.375730162894548e-06,-4.430078161583327e-06,-4.6930105714815375e-06,-4.721699057877334e-06,-4.5131992032663605e-06,-4.4726435290256854e-06,-4.5364917779193634e-06,-4.382641478437584e-06,-4.831041776619538e-06,-4.357876784909739e-06,-4.299705116706199e-06,-4.340759789920763e-06,-4.2621798905566626e-06,-4.12376746170691e-06,-4.1970572888800275e-06,-4.144720744988733e-06,-4.229305277322276e-06,-4.569562359698899e-06,-2.7084024940070076e-06,-3.4525592323564104e-06,-4.042719279017861e-06,-3.81458766153437e-06,-4.0687711957632924e-06,-3.914933838618012e-06,-4.005974044347971e-06,-3.9023359120740516e-06,-3.78575292673614e-06,-3.952482648580723e-06,-2.938639685835075e-06,-3.4884148611466976e-06,-3.2632374757727423e-06,-3.552369021494056e-06,-3.5058955717422184e-06,-3.4135623187432482e-06,-3.4564621017803557e-06,-3.200050975734423e-06,-3.412610050384432e-06,-1.361074130997326e-06,-1.226831830820214e-06,-2.256605587463811e-06,-2.1878297956048482e-06,-2.0998431184661164e-06,-2.186381620052529e-06,-2.2319594960696007e-06,-2.1691895954627955e-06,-2.1529988763068344e-06,-2.2609184772982173e-06,-7.864869794885166e-06,-8.604008070355381e-06,-8.646080802139297e-06,-8.591038698753913e-06,-8.442974558411293e-06,-8.598673454956282e-06,-8.610708533666296e-06,-8.553227662673365e-06,-8.626285714170356e-06,-1.6565186249042246e-06,-1.805917623452932e-06,-1.9100809988830852e-06,-1.6589961476193962e-06,-1.8118681502656232e-06,-1.8409046417094922e-06,-1.5713337479118227e-06,-1.665972786010815e-06,-1.8602707631253756e-06,6.435824885359087e-07,-6.40997256820321e-08,-3.867832361987582e-07,-8.16986357607192e-07,-4.213290645844564e-07,-4.3888088612884965e-07,-8.09462258381884e-07,-4.772179562861931e-07,-3.391632032859523e-07,-5.858851210141067e-07,7.885723206470342e-07,5.675603543732714e-07,6.464800619723282e-07,-1.136583048967142e-07,9.199922567431569e-07,9.820171101788613e-07,6.126815816175525e-07,6.37208747319714e-08,6.125287182431307e-07,-6.362692954691253e-06,-6.928063357876164e-06,-8.204000139016785e-06,-8.457933239034459e-06,-8.39316202179376e-06,-8.445328050401686e-06,-8.34940728957812e-06,-8.441930183757728e-06,-8.400766794916577e-06,-8.61169157602523e-06,-8.3740699184023e-06,-8.755258542042078e-06,-8.908035634220648e-06,-8.872149123577438e-06,-8.89345479792137e-06,-8.886022589285202e-06,-8.822249513796019e-06,-8.96439835924197e-06,-9.09844185075009e-06,-7.4929680167018e-06,-8.244038263601256e-06,-8.34063439868444e-06,-8.469254907395923e-06,-8.446628539514185e-06,-8.439466322397748e-06,-8.495334937772305e-06,-8.395008030389672e-06,-8.45634593336478e-06,-8.604263106286274e-06,-7.920401334295802e-06,-8.158626608112652e-06,-8.093130332420554e-06,-8.151106103980816e-06,-8.15325654509192e-06,-8.15810373771811e-06,-8.147154664844066e-06,-8.156453158403327e-06,-8.516166419287303e-06,-6.096219413674232e-06,-7.182010622562117e-06,-7.400769328051481e-06,-7.643917794770513e-06,-7.958132918810623e-06,-8.122624910674605e-06,-7.445888757749025e-06,-7.394789680981668e-06,-7.558310278589564e-06,-8.293096981019617e-06,-7.389283579623964e-06,-7.762643887228847e-06,-8.237705075039424e-06,-8.227097392241464e-06,-8.15587722442914e-06,-8.028188707749292e-06,-8.071059190774604e-06,-8.257801431841303e-06,-8.52425451677647e-06,-5.864057696408828e-06,-6.450272918905518e-06,-6.954978456564181e-06,-6.7223493771474395e-06,-7.1210761609764175e-06,-7.036106486279238e-06,-6.574065001378736e-06,-6.586971962157534e-06,-6.568051488528418e-06,-7.400977340159761e-06
1.2300018072128296,-6.521004189956608e-06,-7.759185191603344e-06,-8.241007815510118e-06,-8.370405080117124e-06,-8.535384926165233e-06,-8.408511632881054e-06,-8.342293318616079e-06,-8.288077008201171e-06,-8.488812791097594e-06,-8.471284337660768e-06,-7.40390302722713e-06,-7.249331767700511e-06,-7.478859863292197e-06,-7.372212278273014e-06,-7.324823697477924e-06,-7.271408230084801e-06,-7.366101913604566e-06,-7.492075714502094e-06,-7.767540907850556e-06,-5.718658419102197e-06,-6.082656024778414e-06,-6.799778774698687e-06,-7.017944074059591e-06,-7.150363877552097e-06,-7.011519785829183e-06,-6.756974872804473e-06,-6.894850590149817e-06,-6.948688840535227e-06,-7.210163871441829e-06,-6.125142587771869e-06,-6.254394179191397e-06,-6.263758606764931e-06,-6.359574247055382e-06,-6.179926275838498e-06,-6.225998764815424e-06,-6.214960533623279e-06,-6.268812876775097e-06,-6.450327995737506e-06,-4.48100057545748e-06,-5.179168842164394e-06,-5.94454349862608e-06,-6.313312296652491e-06,-6.193524788797536e-06,-6.191006713428003e-06,-6.308559367377134e-06,-6.058702240534073e-06,-6.154237751141198e-06,-6.3356653655285035e-06,-5.536607595261552e-06,-5.741419207528848e-06,-5.841114672694091e-06,-5.806043888759636e-06,-5.645642466149763e-06,-5.8308317706403755e-06,-5.796676513209456e-06,-5.754112260246074e-06,-5.609232437995187e-06,-3.809955383595927e-06,-4.465103359732558e-06,-4.730976915600066e-06,-4.9234695086749475e-06,-4.7481101963624704e-06,-4.635129422781456e-06,-4.55523220926741e-06,-4.72662455163934e-06,-4.7766591212296905e-06,-5.387765908102847e-06,-4.198116762926174e-06,-4.420689035717642e-06,-4.21590284076119e-06,-4.189492277491011e-06,-4.362306047919829e-06,-4.243939536710546e-06,-4.2326615487347655e-06,-4.218199889784077e-06,-4.728342071594569e-06,-2.8875443479649276e-06,-3.467273051163212e-06,-4.166097925741819e-06,-4.1913143427643995e-06,-4.1822049870726915e-06,-4.142468814388919e-06,-4.089780274895799e-06,-4.166188342342635e-06,-4.072104638332236e-06,-4.288856418841889e-06,-2.9799029823238085e-06,-3.5181825946027353e-06,-3.2394721463281944e-06,-3.49049365204491e-06,-3.4432130678577128e-06,-3.440661162658609e-06,-3.452279677888041e-06,-3.194460030170783e-06,-3.3114634976411586e-06,-1.3018131135208893e-06,-9.812150448252978e-07,-2.1261554637826466e-06,-2.3586092823926355e-06,-2.3927533231319232e-06,-2.2902775205283784e-06,-2.3168444344136486e-06,-2.3958752663519194e-06,-2.137840524192242e-06,-2.4413369848989164e-06,-8.355927926313572e-06,-8.847846723119135e-06,-9.328395821114449e-06,-9.32525946156963e-06,-8.960357474179642e-06,-8.765944741681462e-06,-8.809747935757104e-06,-8.864541474379845e-06,-9.367175375376304e-06,-1.610031046435043e-06,-1.4848534868396538e-06,-1.5491520211906778e-06,-1.5202779560698656e-06,-1.7009709490571382e-06,-1.5518137564953455e-06,-1.580517342283724e-06,-1.603685562653537e-06,-1.880270915225949e-06,6.73139909023845e-07,1.1454262598891315e-07,-4.3365182267408387e-07,-6.692594370322291e-07,-5.776422188000423e-07,-4.827369999803963e-07,-7.650629978086145e-07,-4.879954712997615e-07,-4.38664964814932e-07,-7.369087423027307e-07,1.0115178719936818e-06,7.938538005646192e-07,9.681345848355493e-07,-5.711805415975275e-08,9.664282096700834e-07,6.824908909477942e-07,-2.720762425363133e-07,3.869765084238034e-07,9.92083803311181e-07,-6.41702211509024e-06,-7.40828429573937e-06,-8.753772330400825e-06,-8.795378347150228e-06,-8.832426792003532e-06,-8.878274587638468e-06,-8.77649145169414e-06,-8.62376778260456e-06,-8.773090637073534e-06,-9.028952145229494e-06,-8.83428588673968e-06,-9.216261692046049e-06,-9.221538138832773e-06,-9.203963452493898e-06,-9.006368199450721e-06,-9.133661974867365e-06,-9.153374591392063e-06,-9.194190981811312e-06,-9.397607122596586e-06,-7.948974705798633e-06,-8.523947783401454e-06,-8.605282315285534e-06,-8.588258684874021e-06,-8.751554732943667e-06,-8.622524814987612e-06,-8.636168338516917e-06,-8.522559717811984e-06,-8.51275151190029e-06,-8.665472952031914e-06,-8.131326187306326e-06,-8.648569541546099e-06,-8.674680561628208e-06,-8.747249824216767e-06,-8.581841874438034e-06,-8.600736247688545e-06,-8.584419412653594e-06,-8.662328970888937e-06,-8.901747671934691e-06,-6.4932138657628766e-06,-7.34757948872465e-06,-8.08397664922634e-06,-8.295092401700216e-06,-8.370453110565908e-06,-8.421402128131752e-06,-8.27382943706673e-06,-8.374181941514882e-06,-8.246652471770227e-06,-8.521394907527113e-06,-8.086596178133648e-06,-8.470544107914918e-06,-8.677722442116587e-06,-8.488434155853142e-06,-8.473714117534634e-06,-8.361708117597569e-06,-8.351418672473735e-06,-8.512774376694769e-06,-8.866429473667507e-06,-6.175236620208245e-06,-6.761461513506373e-06,-7.216373316886361e-06,-7.223725930153064e-06,-7.216950616996067e-06,-7.1618013079233535e-06,-7.195402561450266e-06,-7.145333550864453e-06,-7.0129755110777934e-06,-7.468512609065335e-06
1.240012288093567,-6.994533328684168e-06,-7.965354383067471e-06,-8.371401208616297e-06,-8.493081173674819e-06,-8.695133120291277e-06,-8.645905361577872e-06,-8.488290783525484e-06,-8.197591813001392e-06,-8.415635022987993e-06,-8.737107777925278e-06,-7.436917633401309e-06,-7.514262474354099e-06,-7.657498044654715e-06,-7.531839605356534e-06,-7.369110863036741e-06,-7.569426523310047e-06,-7.252758251288505e-06,-7.435121308997179e-06,-7.845537970661003e-06,-5.815558663142162e-06,-6.362318777362706e-06,-7.182678303321705e-06,-7.210289268302127e-06,-7.322154771986313e-06,-7.356929607826166e-06,-7.277535923103784e-06,-7.124047577632748e-06,-7.331189960899697e-06,-7.3520267631530325e-06,-6.331600752849261e-06,-6.3371881752212984e-06,-6.363130801125187e-06,-6.400548246372437e-06,-6.219961596250061e-06,-6.383030793921635e-06,-6.4260393285362645e-06,-6.285079164795836e-06,-6.673551016398309e-06,-4.901699959420346e-06,-5.413426534874805e-06,-6.1962761138315224e-06,-6.5948908745479175e-06,-6.23187343515586e-06,-6.308304906661198e-06,-6.1809035660478785e-06,-6.337831768854624e-06,-6.299894185483868e-06,-6.507197628938356e-06,-5.427816040299513e-06,-5.515830471559848e-06,-5.9667809492960385e-06,-5.674964695622773e-06,-5.706686793791963e-06,-6.244363221288187e-06,-5.613989825186449e-06,-5.832033107074919e-06,-5.6977317035611305e-06,-3.993199706567348e-06,-5.002692570261157e-06,-4.86853054852127e-06,-4.773952950569711e-06,-4.6597376937923424e-06,-4.83720329946809e-06,-4.698098851075947e-06,-4.8254198053992364e-06,-4.852466340704582e-06,-5.758350444038136e-06,-4.540218739419732e-06,-4.3497954821472336e-06,-4.19282737380295e-06,-4.243037060396315e-06,-4.352964772748253e-06,-4.277723492887695e-06,-4.435869857166434e-06,-4.365019876128903e-06,-5.092483193402179e-06,-2.981432191282983e-06,-3.744070082839245e-06,-4.383053080689174e-06,-4.319535652296772e-06,-4.300347703713353e-06,-4.24330485890903e-06,-4.2457725670190246e-06,-4.28594597497084e-06,-4.198859509237452e-06,-4.2886791807337275e-06,-2.8697089094965424e-06,-3.1089183042003685e-06,-3.1264167026557704e-06,-3.1716475802509416e-06,-3.1382822727085856e-06,-3.0923961174263054e-06,-3.012796937161074e-06,-3.1663072846041575e-06,-3.3467635766372452e-06,-1.3967058214152536e-06,-1.5849770557355202e-06,-2.2184546352955034e-06,-2.3228661440770815e-06,-2.153523328542504e-06,-2.319229419422855e-06,-2.5427501138231252e-06,-2.2501707296585953e-06,-2.2325703024504636e-06,-2.29275694864309e-06,-8.677838779341334e-06,-8.848570487336882e-06,-9.005775440439087e-06,-9.046428901222195e-06,-9.130288195349667e-06,-8.799986681766149e-06,-8.863955905555154e-06,-8.96350016108897e-06,-9.223992293440378e-06,-1.607729108085035e-06,-1.661916298242819e-06,-1.7519286667491843e-06,-1.689636625966654e-06,-1.7704944484563701e-06,-1.7437412008764556e-06,-1.806133365012176e-06,-1.6742497697109923e-06,-1.8918420111724877e-06,4.341814518443527e-07,1.3515351256847994e-07,-5.394236429235304e-07,-3.901441452818262e-07,-6.868870431470084e-07,-6.628872776571626e-07,-9.69507622934308e-07,-1.0228313435420296e-06,-5.366655591138174e-07,-9.855351967485176e-07,5.917518821489043e-07,4.872188592079783e-07,-2.4032279515204914e-07,-3.917415172132269e-08,1.118328889962093e-06,6.572230640885673e-07,-3.549964982489449e-07,-8.818131549929664e-08,8.031246838060162e-07,-6.815729701120078e-06,-7.499464062997906e-06,-8.669352057888011e-06,-8.831571734972194e-06,-8.574436269493558e-06,-8.420285707805012e-06,-8.574548867821096e-06,-8.400802170636339e-06,-8.327381014698697e-06,-8.947279315049716e-06,-8.879706872877642e-06,-9.410032916065117e-06,-9.532856408455158e-06,-9.613268726961845e-06,-9.362014259188156e-06,-9.182959622197861e-06,-9.267818064703023e-06,-9.40545219176706e-06,-9.448283128764181e-06,-8.105906791306327e-06,-8.743726776418121e-06,-8.89703752427165e-06,-8.833634168195108e-06,-8.820364102975655e-06,-8.680461831440246e-06,-8.74535362811599e-06,-8.858940893965701e-06,-8.806495382791276e-06,-8.866987432174334e-06,-8.74697774754282e-06,-8.61169912572152e-06,-8.726397419257765e-06,-8.852680829605085e-06,-8.354272745279146e-06,-8.393321140630824e-06,-8.485519829281143e-06,-8.574700221256259e-06,-9.055279733742345e-06,-6.687715181364204e-06,-7.767372154162988e-06,-8.62320630090613e-06,-8.53384924603781e-06,-8.799201513351903e-06,-8.593631336362052e-06,-8.661190045277064e-06,-8.346357643687842e-06,-8.513411858669192e-06,-8.640178880990344e-06,-8.160113107361381e-06,-8.644039867575342e-06,-8.765190059659856e-06,-8.933736238432013e-06,-8.519801490198531e-06,-8.575136881309347e-06,-8.679679611002646e-06,-8.64151524913569e-06,-8.962360085047188e-06,-6.386241284293843e-06,-6.829635019356001e-06,-7.145880580287126e-06,-7.314049777557827e-06,-7.36585255792136e-06,-7.216877133285502e-06,-7.202249848378567e-06,-7.1827110186722975e-06,-7.291352514432823e-06,-7.5359408879891895e-06
1.2500083446502686,-6.992923625582161e-06,-8.210940107454792e-06,-8.46129781511287e-06,-8.45452271766148e-06,-8.657957624834677e-06,-8.501989959101734e-06,-8.65822517169085e-06,-8.648630370527643e-06,-8.61647096518854e-06,-8.636501459878016e-06,-7.537225774396019e-06,-7.615375484875281e-06,-7.699612048111684e-06,-7.657765519609018e-06,-7.583121169068522e-06,-7.55470123615507e-06,-7.5248980550774e-06,-7.813680625075403e-06,-8.0666105502107e-06,-6.002823846505274e-06,-6.287321676250754e-06,-7.226891050445656e-06,-7.380344235902538e-06,-7.48610512706783e-06,-7.374531760679165e-06,-7.359339614685937e-06,-7.338614691741444e-06,-7.338303212843044e-06,-7.494743130054447e-06,-6.304661279427507e-06,-6.419185642341583e-06,-6.424294773478128e-06,-6.581055373027217e-06,-6.43449139328852e-06,-6.317908767459956e-06,-6.428212059226895e-06,-6.442207973818309e-06,-6.589842140981699e-06,-5.046352823420358e-06,-5.360349293875511e-06,-6.22844119941831e-06,-6.078834260663192e-06,-6.161646304062322e-06,-6.476212596832759e-06,-6.317155882985086e-06,-6.520967124542914e-06,-6.395953357406101e-06,-6.397139594448065e-06,-5.534763599917984e-06,-5.507691251841511e-06,-5.605252166208792e-06,-5.708100600250691e-06,-5.675495331419215e-06,-5.746660206693941e-06,-5.650662582771947e-06,-5.65477170270837e-06,-5.936958067106144e-06,-4.1756025619607545e-06,-4.637094968235305e-06,-5.130972551718989e-06,-4.715420011423188e-06,-4.559853234563288e-06,-4.652115843975536e-06,-4.716781868781249e-06,-4.6007704314034884e-06,-4.7665529539710506e-06,-5.5782711335065035e-06,-4.5927823853656415e-06,-4.35998315017488e-06,-4.42420104657933e-06,-4.392814514434801e-06,-4.264375414139905e-06,-4.42008958983215e-06,-4.337888280912014e-06,-4.385687133774108e-06,-5.186787240691468e-06,-3.007670945036145e-06,-3.6765774876931803e-06,-4.2838788321754765e-06,-4.4428844597449146e-06,-4.308314215141303e-06,-4.413577473468226e-06,-4.502315525142569e-06,-4.4711858264756654e-06,-4.287516743210549e-06,-4.490555291328477e-06,-3.2930090559787953e-06,-3.327290824748988e-06,-3.198560090471658e-06,-3.3893075532734465e-06,-3.6145848822459175e-06,-3.515978011383944e-06,-3.311660185205002e-06,-3.2534266094918774e-06,-3.4073635866772626e-06,-1.4902147059304437e-06,-1.6731004902299199e-06,-2.2647959294113165e-06,-2.310270302687335e-06,-2.5318104960449122e-06,-2.544989138037376e-06,-2.5389861947618658e-06,-2.598499156388808e-06,-2.5445050587013952e-06,-2.704088238037082e-06,-8.784571208566452e-06,-9.25708556025972e-06,-9.464810061061628e-06,-9.426082132342027e-06,-9.20027215432077e-06,-9.299222931824258e-06,-9.08156964567561e-06,-9.46362310500097e-06,-9.590829591548118e-06,-1.8676141729527895e-06,-1.5521818940668602e-06,-1.5077827772973296e-06,-1.622432393267964e-06,-1.6876309952205935e-06,-1.7424342405957091e-06,-1.6711488577878064e-06,-1.6688878316015078e-06,-2.0034114948602036e-06,3.929818963628745e-07,-3.61482262577721e-07,-5.471732264113909e-07,-4.222757245974569e-07,-7.794341682566169e-07,-1.0372172538732664e-06,-9.745541275425745e-07,-8.773118103587659e-07,-4.645845821206003e-07,-7.623728612655192e-07,7.526016848165829e-07,4.4073674528087376e-07,3.2664616634510774e-07,-2.3490038757036858e-07,8.584088807857924e-07,7.172340180632262e-07,-5.227397488451044e-07,-4.664123276416758e-08,7.902029112421139e-07,-7.096586384246362e-06,-7.771729191745228e-06,-8.155087382393382e-06,-8.631246224142775e-06,-8.648692637546575e-06,-8.644259887295817e-06,-8.845840013845032e-06,-8.396319089076976e-06,-8.326632947649079e-06,-8.99626986949585e-06,-9.051018109940846e-06,-9.460539665232059e-06,-9.483013025935637e-06,-9.449200452814451e-06,-9.399114329583714e-06,-9.548868810974916e-06,-9.263097131759564e-06,-9.44991515739665e-06,-9.669218160037648e-06,-8.312130628191225e-06,-8.994970890322611e-06,-8.856162605730677e-06,-9.026887411146758e-06,-8.911557100178168e-06,-9.03227775049467e-06,-8.924438895302664e-06,-9.010324815522071e-06,-8.975453271667824e-06,-8.940511120177794e-06,-8.730198439683654e-06,-8.876428866650034e-06,-9.363232276856408e-06,-9.193803143127573e-06,-8.97048427727481e-06,-8.882864659179553e-06,-8.914456471161323e-06,-9.164502412313525e-06,-9.293808721055693e-06,-6.9498843529183465e-06,-7.80944014042352e-06,-8.685435499454774e-06,-8.559579617623121e-06,-8.70696522002387e-06,-8.595746257949656e-06,-8.641698455099014e-06,-8.834915459508466e-06,-8.773194463373e-06,-8.726738881235717e-06,-8.376399395168302e-06,-8.749230720719741e-06,-9.005617400130067e-06,-8.998945194253841e-06,-8.912965513996689e-06,-8.793744305265416e-06,-8.889259180036014e-06,-9.036710356941688e-06,-9.12841745251067e-06,-6.474723113656448e-06,-6.9607457055116776e-06,-7.522293769366412e-06,-7.509583747808e-06,-7.668284475500092e-06,-7.549979584192917e-06,-7.553615877435927e-06,-7.474640014476841e-06,-7.427505462986469e-06,-8.039710263307789e-06
1.2600044012069702,-7.215448874551017e-06,-8.27812161916274e-06,-8.459855751219452e-06,-8.716630413117256e-06,-8.650065100430377e-06,-8.646333681014104e-06,-8.586901752794017e-06,-8.422104393690537e-06,-8.642906046996198e-06,-8.700492973246547e-06,-7.5130727860224035e-06,-7.55892446435829e-06,-7.616152025065194e-06,-7.642076028384898e-06,-7.587909474063643e-06,-7.513565889042999e-06,-7.600743310641224e-06,-7.652879499973333e-06,-7.95234589684903e-06,-5.9247059885541725e-06,-6.3126605062060495e-06,-7.223544306030867e-06,-7.3248655443659355e-06,-7.2091603370501045e-06,-7.2960764672547974e-06,-7.292611731872263e-06,-7.244828481715837e-06,-7.309917936630662e-06,-7.42124841850437e-06,-6.2280814024636495e-06,-6.327071222682243e-06,-6.443696630123122e-06,-6.41177565138307e-06,-6.324688322827249e-06,-6.399126243100593e-06,-6.313907644131426e-06,-6.419192473019179e-06,-6.609018513364138e-06,-4.849519945898816e-06,-5.4265962969863935e-06,-6.067863545326448e-06,-6.523012660826511e-06,-6.662831382389637e-06,-6.645773023375186e-06,-6.500493426730231e-06,-6.412890849378029e-06,-6.430391117282036e-06,-6.5708874420627304e-06,-5.399036022823924e-06,-5.486988402770935e-06,-5.604958950385231e-06,-5.537030737763185e-06,-5.578896248359383e-06,-5.850827321021305e-06,-5.485091200043984e-06,-5.817145393596886e-06,-5.777318588606689e-06,-4.058923659529015e-06,-4.553666402256693e-06,-4.784826598382716e-06,-4.5186372135537084e-06,-4.515539501263712e-06,-4.54648293813784e-06,-4.434232543746561e-06,-4.4787082719579765e-06,-4.554182549826443e-06,-5.432325725550568e-06,-4.290322605812502e-06,-4.161629404311017e-06,-4.289888318521105e-06,-4.2218521811930365e-06,-4.229345650221964e-06,-4.22683336295292e-06,-4.197530259377181e-06,-4.34923205909833e-06,-4.919005732767529e-06,-2.8478680335874612e-06,-3.680369196826977e-06,-4.28328826617086e-06,-4.2634910211458365e-06,-4.207497727929678e-06,-4.319262209487306e-06,-4.405748007003421e-06,-4.265176976180382e-06,-4.203318647474292e-06,-4.385633099519227e-06,-3.0561042959450815e-06,-3.1974873145796664e-06,-3.191266544590698e-06,-3.123350878844869e-06,-3.3164400057795294e-06,-3.171008804042868e-06,-3.113149908971377e-06,-3.1606564447832777e-06,-3.51599382979522e-06,-1.450717427207874e-06,-1.537340844902091e-06,-2.576591375790216e-06,-2.4922720175511553e-06,-2.4327901894336793e-06,-2.39743043188596e-06,-2.6402751851084922e-06,-2.378593580130999e-06,-2.3972361530347426e-06,-2.499390015017886e-06,-8.954416366511848e-06,-9.31538417121375e-06,-9.280131116040276e-06,-9.23884693205847e-06,-9.339001778267542e-06,-9.147829663024862e-06,-9.374054946243983e-06,-9.290089093546008e-06,-9.551948799454094e-06,-1.5026617104504572e-06,-1.5414396109693156e-06,-1.6092945555864052e-06,-1.5792599223910194e-06,-1.6329546566450333e-06,-1.529150431052715e-06,-1.567651796981721e-06,-1.5690849450433283e-06,-1.8730948210487136e-06,5.011763782011128e-07,2.3815703894275372e-07,-6.109688790875763e-07,-5.926939404422608e-07,-5.72534813308363e-07,-7.490111211625352e-07,-8.70403191135834e-07,-6.82763470934828e-07,-4.133324981750817e-07,-9.460477685820605e-07,7.598200572930472e-07,6.453288411407811e-07,4.384568808047827e-07,3.188085749690561e-08,8.567288217045402e-07,9.355726728313415e-07,5.183172086598073e-07,-1.6831170677592426e-07,1.0939013083491005e-06,-7.19928691614283e-06,-7.870799757763198e-06,-8.444251104201267e-06,-8.571720248277465e-06,-8.562812972789808e-06,-8.728801386360502e-06,-8.72066180713282e-06,-8.29624268780746e-06,-8.661785680363475e-06,-9.050673843789984e-06,-9.056873654384012e-06,-9.379522652003409e-06,-9.337956325085935e-06,-9.344510755700023e-06,-9.521134246680933e-06,-9.25300153407573e-06,-9.31986365767964e-06,-9.429747114430943e-06,-9.704608547781745e-06,-8.260032403046177e-06,-8.762040254465455e-06,-8.873021437057441e-06,-8.836825460768176e-06,-8.853494327355889e-06,-8.928395367570273e-06,-8.812824472946549e-06,-8.796266766648985e-06,-8.837328342443014e-06,-8.936426518778846e-06,-8.670762484958876e-06,-8.869028294836417e-06,-8.999374736021856e-06,-9.00996516237115e-06,-8.972745878676065e-06,-8.834847152732501e-06,-8.833119782221161e-06,-9.027840254720528e-06,-9.270996271135852e-06,-7.005295672403286e-06,-7.847301867322019e-06,-8.403625900852848e-06,-8.643675756508517e-06,-8.541861558956592e-06,-8.43744782121706e-06,-8.602593544877957e-06,-8.535650387867191e-06,-8.685832972989018e-06,-8.631108891572152e-06,-8.546306101113934e-06,-8.848848028552905e-06,-8.895639464322327e-06,-8.910582686043565e-06,-8.758436029456214e-06,-8.807740866973654e-06,-8.815979958388638e-06,-8.940384572887586e-06,-9.151802816526181e-06,-6.42508677256997e-06,-6.921050049531332e-06,-7.569521146170226e-06,-7.468343783475898e-06,-7.56369234922249e-06,-7.366444022699344e-06,-7.3676752703115735e-06,-7.385230255538222e-06,-7.299763882726976e-06,-7.89083204999941e-06
1.2700004577636719,-6.94768429951733e-06,-8.402650623895812e-06,-8.49346764622304e-06,-8.705059676680065e-06,-8.750439966359923e-06,-8.636330405330628e-06,-8.527342414461289e-06,-8.452592224368981e-06,-8.667575506497975e-06,-8.775449521704136e-06,-7.563368071791331e-06,-7.716859509042754e-06,-7.73070953474108e-06,-7.6035302990024505e-06,-7.639249062584266e-06,-7.602851329649361e-06,-7.594274515153634e-06,-7.748608642314853e-06,-8.002251186878134e-06,-6.049552188384263e-06,-6.441621398367446e-06,-7.234180461969123e-06,-7.170034575286913e-06,-7.2874652836654795e-06,-7.2211912454516895e-06,-7.274788049359531e-06,-7.345683795936958e-06,-7.408867995115456e-06,-7.489237100598612e-06,-6.405591012083494e-06,-6.331641161699885e-06,-6.3564907353845995e-06,-6.359248675390573e-06,-6.40826187892558e-06,-6.402480609113543e-06,-6.335467779191292e-06,-6.517834503895307e-06,-6.6144673808337716e-06,-4.849222415963088e-06,-5.57900837932477e-06,-6.565643854430339e-06,-6.2870381312286325e-06,-6.00528928970638e-06,-6.3343043350419415e-06,-6.54237684089192e-06,-6.216724070774946e-06,-6.503806736775733e-06,-6.710609599415202e-06,-5.49404966966268e-06,-5.629508837078134e-06,-5.622287013311937e-06,-5.4597539878807515e-06,-5.518434397761489e-06,-5.926707233286197e-06,-5.4290406729397544e-06,-5.789204686643228e-06,-5.790586352966319e-06,-4.1453992110287355e-06,-4.733388000987879e-06,-4.874567249724481e-06,-4.854112390201591e-06,-4.691699656597972e-06,-4.733806541769869e-06,-4.660081420679184e-06,-4.7188493710859595e-06,-4.557020264956556e-06,-5.557022764952513e-06,-4.43700835136709e-06,-4.530897021556644e-06,-4.376893355387357e-06,-4.486741256664221e-06,-4.306312970409279e-06,-4.33677869126287e-06,-4.394349727200073e-06,-4.34270329745163e-06,-5.201235777550984e-06,-3.2425060457090654e-06,-3.801979129464668e-06,-4.277529573545825e-06,-4.351203464554537e-06,-4.424714210221499e-06,-4.381782215146884e-06,-4.455005928551055e-06,-4.363931030169092e-06,-4.405904824980662e-06,-4.387077428321532e-06,-3.1596462954195643e-06,-3.08654370071446e-06,-3.1712561105227945e-06,-3.315536594740995e-06,-3.3824495889175322e-06,-3.2349391648714427e-06,-3.302567151237656e-06,-3.2490018762995627e-06,-3.5329686028864514e-06,-1.5750086524587198e-06,-1.5405003568488673e-06,-2.5311640263368093e-06,-2.4149129400282167e-06,-2.457496246986999e-06,-2.4155240340165567e-06,-2.6718548816252635e-06,-2.478547460614995e-06,-2.4299423001890403e-06,-2.6840979364926204e-06,-8.936092894104662e-06,-9.199146027241658e-06,-9.390422400195018e-06,-9.339079576090271e-06,-9.249092948453165e-06,-9.331086245265022e-06,-9.288390627586179e-06,-9.448753798401513e-06,-9.744892864367168e-06,-1.741122678595319e-06,-1.79692550375934e-06,-1.853101140116389e-06,-1.442067991824016e-06,-1.7580908726654965e-06,-1.684959121752335e-06,-1.684933884196163e-06,-1.636392788335876e-06,-1.825943516422764e-06,4.514116563267565e-07,2.3745844037930905e-07,-3.5875078245969964e-07,-3.227297434187736e-07,-4.5733349429354266e-07,-3.6183918345760353e-07,-7.986971823917281e-07,-6.049307038960421e-07,-4.894514841558498e-07,-9.288693334456507e-07,1.2571901662318025e-06,7.18948446238069e-07,2.9959991864723956e-07,9.165554192859638e-08,8.455568530352433e-07,6.126340544818551e-07,-3.7206952524476065e-07,-7.471567719497694e-08,8.79251363286814e-07,-7.305759635815543e-06,-8.234242424811104e-06,-8.454310894754121e-06,-8.639487400711974e-06,-8.705013371876147e-06,-8.793291611095445e-06,-8.700984638229754e-06,-8.567761762757512e-06,-8.784071706279477e-06,-9.25427851127692e-06,-9.09438730433257e-06,-9.488505897349365e-06,-9.437544584563847e-06,-9.523522539176134e-06,-9.496079896472063e-06,-9.427366155926424e-06,-9.472840061840291e-06,-9.55748682524183e-06,-9.806195247818775e-06,-8.232606513477684e-06,-8.868089256421578e-06,-8.913331925923337e-06,-8.921075901065382e-06,-8.969101029110592e-06,-8.857821813269791e-06,-8.901900822916591e-06,-8.872302274559338e-06,-8.988829464046567e-06,-8.958808707911982e-06,-8.81228736598186e-06,-8.991252700850312e-06,-9.169651448987609e-06,-9.067005203002564e-06,-9.070974761410412e-06,-9.010694678738453e-06,-9.01472808600636e-06,-9.084272580751468e-06,-9.263011137123717e-06,-7.110651756043651e-06,-7.798356754857368e-06,-8.595942406249478e-06,-8.703858771656737e-06,-8.670219841550241e-06,-8.660310397806377e-06,-8.71236203054003e-06,-8.745405541265722e-06,-8.728206757900263e-06,-8.721061293919408e-06,-8.639075331098233e-06,-8.96118722175294e-06,-9.073012747997718e-06,-8.97416781004604e-06,-8.844107538300962e-06,-8.820812339229724e-06,-8.77047297761483e-06,-9.026563852734294e-06,-9.236141408515317e-06,-6.567114643120596e-06,-7.042512942846026e-06,-7.594833480286633e-06,-7.526918353804826e-06,-7.44832256412758e-06,-7.51274671104451e-06,-7.431337401216216e-06,-7.451773638154922e-06,-7.445620707579767e-06,-8.061623939859675e-06
1.2800109386444092,-6.9951656337239935e-06,-8.266913196245637e-06,-8.630789503468115e-06,-8.793312822146928e-06,-8.674330543327791e-06,-8.723425499288348e-06,-8.68470102185848e-06,-8.667967443588273e-06,-8.740485727751404e-06,-8.847993331030916e-06,-7.578662749850376e-06,-7.623454235121421e-06,-7.676743299028075e-06,-7.646959459553283e-06,-7.688368968493516e-06,-7.61004748444817e-06,-7.5863010292443494e-06,-7.75464760842695e-06,-7.972998558414738e-06,-5.969378116721952e-06,-6.50175544834258e-06,-7.301703076145678e-06,-7.357245113229253e-06,-7.4064149190358925e-06,-7.315525060114924e-06,-7.279506106228212e-06,-7.334141101228847e-06,-7.3214703380911466e-06,-7.454438321436237e-06,-6.300323583448143e-06,-6.464561617909277e-06,-6.379426712716133e-06,-6.428158348530426e-06,-6.458270635744804e-06,-6.3901661916407695e-06,-6.417309075451161e-06,-6.45591707185254e-06,-6.607353122264253e-06,-4.982804189616622e-06,-5.537355770163973e-06,-6.4789079822123235e-06,-6.3284579940380635e-06,-6.2927183789141115e-06,-6.619773738798182e-06,-6.5773688922793414e-06,-6.410366159036507e-06,-6.7261739094846335e-06,-6.82820496307478e-06,-5.342362753628505e-06,-5.507025943843616e-06,-5.772106997306196e-06,-5.6882312376506235e-06,-5.616550322658951e-06,-5.7163948403995335e-06,-5.447872922975073e-06,-5.681428242273893e-06,-5.929255507440894e-06,-4.051036995127074e-06,-4.661632415904797e-06,-4.939141383941055e-06,-4.7176787367496645e-06,-4.631792852481192e-06,-4.518089429161407e-06,-4.549709210970389e-06,-4.5731949140446984e-06,-4.633415821478112e-06,-5.480350350282692e-06,-4.436535237066199e-06,-4.242521739698063e-06,-4.398444143204197e-06,-4.25393997227018e-06,-4.306111609223922e-06,-4.1931722151687676e-06,-4.281312438749681e-06,-4.543811532031733e-06,-5.1982374695954836e-06,-3.165840389814972e-06,-3.7506386062197426e-06,-4.36318680986949e-06,-4.431621427357976e-06,-4.2137162330097586e-06,-4.407042240653277e-06,-4.364690062253798e-06,-4.369884145449083e-06,-4.244493073252403e-06,-4.34988902647937e-06,-3.1785042503732054e-06,-3.3030313137558032e-06,-3.231544282155066e-06,-3.323875306196083e-06,-3.490041640942697e-06,-3.379961820185966e-06,-3.287314032459146e-06,-3.307322740882183e-06,-3.617503415077278e-06,-1.4294183678359305e-06,-1.6014307919298796e-06,-2.4567061173437617e-06,-2.3577274419149326e-06,-2.5063538548765452e-06,-2.5418315674410744e-06,-2.6687786320432946e-06,-2.611845940902949e-06,-2.523438026662124e-06,-2.659486465848544e-06,-9.113109256900172e-06,-9.376774562553547e-06,-9.298754275439272e-06,-9.339487547297454e-06,-9.263233745311493e-06,-9.307877472240846e-06,-9.332002706492858e-06,-9.407429493176562e-06,-9.76607975682279e-06,-1.6991571524987342e-06,-1.6389434352522646e-06,-1.8311557548400817e-06,-1.6649154690207521e-06,-1.5995182022028697e-06,-1.516798552705966e-06,-1.5638137470930726e-06,-1.6445186343064975e-06,-1.793112403819386e-06,3.486939398834925e-07,1.257703905088924e-07,-7.542964837810698e-07,-8.116045745817431e-07,-9.686450162066787e-07,-9.126072157333393e-07,-7.618004504829355e-07,-8.192463052654491e-07,-5.080691790127689e-07,-8.693227936456819e-07,8.348660516762151e-07,3.926991782122504e-07,1.0745231074191525e-07,2.0107465640707613e-07,7.323953900563351e-07,6.539825187349359e-07,-6.909985358451319e-09,-1.1541450805769956e-07,1.1145362820549286e-06,-7.204349239162373e-06,-8.253220132328292e-06,-8.408790612134467e-06,-8.582460949533883e-06,-8.763559900475993e-06,-8.740844949491108e-06,-8.686964061297123e-06,-8.611520018164756e-06,-8.755591303893829e-06,-9.29665948637511e-06,-9.122665015348275e-06,-9.44033955403258e-06,-9.455887326672042e-06,-9.454683689377676e-06,-9.412889864945305e-06,-9.373256835493238e-06,-9.415757455302169e-06,-9.54301829966261e-06,-9.85492271332464e-06,-8.365794732248859e-06,-8.790305670261488e-06,-8.911313784251995e-06,-8.884822259476829e-06,-8.87836748485378e-06,-8.891101593538453e-06,-8.802117709372507e-06,-8.820494245359336e-06,-8.840451328240118e-06,-8.99723450497621e-06,-8.7299677784865e-06,-9.067475297424939e-06,-9.139643059974567e-06,-9.05387074470887e-06,-9.135991739240843e-06,-8.924927540407353e-06,-9.012390843838459e-06,-9.172377824072899e-06,-9.422982298946884e-06,-7.158588085280107e-06,-8.08366143143073e-06,-8.516627454074129e-06,-8.600423330752759e-06,-8.633008395158924e-06,-8.53963130677041e-06,-8.478918015335096e-06,-8.587354734571466e-06,-8.656179707309123e-06,-8.814602174766496e-06,-8.663631401351908e-06,-8.906765991010139e-06,-9.028155328712399e-06,-8.920032173528642e-06,-8.843443021223629e-06,-8.760608184931888e-06,-8.836669002300282e-06,-9.04582363128528e-06,-9.24938084353839e-06,-6.4107690971128296e-06,-7.072715179299069e-06,-7.5501877401049365e-06,-7.3606871995229145e-06,-7.50578049842416e-06,-7.390211257543432e-06,-7.384360602427388e-06,-7.3833468579702035e-06,-7.554580944327503e-06,-7.966540332501957e-06
1.2900069952011108,-7.504493958274333e-06,-8.47282275005923e-06,-8.806104092817802e-06,-8.981341459559715e-06,-8.950334784991417e-06,-9.01183187870546e-06,-8.952442660195816e-06,-8.924155889544562e-06,-8.799560303680392e-06,-9.143410717933036e-06,-7.866894839135974e-06,-7.868795924563873e-06,-7.961409127491494e-06,-7.832442195573065e-06,-7.827574223306608e-06,-7.943801869605765e-06,-7.867681589391348e-06,-7.994217303398522e-06,-8.263146185403994e-06,-6.299516449012785e-06,-6.740414578039609e-06,-7.491316502662714e-06,-7.52984217142359e-06,-7.587297804860347e-06,-7.540896149125141e-06,-7.518785317647261e-06,-7.525981041034852e-06,-7.627544588669922e-06,-7.58633913723515e-06,-6.472950840427644e-06,-6.643345041048056e-06,-6.618900993906963e-06,-6.539535494717399e-06,-6.615659585730897e-06,-6.6316044004933866e-06,-6.6155318880107786e-06,-6.671032509617558e-06,-6.900357051016869e-06,-5.212828551911158e-06,-5.7303738940025646e-06,-6.663085555498094e-06,-6.717679782138759e-06,-6.845589612772733e-06,-6.794193437480863e-06,-6.791686578802962e-06,-6.678814808456012e-06,-6.601715152878001e-06,-6.952638769732718e-06,-5.619635344268991e-06,-5.8377432659380845e-06,-6.030274829826199e-06,-5.751022996425737e-06,-5.720149771727113e-06,-6.0842902464179e-06,-5.767494420479978e-06,-6.007542119079562e-06,-6.24476472132712e-06,-4.363397769954417e-06,-4.890414889110426e-06,-5.0158949039195995e-06,-4.532589483710374e-06,-4.716960832534276e-06,-4.787332953747532e-06,-4.80673286904205e-06,-4.717768829792068e-06,-4.918608726595435e-06,-5.805823150020467e-06,-4.727896819268083e-06,-4.530524102510811e-06,-4.512736191178124e-06,-4.457282305786478e-06,-4.604377496536572e-06,-4.414819901821153e-06,-4.482653958945171e-06,-4.734606593871089e-06,-5.409386153125562e-06,-3.4818992215911702e-06,-4.036584395811934e-06,-4.6529623806353455e-06,-4.473449800638611e-06,-4.520042319886235e-06,-4.6020893633454954e-06,-4.660866840749972e-06,-4.670939142228108e-06,-4.549142552337359e-06,-4.654621012959506e-06,-3.3665765322207415e-06,-3.3126491954191006e-06,-3.450925154520663e-06,-3.437180357208256e-06,-3.7030471543000374e-06,-3.6130404660413577e-06,-3.5995005531059103e-06,-3.6107994285747625e-06,-3.688165085118754e-06,-1.6448220601955192e-06,-1.8067796549656058e-06,-2.616718910349331e-06,-2.7977718800459373e-06,-2.610373857979042e-06,-2.5767624662885397e-06,-2.8504178176814164e-06,-2.6329306967530366e-06,-2.607147692999298e-06,-2.8287717239366384e-06,-9.322077228632113e-06,-9.538458714514167e-06,-9.685309510810047e-06,-9.64581927847068e-06,-9.500387249862521e-06,-9.507355547637087e-06,-9.540563282232573e-06,-9.727601039982656e-06,-9.96954881738397e-06,-1.955126010145763e-06,-1.902652601045997e-06,-2.0189283496958063e-06,-1.782677429311813e-06,-1.8379212174409658e-06,-1.7486178013672438e-06,-1.923172387956988e-06,-2.0259791908164837e-06,-2.1945181794016964e-06,2.714392638749758e-07,-8.178931120826558e-08,-1.120278724857471e-06,-8.960332596132817e-07,-8.8069234865219e-07,-8.332302841465361e-07,-9.716769023352055e-07,-1.0221889003386149e-06,-7.736496628604543e-07,-1.2098023763572766e-06,7.234755317415266e-07,5.826810299082794e-07,-1.5046221149206422e-07,-5.88565047491742e-07,7.502479052187114e-07,1.0504323860644688e-07,-1.0683632742645318e-07,-1.8029846742967498e-07,7.9712375378285e-07,-7.663026651297552e-06,-8.681865140226037e-06,-8.804775346270617e-06,-8.813057147396046e-06,-9.010651106205573e-06,-8.968614612963855e-06,-8.923807021674055e-06,-8.899428836645367e-06,-8.88070098812447e-06,-9.616482596721915e-06,-9.428977764427971e-06,-9.562482854737751e-06,-9.707447952605792e-06,-9.713669908975606e-06,-9.640140181215112e-06,-9.662101600608304e-06,-9.66438721723395e-06,-9.816910927224628e-06,-1.022689524294753e-05,-8.62084849480357e-06,-9.180610444319634e-06,-9.140640051296171e-06,-9.18741653147675e-06,-9.211680104925556e-06,-9.115698730826055e-06,-9.133123286061548e-06,-9.067508803696097e-06,-9.071234902374033e-06,-9.245787907122649e-06,-9.055330927873384e-06,-9.246330191021939e-06,-9.470101463437194e-06,-9.336156189882723e-06,-9.28418408061667e-06,-9.19917493179317e-06,-9.187342760158708e-06,-9.492135359914778e-06,-9.627674122699698e-06,-7.647422867101801e-06,-8.243292209803984e-06,-8.819424920757077e-06,-8.80763934153401e-06,-8.88366593361255e-06,-8.886876352082889e-06,-8.787064190183553e-06,-8.845084109491647e-06,-8.94518013997152e-06,-8.781803130396888e-06,-9.062973521379524e-06,-9.159332955508521e-06,-9.155270499885362e-06,-9.172608053858833e-06,-9.146474456589724e-06,-9.117678189291642e-06,-9.189615865859073e-06,-9.237283929220661e-06,-9.567033236446908e-06,-6.7374952183367495e-06,-7.262689481298807e-06,-7.816868538260607e-06,-7.743792798903737e-06,-7.997775367407585e-06,-7.825592032569985e-06,-7.680078107732538e-06,-7.673411654005867e-06,-7.819759352921299e-06,-8.22432291480552e-06
1.3000030517578125,-7.460417393291094e-06,-8.615483321109963e-06,-8.854790718061828e-06,-9.047402021123148e-06,-8.977028929234656e-06,-8.958729184444384e-06,-8.810246862829122e-06,-8.74397814535367e-06,-9.020861674978635e-06,-9.15027202572588e-06,-7.843906661047229e-06,-7.916811705366059e-06,-7.980353256835654e-06,-7.954614832240965e-06,-7.877979231328297e-06,-7.781670991330338e-06,-7.881031393784006e-06,-8.059496507346788e-06,-8.220837831193935e-06,-6.277453108719667e-06,-6.784513648307981e-06,-7.517389558557761e-06,-7.571429637490677e-06,-7.586403848917644e-06,-7.51215840994878e-06,-7.543577657443904e-06,-7.563680629217771e-06,-7.617264922200332e-06,-7.680471554762094e-06,-6.614482767833832e-06,-6.646859244916762e-06,-6.641725667144609e-06,-6.652946025772036e-06,-6.687838421168418e-06,-6.757477610675572e-06,-6.6946366710217645e-06,-6.706439650497237e-06,-6.946732893980946e-06,-5.187723870393681e-06,-5.8356645109908076e-06,-6.529085133209767e-06,-6.8214133281934205e-06,-6.402371462075737e-06,-6.47150575665571e-06,-6.665045312851454e-06,-6.389176462407977e-06,-6.853473221345223e-06,-7.0312274411248895e-06,-5.713905813385252e-06,-5.7454155853339954e-06,-5.9964806635835895e-06,-5.815323400225366e-06,-5.703489461461863e-06,-6.092409405514664e-06,-5.633593078967734e-06,-5.993501984838446e-06,-6.1597168892978645e-06,-4.371538391759208e-06,-5.014435439773778e-06,-5.130345639319373e-06,-4.914327401681711e-06,-4.882822015747002e-06,-4.7893102192061e-06,-4.887315451175564e-06,-4.735407077383524e-06,-4.77995290991764e-06,-5.845783908193425e-06,-4.6081281137519855e-06,-4.474348502104697e-06,-4.645337259283479e-06,-4.660309457458101e-06,-4.389150646824862e-06,-4.629085783047845e-06,-4.564993678963972e-06,-4.518436643288915e-06,-5.247051001639065e-06,-3.3026634637917665e-06,-4.0115057787221295e-06,-4.626959716670478e-06,-4.447653351235288e-06,-4.662865568916567e-06,-4.571680480919693e-06,-4.639684801670537e-06,-4.517856359251628e-06,-4.589689850010245e-06,-4.665796900280687e-06,-3.515179109712636e-06,-3.5161666459384108e-06,-3.4301767915667336e-06,-3.4983532813439425e-06,-3.7380220570915976e-06,-3.4970221979860007e-06,-3.6218411829585096e-06,-3.462749812409769e-06,-3.705579214583177e-06,-1.788687922283614e-06,-1.7884835052688064e-06,-2.466884114569969e-06,-2.707390547096559e-06,-2.6717962456507384e-06,-2.7983660770949603e-06,-2.7203412961138445e-06,-2.855496390523452e-06,-2.5391339171526227e-06,-2.877956233675577e-06,-9.349590335168232e-06,-9.673068073734751e-06,-9.614255939629207e-06,-9.488328587339336e-06,-9.55454086184728e-06,-9.738624603193437e-06,-9.680785157577628e-06,-9.663473488277153e-06,-9.814111068428771e-06,-1.9634784908088487e-06,-1.825947111516236e-06,-1.9089944178321614e-06,-1.76608118361223e-06,-1.924892927790733e-06,-1.8595934475152838e-06,-1.942002552838092e-06,-1.8808966052937853e-06,-2.0918899088840115e-06,5.877567985774066e-08,-1.2588744675233522e-07,-8.296854500814497e-07,-4.632932245455217e-07,-6.29273009891883e-07,-8.288209020033458e-07,-1.0115631701714268e-06,-9.92213226676167e-07,-9.266530302221415e-07,-1.2482415471692198e-06,6.73118338463014e-07,3.227582165590704e-07,-2.210368443205877e-07,-1.3446030664524318e-07,2.902566302233198e-07,2.029813501807921e-07,-4.6058949854910277e-07,-1.531596101239746e-08,6.056863206419497e-07,-7.616220188037419e-06,-8.76630209397256e-06,-8.565958751479524e-06,-8.95230590284015e-06,-9.00072634736352e-06,-8.934610277556883e-06,-8.80092701441464e-06,-8.768760059379246e-06,-9.006194700239771e-06,-9.635781489889875e-06,-9.41449428325991e-06,-9.691696553872086e-06,-9.652400312776461e-06,-9.717555342196212e-06,-9.61189137475092e-06,-9.638186176011309e-06,-9.621313251918133e-06,-9.928231702345963e-06,-1.0284192692271527e-05,-8.663733645810247e-06,-9.245936024973688e-06,-9.170976169030105e-06,-9.174358720575873e-06,-9.180675012198389e-06,-9.18092479929281e-06,-9.127865965172092e-06,-9.187269564055622e-06,-9.230187789922238e-06,-9.300611644530555e-06,-9.040731253284313e-06,-9.258367426788034e-06,-9.199497052168245e-06,-9.280127952358021e-06,-9.24824522541251e-06,-9.155378208885779e-06,-9.200164301516616e-06,-9.504838119384376e-06,-9.707826300242764e-06,-7.57417743933306e-06,-8.129176896625132e-06,-8.886654750521286e-06,-8.881308127509993e-06,-8.853857000385328e-06,-8.848146697718423e-06,-8.839186861964207e-06,-8.848763615758188e-06,-8.904429611664672e-06,-9.056387597746622e-06,-8.947890552841795e-06,-9.145923544466102e-06,-9.12593841985624e-06,-9.056004648390003e-06,-9.003825174132493e-06,-8.849960494276827e-06,-8.98976548258289e-06,-9.266130096416132e-06,-9.583646738595156e-06,-6.784856620225193e-06,-7.31471673929872e-06,-7.773064768970011e-06,-7.882391920957481e-06,-7.721995100067252e-06,-7.802949055356405e-06,-7.71663805128489e-06,-7.756156325353336e-06,-7.800266180902122e-06,-8.404781651502169e-06
1.3100135326385498,-8.149490900385796e-06,-8.675028207166933e-06,-9.052036887528892e-06,-8.877466985840957e-06,-9.200198886315815e-06,-8.936420550923684e-06,-9.058731167279034e-06,-8.971561007769622e-06,-9.158492854066026e-06,-9.380095853706555e-06,-7.847856446440983e-06,-7.803702802653708e-06,-8.098504421945974e-06,-7.8940446974277e-06,-7.7073483297537e-06,-7.973564282323465e-06,-7.955536614207141e-06,-7.820368865068513e-06,-8.2597768638022e-06,-6.349247197253833e-06,-6.777645869346889e-06,-7.44814525411755e-06,-7.201980719681267e-06,-7.330461954471652e-06,-7.471067066780804e-06,-7.466167385789927e-06,-7.446287309811312e-06,-7.025299347695462e-06,-7.552903258007942e-06,-6.601280002764172e-06,-6.579132501332878e-06,-6.3576088813562056e-06,-6.700406220829085e-06,-6.719397302093987e-06,-6.599964486160962e-06,-6.754793154380163e-06,-6.66706561157888e-06,-6.916805466472891e-06,-5.356818732331508e-06,-5.754687547103435e-06,-6.684896843787903e-06,-6.813019144446063e-06,-6.825240377096046e-06,-6.798373380758682e-06,-6.794879525119026e-06,-6.804612593577161e-06,-6.66559967626481e-06,-6.843669904760649e-06,-6.213658822179001e-06,-6.501897670240326e-06,-6.842111719348092e-06,-6.634704809103486e-06,-6.618855695729218e-06,-6.6027242956155414e-06,-6.617635377201142e-06,-6.742519433365491e-06,-6.3630870128866995e-06,-4.6198921224142224e-06,-4.844325107733902e-06,-5.285850328915016e-06,-5.205764408944634e-06,-5.356814597974015e-06,-5.086790542644222e-06,-5.167904263887263e-06,-5.207779926197742e-06,-5.014079201961656e-06,-5.954891184264158e-06,-4.857695080600936e-06,-4.278397141502446e-06,-4.165763941558287e-06,-4.259210990465762e-06,-3.892649148419833e-06,-4.1861415425224675e-06,-4.1682947076077766e-06,-4.333385929651642e-06,-5.418716139703636e-06,-3.60101761064915e-06,-4.082604863786322e-06,-4.679126320493359e-06,-4.738383742876324e-06,-4.748890259743986e-06,-4.4840164993709915e-06,-4.674716650742691e-06,-4.675535181624356e-06,-4.634349862713026e-06,-4.812376950087203e-06,-3.619123939410637e-06,-3.4977652678556914e-06,-3.6884754495381765e-06,-3.6637483966389813e-06,-3.502608685633735e-06,-3.363963330677943e-06,-3.349571596295282e-06,-3.3437788940860034e-06,-3.7565574602589465e-06,-1.9574549835986793e-06,-1.6891001661187888e-06,-2.810622433808163e-06,-2.787935021239271e-06,-2.5493365048181777e-06,-2.486255916233538e-06,-2.531325086524347e-06,-2.7388400652787152e-06,-2.609848039607853e-06,-2.657910772330779e-06,-9.660780331855541e-06,-9.506858561915542e-06,-9.762046493358621e-06,-9.405792719020711e-06,-9.485054895223893e-06,-9.635376538561209e-06,-9.441996748319353e-06,-9.568886579033502e-06,-1.0346886376896731e-05,-2.004070835002936e-06,-1.8746589024145648e-06,-1.8344236948059685e-06,-1.7722093080424296e-06,-1.5685213062888159e-06,-1.8753277336040626e-06,-1.8652100620463126e-06,-1.8998548993062246e-06,-2.1150728691370593e-06,-8.221432315850464e-08,1.691328980267579e-07,-7.89984760970244e-07,-7.313458384681713e-07,-1.0199440520729396e-06,-1.0236364287741096e-06,-9.238931488656927e-07,-1.0107293960934417e-06,-9.328751303956943e-07,-7.789447322313629e-07,7.552565175417851e-07,5.536199480250629e-07,-1.7228162469311909e-07,-4.101124448542403e-08,5.95436637251914e-07,5.135957724032626e-07,-5.773758942756498e-07,-1.6372508652457318e-07,2.6504251406056197e-07,-8.162315533524089e-06,-8.863577126506964e-06,-9.829611098226926e-06,-9.76640633511377e-06,-9.627907516167889e-06,-9.640834465666392e-06,-9.551107259974212e-06,-9.30620172727176e-06,-9.618271227626016e-06,-9.982229143470303e-06,-9.615289744707965e-06,-9.780077037549723e-06,-9.739921569114331e-06,-9.607341280649243e-06,-9.669491387141506e-06,-9.278241966322702e-06,-9.60208367215231e-06,-9.818653972343506e-06,-1.0317560192820903e-05,-8.839357485100381e-06,-9.322623970447307e-06,-9.169145403630515e-06,-9.202712216161967e-06,-8.973989565311707e-06,-9.25666076401509e-06,-9.103842543967202e-06,-9.191803120727329e-06,-8.975516904822278e-06,-9.343817909286134e-06,-9.176532745500155e-06,-9.403154927038566e-06,-9.113734227949312e-06,-9.501828594737246e-06,-9.357122343599177e-06,-9.309059251366903e-06,-9.16181357000408e-06,-9.02724548245655e-06,-9.678047421996966e-06,-7.674513334449372e-06,-8.240067339057889e-06,-8.961138759892939e-06,-8.994577587096795e-06,-8.966177930510524e-06,-8.859620294730007e-06,-8.878234250689715e-06,-8.753885216335842e-06,-8.988338518082055e-06,-9.079382318905486e-06,-9.1846747693914e-06,-9.295056074686678e-06,-9.307243297752417e-06,-9.374232112450275e-06,-9.115737126424336e-06,-9.093264053328234e-06,-9.189634128933909e-06,-9.425750520920187e-06,-9.695376635353582e-06,-6.780482434047092e-06,-7.356801119185483e-06,-8.17596344306743e-06,-8.169584309211027e-06,-7.982930651247473e-06,-7.868744442825357e-06,-7.969825600818377e-06,-8.036193830481131e-06,-7.998334404442453e-06,-8.318479419458724e-06
1.3200095891952515,-8.169437845102986e-06,-8.774360999302738e-06,-9.15713232689255e-06,-8.896453824895565e-06,-9.083137681644281e-06,-9.233808768067059e-06,-9.00186333162492e-06,-9.042409442916958e-06,-9.237613095978941e-06,-9.243386168977864e-06,-8.307989511922902e-06,-8.133525881197995e-06,-8.21423191884133e-06,-8.2310086382332e-06,-8.096846652444247e-06,-8.10540750472496e-06,-7.844234821179338e-06,-7.921720733599962e-06,-8.464538791877718e-06,-6.570606090047626e-06,-6.955867091768546e-06,-7.644497251936302e-06,-7.50584161501318e-06,-7.651738489207247e-06,-7.589586585168247e-06,-7.550116916763542e-06,-7.544081258137437e-06,-6.903039350256196e-06,-7.841126934774816e-06,-6.784657236341246e-06,-6.861761781246379e-06,-7.025257644611189e-06,-6.89107114028476e-06,-6.968562373443723e-06,-6.990514661299496e-06,-6.838005906897661e-06,-6.9352451323010846e-06,-7.173451352122534e-06,-5.380221748255966e-06,-6.006409377028461e-06,-6.6728243761057845e-06,-6.987107878823727e-06,-6.824793003664411e-06,-6.553483594565638e-06,-6.6497599820354375e-06,-6.5953957694751e-06,-6.802105015880564e-06,-7.126614402469759e-06,-6.3611031684070785e-06,-6.457554565027086e-06,-6.78482002217365e-06,-6.678370670608503e-06,-6.520163621151962e-06,-6.563397496225405e-06,-6.498940921565361e-06,-6.701683485637754e-06,-6.721404586583044e-06,-4.658956012618764e-06,-4.972617060852995e-06,-5.582708485476904e-06,-5.527299179244309e-06,-5.551235095874095e-06,-5.622285287667071e-06,-5.3146008666241365e-06,-5.207636266262608e-06,-5.392629638159006e-06,-6.012555045514803e-06,-4.920950606433915e-06,-4.857821196479928e-06,-4.8233244411201195e-06,-4.746860973282882e-06,-4.669222700800921e-06,-4.580795121398805e-06,-4.601662661701325e-06,-4.841620950326266e-06,-5.491166548502017e-06,-3.6931050671074513e-06,-3.843471253652883e-06,-4.8674265312670085e-06,-4.536697848677169e-06,-4.728595525684332e-06,-4.795277031792218e-06,-4.615192364571313e-06,-4.4889770452943475e-06,-4.7606084669153925e-06,-4.681383643733382e-06,-3.5356667205370543e-06,-3.6095445611984226e-06,-3.865739370470156e-06,-3.8243703422824156e-06,-3.962567568836946e-06,-3.6904182020994154e-06,-3.85671201886054e-06,-3.913397475422829e-06,-3.987807066359614e-06,-1.942014129039071e-06,-2.0313222187343067e-06,-2.916163017645502e-06,-2.835821881989556e-06,-2.9297043686183377e-06,-2.6877066913196363e-06,-2.838682425963216e-06,-2.907906525978114e-06,-3.032966454115105e-06,-3.1585003234244867e-06,-9.686957214050053e-06,-9.605344565734992e-06,-9.740403599247032e-06,-9.994445127283817e-06,-9.776947149173154e-06,-9.709007504153868e-06,-9.743369695165026e-06,-9.850802448598454e-06,-1.0187760637254397e-05,-2.017586804615861e-06,-1.7922513070310154e-06,-1.5728641792027776e-06,-2.122326473529547e-06,-1.8256483592487273e-06,-2.064683967134125e-06,-1.9902026181316416e-06,-1.950780908273849e-06,-2.0467822710930544e-06,-1.21165219575227e-07,9.029918506354707e-08,-9.128622516642304e-07,-7.787366482212138e-07,-1.1443008518287116e-06,-3.516742723716336e-07,-6.428904330425831e-07,-1.0692120039313594e-06,-1.3737146953498622e-06,-1.2269775040076923e-06,2.996370200118687e-07,1.0534352238377439e-06,-4.4506178653121614e-08,4.2756238144964115e-07,1.5598161469561435e-07,4.1747555579387927e-07,-3.660509073617131e-07,-2.2838787574616209e-07,2.113300200447973e-07,-8.034036702496167e-06,-8.827497415540578e-06,-9.728702145211206e-06,-9.80991990845932e-06,-9.740067673713026e-06,-9.72851016721981e-06,-9.634025646238237e-06,-9.681658621487543e-06,-9.577755099413532e-06,-9.942831089327556e-06,-9.563412545909565e-06,-9.907484561723813e-06,-9.952614776701774e-06,-9.894676825524837e-06,-9.712090081100348e-06,-9.75377001297153e-06,-9.696912459284745e-06,-9.999725312967754e-06,-1.0567335495336545e-05,-8.853520571538235e-06,-9.345227329730828e-06,-9.27025136776849e-06,-9.321908834453893e-06,-9.047565885483593e-06,-9.265590976199098e-06,-9.094458199575834e-06,-9.291313150971294e-06,-9.175602766720864e-06,-9.496740530848444e-06,-9.411703627903343e-06,-9.599941284050583e-06,-9.440276424191216e-06,-9.669635190880378e-06,-9.404881003316256e-06,-9.460145930595024e-06,-9.373592473419768e-06,-9.588097176705793e-06,-9.800458772871395e-06,-7.757580198073786e-06,-8.377656958864746e-06,-8.99891614589859e-06,-9.096749136939818e-06,-8.958844227435482e-06,-8.766849986217667e-06,-8.950042647695897e-06,-8.936738285284724e-06,-8.950294519944534e-06,-9.265664316105923e-06,-9.340382006553244e-06,-9.399446228613033e-06,-9.433906062362886e-06,-9.400305024541583e-06,-9.376534410309631e-06,-9.387665970128304e-06,-9.337378090251928e-06,-9.443888198896746e-06,-9.848437020897734e-06,-6.952126397011114e-06,-7.506763900292441e-06,-8.339519344493218e-06,-8.131849345308346e-06,-8.374300507697583e-06,-8.129355644672552e-06,-7.979395595836631e-06,-8.167040708677845e-06,-8.110019218728744e-06,-8.549565844266705e-06
1.3300056457519531,-8.626654283153086e-06,-9.236962096453064e-06,-9.501374462529885e-06,-9.600661884586073e-06,-9.372826862314008e-06,-9.373543580148551e-06,-9.257106411801857e-06,-9.315788044014375e-06,-9.110106922439983e-06,-9.684306048320192e-06,-8.475784675668794e-06,-8.265836681456436e-06,-8.337541252163153e-06,-8.468259066504229e-06,-8.311607182581727e-06,-8.172470306446469e-06,-8.100249624120936e-06,-8.34845041949966e-06,-8.509277788784074e-06,-6.869036812395959e-06,-7.113316655030574e-06,-8.050915163033287e-06,-8.091730546826366e-06,-8.060071434694803e-06,-8.011373736562884e-06,-7.96468979408827e-06,-7.964648306709607e-06,-7.96278633589868e-06,-8.155838685027123e-06,-7.190273153986538e-06,-7.28177748628371e-06,-7.351776472745524e-06,-7.230497001099764e-06,-7.139782151329004e-06,-7.163016880928046e-06,-7.1063394414242e-06,-7.269063222515001e-06,-7.629976813207348e-06,-5.709869961453784e-06,-6.246647867238596e-06,-7.203386616934358e-06,-7.246993806513915e-06,-7.205878448121548e-06,-7.059388167799022e-06,-7.127930278582316e-06,-7.125038169687973e-06,-7.087618064071553e-06,-7.216182920736094e-06,-6.660051009000399e-06,-6.906486182073241e-06,-7.097479117857284e-06,-6.868285653565957e-06,-6.866335818670579e-06,-6.854523923363297e-06,-6.790238834661859e-06,-6.881109999096773e-06,-6.8665515961807575e-06,-5.005932073037681e-06,-4.868995609812785e-06,-5.560406538830062e-06,-5.718972450516961e-06,-5.538843383891678e-06,-5.466888091366236e-06,-5.4477788034279795e-06,-5.263863420309109e-06,-5.35227953136305e-06,-5.960375643159162e-06,-5.484946245875201e-06,-5.282830953711771e-06,-5.087899161618128e-06,-4.901491767557393e-06,-5.024784132038029e-06,-5.0400746397886455e-06,-4.835934447178145e-06,-5.015559230042135e-06,-5.799730688917508e-06,-3.780686936721256e-06,-4.300377147528887e-06,-4.805922463071632e-06,-4.745609665049079e-06,-4.585140438976327e-06,-4.703999621794988e-06,-4.7178556153484785e-06,-4.658313245856937e-06,-4.6341164692448355e-06,-4.895783118633486e-06,-3.847420499782615e-06,-3.9407934178627e-06,-3.6436062742972055e-06,-3.783890129053715e-06,-3.6942043747892654e-06,-3.6555561133410008e-06,-3.765959744166739e-06,-3.8139400054454218e-06,-3.879320195569313e-06,-1.950226329154886e-06,-2.11721496963131e-06,-2.969379388762155e-06,-3.0292397083203442e-06,-3.0048229838896366e-06,-2.786647474463273e-06,-2.6863953450248542e-06,-2.8913135158626562e-06,-2.84356204633252e-06,-2.8891307908121734e-06,-1.0287631183471718e-05,-1.0304601175088631e-05,-1.0297255967714482e-05,-1.0248008939300068e-05,-1.0335714120619955e-05,-1.0301457912964347e-05,-1.0328800180658685e-05,-9.963752663884959e-06,-1.0373731658869523e-05,-2.044004558072985e-06,-1.9509613819661347e-06,-1.8148626474220432e-06,-1.8523879454734491e-06,-1.5732968127511767e-06,-1.6775122451348018e-06,-1.8368726724789737e-06,-1.9045899250160927e-06,-2.0502751920084075e-06,1.4438592830972843e-07,-4.9754008495810483e-08,-9.878599998930065e-07,-8.498972093837749e-07,-8.628168248915941e-07,-5.905921768967638e-07,-7.50453400761561e-07,-1.3013726426687215e-06,-9.791431924574866e-07,-1.46385943519786e-06,7.746196190791519e-07,8.276212193117984e-07,5.1919333293889007e-08,-6.020293196605433e-08,8.757353618713717e-07,8.466290537122797e-07,-6.659407343465203e-07,3.869708281761173e-08,9.674899845760482e-09,-8.663954672156895e-06,-9.461058796729389e-06,-1.0038263852163257e-05,-1.0058811249392112e-05,-9.969156233176846e-06,-1.0027411271597997e-05,-9.889458906859834e-06,-9.943531557339606e-06,-9.981510124775939e-06,-1.0241733344135654e-05,-1.0320229190214383e-05,-1.0459315447433558e-05,-1.037001433221966e-05,-1.0364659943806465e-05,-1.0337252964429636e-05,-1.0312838540858748e-05,-1.0380660410615897e-05,-1.04249151484316e-05,-1.0720564418862653e-05,-9.392950901335621e-06,-9.689138429161276e-06,-9.486920029717074e-06,-9.502713994357485e-06,-9.556185113797552e-06,-9.654254949596705e-06,-9.399409990070837e-06,-9.674024656205735e-06,-9.515707668790825e-06,-9.804240667400013e-06,-9.630347434205345e-06,-9.632228818521021e-06,-9.67503559649001e-06,-9.659207694167227e-06,-9.778558470067224e-06,-9.70970883498835e-06,-9.647009398213593e-06,-9.799732420186348e-06,-1.0179105377819116e-05,-8.118915493230377e-06,-8.585546690162617e-06,-9.498365225490231e-06,-9.461393571833486e-06,-9.366138694222768e-06,-9.393883037170996e-06,-9.48556827457167e-06,-9.442393790442382e-06,-9.472808856428955e-06,-9.425803009284876e-06,-9.74766741370498e-06,-9.876956178391007e-06,-9.796255245780403e-06,-9.701433936442388e-06,-9.625107801175772e-06,-9.65440091039166e-06,-9.630386836429796e-06,-9.797614047309012e-06,-1.0132034962796283e-05,-7.465222163814315e-06,-7.888839936804804e-06,-8.638073162842027e-06,-8.560545834944608e-06,-8.554869685665687e-06,-8.48735124179756e-06,-8.400915775590049e-06,-8.358220301714945e-06,-8.487349516152693e-06,-8.585638796457366e-06
1.3400017023086548,-8.575276370936053e-06,-9.262221223186089e-06,-9.51580775619308e-06,-9.641930825371559e-06,-9.501107850398015e-06,-9.272792451736244e-06,-9.345041175790856e-06,-9.087849842559668e-06,-9.524263703646285e-06,-1.0023944163453772e-05,-8.529608473778447e-06,-8.345129415954128e-06,-8.386129659453529e-06,-8.364695208861438e-06,-8.294956938578199e-06,-8.4005251327334e-06,-8.36393175481176e-06,-8.39132111823058e-06,-8.749313264065855e-06,-6.952332971082004e-06,-7.425078415383642e-06,-8.015533547317259e-06,-8.016167002786995e-06,-8.076924513872012e-06,-8.057991960728831e-06,-7.974029703124328e-06,-7.966936655606291e-06,-7.95504955094358e-06,-8.236454989137402e-06,-7.287675021418626e-06,-7.28577343267764e-06,-7.243219174074109e-06,-7.2236957313679e-06,-7.217091328954554e-06,-7.231418926869678e-06,-7.117155999152872e-06,-7.366382258993499e-06,-7.610895135586956e-06,-5.760938911337848e-06,-6.289960798417485e-06,-7.133832990651832e-06,-7.23368196630832e-06,-7.082949619492783e-06,-7.188737258153506e-06,-7.199926051860251e-06,-7.1766501943918914e-06,-7.144398538954302e-06,-7.294503757664614e-06,-6.670258917404292e-06,-6.724707614661216e-06,-6.946625472588008e-06,-6.738037933647257e-06,-6.856623601754581e-06,-6.881872446520277e-06,-6.760685584482349e-06,-6.836726053621693e-06,-6.789629322514645e-06,-4.879085095837717e-06,-5.2882320064382285e-06,-5.6266715893101725e-06,-5.736021102779038e-06,-5.546342461266423e-06,-5.491332641820415e-06,-5.4060126612153425e-06,-5.242760365433249e-06,-5.393834929196368e-06,-6.144648414520067e-06,-5.4624019180264875e-06,-5.251085199827536e-06,-5.160121569588527e-06,-5.0653812936573675e-06,-5.150502034182233e-06,-5.201019209120241e-06,-5.0130314838711625e-06,-5.195021802288677e-06,-5.689963066077869e-06,-3.9951266766682445e-06,-4.086269702071499e-06,-4.96165867668686e-06,-4.834097713923392e-06,-4.755115307894187e-06,-4.827827367595447e-06,-4.860450755698023e-06,-4.814711963297152e-06,-4.737259772853293e-06,-4.75294962358676e-06,-3.718436670924868e-06,-3.982732663826006e-06,-3.957212209748514e-06,-3.935731526254375e-06,-4.027241934259514e-06,-3.7445721735935197e-06,-4.067957626110619e-06,-3.885020000563279e-06,-3.949669344135283e-06,-1.9931142843344706e-06,-2.0806737205650114e-06,-2.988110760474653e-06,-2.909811134597616e-06,-2.944577486016876e-06,-2.9777722063739937e-06,-2.935802941380199e-06,-2.794442787540095e-06,-2.9014702301355103e-06,-2.911460203973141e-06,-1.0434972206713415e-05,-1.0400118782130269e-05,-1.0391193171665905e-05,-1.0421578901689749e-05,-1.0274443805402117e-05,-1.0137072551572739e-05,-9.892343178450409e-06,-1.0358063666304365e-05,-1.0447205878386811e-05,-2.00439690998083e-06,-1.8193062548550852e-06,-1.8185415784736285e-06,-1.7931449034643714e-06,-1.8868733043869514e-06,-1.8614618894944597e-06,-2.142570588673119e-06,-1.9503289331225716e-06,-2.3440556609509387e-06,-1.6232069921074046e-07,-9.406598019958396e-08,-8.203404360126635e-07,-9.093272681552566e-07,-1.1740411906724942e-06,-1.0966747072570034e-06,-9.006414504254639e-07,-1.1616245287413828e-06,-1.3352682624491058e-06,-1.0594756998891002e-06,8.900313229639433e-07,7.086818659087159e-07,-5.857034968919102e-07,-2.449741989877626e-07,6.095058917501526e-07,2.134444383193149e-07,-1.5667561153941542e-08,2.690181841273116e-07,4.514862185653568e-09,-8.727154977354148e-06,-9.657908139779032e-06,-1.0136221664849828e-05,-1.0062723717715628e-05,-1.0063831294112426e-05,-1.0047576007077712e-05,-1.0109071087539409e-05,-1.0032515872916768e-05,-1.0078107697896512e-05,-1.046049665134466e-05,-1.0342510429122828e-05,-1.0463694702693456e-05,-1.0433034019920886e-05,-1.0522766402547665e-05,-1.0385003571137336e-05,-1.04103268343379e-05,-1.0505786919883986e-05,-1.0617363521856777e-05,-1.082252529622823e-05,-9.392670196437342e-06,-9.865611645235063e-06,-9.488709954854826e-06,-9.511036923352231e-06,-9.431240372455398e-06,-9.68835973191528e-06,-9.454236028338565e-06,-9.75443337961895e-06,-9.322602256082737e-06,-9.899527900851975e-06,-9.657265912281226e-06,-9.785750095048257e-06,-9.725652786928407e-06,-9.73599702127675e-06,-9.71608969448962e-06,-9.776601588788641e-06,-9.584833838459551e-06,-9.681541709047839e-06,-1.0120597963836244e-05,-8.087664496109735e-06,-8.733908432342834e-06,-9.445599175781858e-06,-9.495380722693661e-06,-9.425138204600066e-06,-9.27696240065421e-06,-9.48889042854711e-06,-9.546998787154612e-06,-9.369893985059698e-06,-9.614286282218109e-06,-9.73359851871609e-06,-9.84646978574995e-06,-9.834608997171454e-06,-9.744108271167876e-06,-9.664282959523269e-06,-9.692503292847165e-06,-9.79731047761625e-06,-9.848979160993285e-06,-1.003379543858526e-05,-7.451416789176909e-06,-7.943212561883864e-06,-8.622977796765061e-06,-8.530900190862872e-06,-8.606157648644053e-06,-8.710513577280556e-06,-8.300448587660146e-06,-8.474831616389415e-06,-8.50159737489461e-06,-8.747687850405374e-06
1.350012183189392,-8.582628480889669e-06,-9.235041597520415e-06,-9.407752476374071e-06,-9.714571414614599e-06,-9.449687659881753e-06,-9.443127908529326e-06,-9.007832552923665e-06,-9.082588854674874e-06,-9.55522206015832e-06,-1.0024403472595731e-05,-8.451691581552421e-06,-8.218388134502235e-06,-8.265623061002341e-06,-8.304026640388912e-06,-8.042587776122636e-06,-8.121971754092644e-06,-8.266570583837773e-06,-8.372790065126332e-06,-8.694046467338483e-06,-6.867655577484086e-06,-7.4151499176443795e-06,-8.04352365085522e-06,-8.039492903956483e-06,-8.02946618826357e-06,-8.040425111693725e-06,-7.963189202073132e-06,-7.965578573096375e-06,-7.759489264609192e-06,-8.04099615634079e-06,-7.186244348438275e-06,-7.1959607356627e-06,-7.291252930343653e-06,-7.267268336148259e-06,-7.024907051095818e-06,-7.127534890202285e-06,-7.0820808292043824e-06,-7.321968977555688e-06,-7.582883533390035e-06,-5.816120036987787e-06,-6.067022293454042e-06,-7.131828150826336e-06,-7.100643878640531e-06,-7.21945488720667e-06,-7.105730216884464e-06,-7.107182131333995e-06,-7.192428053013548e-06,-7.120627780918611e-06,-7.119075060048132e-06,-6.615325601547365e-06,-6.745700084461882e-06,-7.028688729918828e-06,-6.916218962923898e-06,-6.7922876065295806e-06,-7.074840814265218e-06,-6.783632347094298e-06,-7.009230646011935e-06,-6.7508602659257284e-06,-4.758912912981276e-06,-5.0502424988512615e-06,-5.540453051042752e-06,-5.752420121650756e-06,-5.507976558459435e-06,-5.4715527970477956e-06,-5.282670540641058e-06,-5.215958979551747e-06,-5.320111425897746e-06,-5.977515395089815e-06,-5.334215912312008e-06,-5.124442783446118e-06,-5.160876754923218e-06,-4.942047513699937e-06,-4.994355943960282e-06,-5.165466826464302e-06,-4.924055580812724e-06,-5.137734347324532e-06,-5.728772819124888e-06,-3.9413194159885625e-06,-4.126685922636401e-06,-4.9105749869195616e-06,-4.7346416100815035e-06,-4.716093012921113e-06,-4.746637286567064e-06,-4.668619875527566e-06,-4.662207523007485e-06,-4.716039302224644e-06,-4.783580035672297e-06,-3.763314258684564e-06,-3.828268466182979e-06,-3.995694953093336e-06,-3.906541272662716e-06,-3.924711989548283e-06,-3.7049622605924775e-06,-3.752168462295742e-06,-3.6848123368978673e-06,-3.828232551199195e-06,-1.9476493661542836e-06,-2.0426479855023274e-06,-2.8337951839957506e-06,-2.7753282507653698e-06,-2.731837542214299e-06,-2.8413317941463403e-06,-2.698019504551037e-06,-2.803735385146062e-06,-2.7392675937943846e-06,-2.790977620746344e-06,-1.0274949563151733e-05,-1.025136416813545e-05,-1.0255788433965612e-05,-1.0264286084503091e-05,-1.0307668508838789e-05,-1.016195735717348e-05,-1.0399026448929789e-05,-1.0194139483503323e-05,-1.0167897026803885e-05,-1.947358163583066e-06,-1.8519919818784624e-06,-1.8251610083776872e-06,-1.8118884265928044e-06,-1.9503249785197525e-06,-1.7243401351520263e-06,-1.8116062117552664e-06,-1.8211619702033706e-06,-2.1586301588192277e-06,-1.956140689327265e-08,-2.2717000188164763e-07,-8.935179165147864e-07,-1.0025955690153127e-06,-9.513152995369746e-07,-7.862228551613286e-07,-8.895382918452177e-07,-9.82954422948835e-07,-6.706370049487623e-07,-1.1357599882677028e-06,8.069180826337446e-07,8.216850009711251e-07,-4.950501232195191e-08,-5.656527258752538e-08,9.368332564063013e-07,4.2455393533054974e-08,-1.360324410204712e-07,1.5832885122336733e-07,2.0471238768747467e-07,-8.824410093070715e-06,-9.550496956906434e-06,-1.0093287620571934e-05,-1.0007353813707483e-05,-1.0008189457234074e-05,-1.0045859134239307e-05,-9.996562637338721e-06,-9.995178238744592e-06,-9.947899308300393e-06,-1.0389975729212606e-05,-1.0270713248808276e-05,-1.0504654609244101e-05,-1.0366826203328848e-05,-1.0457495035903168e-05,-1.0464304430546276e-05,-1.036490426635881e-05,-1.0310718442336545e-05,-1.0512168642207689e-05,-1.0903508084167026e-05,-9.46656921219926e-06,-9.852638103325167e-06,-9.505827776715301e-06,-9.494061467193242e-06,-9.462453692996456e-06,-9.731602235213056e-06,-9.49585038570482e-06,-9.668974700307736e-06,-9.467444689361519e-06,-9.89155326451278e-06,-9.718565419658055e-06,-9.644274251100231e-06,-9.578358068490626e-06,-9.644461195960766e-06,-9.606091769962176e-06,-9.725763803414816e-06,-9.55775099271014e-06,-9.613655702823151e-06,-1.012553618422914e-05,-8.040608030049572e-06,-8.825466403434606e-06,-9.431349663296942e-06,-9.433857888110363e-06,-9.408097892954843e-06,-9.443133085463927e-06,-9.55741909368082e-06,-9.376872349095981e-06,-9.520775600156183e-06,-9.427316975047728e-06,-9.689362331582703e-06,-9.84979740426747e-06,-9.750558731678759e-06,-9.82472407196507e-06,-9.65257920462762e-06,-9.503136633546034e-06,-9.441083163166293e-06,-9.857075311491829e-06,-1.000401512230207e-05,-7.4356431727655474e-06,-7.860304601390907e-06,-8.40976524197468e-06,-8.500302278422321e-06,-8.530369051753346e-06,-8.491364157032678e-06,-8.321338237787517e-06,-8.26084733883437e-06,-8.417058536199096e-06,-8.729494376578131e-06
1.3600082397460938,-8.667503748432277e-06,-9.165730927654715e-06,-9.611188605879048e-06,-9.748554970381305e-06,-9.67729015150806e-06,-9.515233260256282e-06,-9.390685704840895e-06,-9.100348832131286e-06,-9.703466746095094e-06,-1.0120037704469593e-05,-8.528490112101233e-06,-8.403281778505725e-06,-8.368830069667119e-06,-8.205123893334208e-06,-8.120037306197326e-06,-8.259196615715848e-06,-8.20622471095528e-06,-8.260435556828108e-06,-8.803540647368654e-06,-6.917395133704139e-06,-7.295605438108119e-06,-8.05249312145994e-06,-8.05813871244435e-06,-8.06268995697594e-06,-8.09810932117342e-06,-8.024227777565777e-06,-8.0691164741643e-06,-7.938548215711651e-06,-8.197233597887859e-06,-7.21764691469969e-06,-7.388318584634257e-06,-7.300643602099532e-06,-7.254120647910587e-06,-7.147762539817755e-06,-7.2198463209838815e-06,-7.1319793604577605e-06,-7.30642602234148e-06,-7.611807786015713e-06,-5.741895988825082e-06,-6.1657131097485824e-06,-7.105148386956985e-06,-7.239583456046056e-06,-7.1958214617416015e-06,-7.13922138864927e-06,-7.154170362520062e-06,-7.070817976572118e-06,-7.159657337980497e-06,-7.213492137076173e-06,-6.741682423703382e-06,-6.856812775573068e-06,-6.927224478765449e-06,-6.947816670858962e-06,-6.855681183951877e-06,-6.854015217637035e-06,-6.894731736359639e-06,-6.8809485074980185e-06,-6.857380081322922e-06,-4.837673357939532e-06,-5.129936841240692e-06,-5.637235627673384e-06,-5.693151698281767e-06,-5.649512368566572e-06,-5.343317394749013e-06,-5.333058939330906e-06,-5.215070092690839e-06,-5.326816490928302e-06,-6.067380292861966e-06,-5.400356284950516e-06,-5.237250489227399e-06,-5.064534577242884e-06,-5.059166024161412e-06,-5.02612610852919e-06,-4.934435262782701e-06,-4.835880053413917e-06,-5.0702483311995206e-06,-5.807064032483201e-06,-3.966174382313486e-06,-4.13550360839474e-06,-4.979748539920246e-06,-4.5436676204400566e-06,-4.804939420712697e-06,-4.645722185941507e-06,-4.64580670658903e-06,-4.623046241720791e-06,-4.7175119963144415e-06,-4.856565322477416e-06,-3.684882477171503e-06,-3.7957343083003734e-06,-3.896627622659491e-06,-3.940935316202034e-06,-3.911192029381604e-06,-3.6844147195598837e-06,-3.8095211322554657e-06,-3.860068541929573e-06,-4.0685626803419265e-06,-2.0102395839893666e-06,-2.01957985253477e-06,-2.9619689663924258e-06,-2.851564868204536e-06,-2.9227418948951983e-06,-2.941661110241599e-06,-2.767409554080595e-06,-2.8133202638512877e-06,-2.8078937578630494e-06,-2.9036758918823425e-06,-1.0311791937247232e-05,-1.0315544495813121e-05,-1.0190143177600044e-05,-1.023567863151415e-05,-1.0241698543630846e-05,-9.707588017447455e-06,-9.895310137190834e-06,-1.0378155061877253e-05,-1.0457908615456164e-05,-2.0954179898135195e-06,-1.9972697809766806e-06,-1.7917047809214288e-06,-1.7592256998708117e-06,-1.7776837006757126e-06,-1.7726097295533211e-06,-1.832785770220206e-06,-1.7635731745044175e-06,-2.217777355636347e-06,-2.8643763433007334e-08,1.3663864568168978e-07,-7.819457005560321e-07,-6.816548160099872e-07,-9.361213559970111e-07,-1.0594868446788627e-06,-9.01024471683952e-07,-1.0064431818525959e-06,-9.622686146213153e-07,-7.053599995407519e-07,9.808705629688278e-07,7.514292529335524e-07,-3.3395736413501443e-07,4.225320547619978e-08,8.789754039119169e-07,2.134056113098192e-07,-5.234944308667096e-07,1.0486391534407232e-07,5.302963477153975e-07,-8.758189693651523e-06,-9.6177247734183e-06,-1.0065624239128693e-05,-1.0179365950193954e-05,-1.0025568139076864e-05,-1.004643665005462e-05,-1.006617716450466e-05,-1.0025303540197338e-05,-1.0022397554242195e-05,-1.0376646848263955e-05,-1.0372408664471893e-05,-1.0419695216514253e-05,-1.0528963624674394e-05,-1.0399800975867358e-05,-1.050454632502873e-05,-1.0451764169301603e-05,-1.0467216456258452e-05,-1.0567811341908475e-05,-1.0889946672572617e-05,-9.457252455565162e-06,-9.899681914656308e-06,-9.484719257297363e-06,-9.538460871570249e-06,-9.414034398902995e-06,-9.632879242831942e-06,-9.488265745105447e-06,-9.652275634934858e-06,-9.4293696296164e-06,-9.861829463098967e-06,-9.691645503544787e-06,-9.69634285267507e-06,-9.642789189888892e-06,-9.591082973736011e-06,-9.627578061802132e-06,-9.837619816052237e-06,-9.71280421046759e-06,-9.67792820869744e-06,-1.0149160837666135e-05,-8.139391420001013e-06,-8.791795189388733e-06,-9.60790829879162e-06,-9.54253483149252e-06,-9.446965023693674e-06,-9.360754250828151e-06,-9.488892729406933e-06,-9.545271991858226e-06,-9.562694390037635e-06,-9.615223307380605e-06,-9.601490913140676e-06,-9.828754171746983e-06,-9.669473699281625e-06,-9.832220992283731e-06,-9.657187683047278e-06,-9.646031388985519e-06,-9.712675793728777e-06,-9.822749359022867e-06,-1.0031207258893024e-05,-7.49053492934194e-06,-8.024118342920495e-06,-8.598660872129131e-06,-8.541458333272792e-06,-8.572482120486014e-06,-8.330132914947638e-06,-8.176599846513812e-06,-8.468191191139481e-06,-8.437017488528482e-06,-8.694327819353587e-06
1.3700042963027954,-8.708537642006574e-06,-9.240140806198979e-06,-9.556504214294111e-06,-9.933814738703964e-06,-9.643265899283254e-06,-9.470181562119747e-06,-9.374563292460899e-06,-9.314000060227098e-06,-9.748776571942909e-06,-9.78946023151118e-06,-8.36694286130002e-06,-8.242587571483506e-06,-8.227823529220902e-06,-8.160270644357316e-06,-8.237226927607672e-06,-8.20929060666805e-06,-8.169750258725688e-06,-8.210764954500845e-06,-8.80747842515021e-06,-6.773171991226815e-06,-7.319143449792444e-06,-7.969947402585204e-06,-7.980389423475981e-06,-8.0810370131963e-06,-7.989943959592305e-06,-7.894501993317316e-06,-7.919807281050518e-06,-7.897840828526467e-06,-8.107553487920161e-06,-7.1914706077201325e-06,-7.156555778940487e-06,-7.22265581463024e-06,-7.156693039609241e-06,-7.013597030837202e-06,-7.172781082895647e-06,-7.080771855671292e-06,-7.281225567533915e-06,-7.498915883145322e-06,-5.727024309463933e-06,-6.15090312219141e-06,-7.125306004151624e-06,-7.062663082246244e-06,-6.994166197738826e-06,-6.885754284647412e-06,-6.987716887657854e-06,-6.931597334758966e-06,-6.967893901763572e-06,-7.111755593543239e-06,-6.583196754502774e-06,-6.972894173469791e-06,-6.69200125180131e-06,-6.968848614785949e-06,-6.8414889053550325e-06,-6.846212139158314e-06,-6.776561804861396e-06,-6.997077935843525e-06,-6.753534080744461e-06,-4.75469824110052e-06,-5.345594526954066e-06,-5.492232062305196e-06,-5.631384756851732e-06,-5.560134749763592e-06,-5.2887524321692096e-06,-5.284273628771079e-06,-5.107029157294782e-06,-5.373463691547633e-06,-5.927465222793796e-06,-5.3828614096867165e-06,-5.180429030279071e-06,-5.077123947464382e-06,-4.982953745505049e-06,-4.966844814725572e-06,-4.986314546735314e-06,-5.024191516830133e-06,-4.9273829476737e-06,-5.648458287160634e-06,-3.865311985758226e-06,-4.089780778208885e-06,-4.7091319053334925e-06,-4.671599884457294e-06,-4.630136664820593e-06,-4.623955584663554e-06,-4.583564098341738e-06,-4.5555499436284504e-06,-4.64984363704854e-06,-4.638553030294673e-06,-3.5212278185280426e-06,-3.731271981490773e-06,-3.7871723774916196e-06,-3.831313546304547e-06,-3.6773264894671e-06,-3.5463548255759786e-06,-3.7036839891576363e-06,-3.6834940520726847e-06,-3.927689338108842e-06,-1.7443121736216502e-06,-2.2330659220364886e-06,-2.8253121295377687e-06,-2.7552464181411165e-06,-2.546050086071846e-06,-2.8074237353425433e-06,-2.713434546339518e-06,-2.682750998772468e-06,-2.8538365358675114e-06,-2.7130637483988336e-06,-1.0311248502918032e-05,-1.0276479922540818e-05,-1.034210058846704e-05,-1.023981485845535e-05,-1.0347707208638216e-05,-1.0028219448610464e-05,-1.031071024552343e-05,-1.0331466014369912e-05,-1.0401001880890686e-05,-1.863581340899838e-06,-1.670668409496232e-06,-1.6938282173473212e-06,-1.7799806777967296e-06,-1.740228003633921e-06,-1.5951417511158814e-06,-1.5833183515094902e-06,-1.680590795576593e-06,-2.1259092717816963e-06,1.1741719082711288e-07,-1.347571894641463e-07,-8.731384820529355e-07,-9.371897458749674e-07,-1.1153916985956142e-06,-1.2019043155090297e-06,-9.061657429561358e-07,-1.2818643712569625e-06,-5.169530144909896e-07,-1.5666858672677118e-06,9.3551162814419e-07,9.659103005045327e-07,-5.938181261709008e-08,1.929502484738434e-07,6.965945145396234e-07,1.3715590773041575e-07,-1.8907998654768764e-07,-5.218285364537373e-08,-1.8081213438492904e-07,-8.669550291342048e-06,-9.648783361136329e-06,-1.0133100548501331e-05,-1.0055484206089549e-05,-1.0067790067239859e-05,-1.0053323267305506e-05,-9.941293971162744e-06,-9.861014958721991e-06,-1.0130040117330637e-05,-1.0494534564924659e-05,-1.022904510884368e-05,-1.0393156380308998e-05,-1.0357343784787567e-05,-1.0363313940810614e-05,-1.0139964588565213e-05,-1.0333199712245763e-05,-1.0339365441353679e-05,-1.0433004971565633e-05,-1.08982575220533e-05,-9.191526729941214e-06,-9.809991522721279e-06,-9.423189663938337e-06,-9.367944150164318e-06,-9.273953738829512e-06,-9.4772915065771e-06,-9.309386692480317e-06,-9.627044406127173e-06,-9.481159683349042e-06,-9.863520163656895e-06,-9.549276925985838e-06,-9.706279834834927e-06,-9.475089727531218e-06,-9.539277964414526e-06,-9.459643480331403e-06,-9.75064904042677e-06,-9.548364635066428e-06,-9.811832066775115e-06,-1.0085949028169773e-05,-7.948226782552755e-06,-8.839605258942459e-06,-9.295321248781159e-06,-9.410529038964227e-06,-9.309880945930824e-06,-9.227109670891665e-06,-9.393576016188502e-06,-9.421870983652873e-06,-9.374340396665647e-06,-9.620447409606379e-06,-9.624338019761586e-06,-9.710669012552805e-06,-9.687616554192785e-06,-9.679706054321125e-06,-9.58366385124008e-06,-9.606004049681464e-06,-9.569770396812614e-06,-9.800621702507537e-06,-9.982275735881698e-06,-7.391862843484388e-06,-7.973639779286374e-06,-8.523262055272638e-06,-8.353950481100331e-06,-8.373039564613276e-06,-8.44447666036569e-06,-8.293955776948165e-06,-8.242338719113386e-06,-8.324631559113316e-06,-8.6642896629666e-06
1.380000352859497,-8.76283965944985e-06,-9.230325194394733e-06,-9.65763663832004e-06,-9.880763957592621e-06,-9.710862572385328e-06,-9.545033277651697e-06,-9.412098512970287e-06,-9.331933824501938e-06,-9.78895993830364e-06,-1.0483719373331507e-05,-8.529737609535956e-06,-8.299713678652637e-06,-8.281867706560379e-06,-8.236437085571913e-06,-8.020997370375736e-06,-8.193927406127433e-06,-8.208167139958105e-06,-8.314226495783428e-06,-8.734037136689125e-06,-6.878072288916821e-06,-7.212805833732402e-06,-8.053808853768757e-06,-8.064754475353069e-06,-8.042914570119224e-06,-7.971826845550402e-06,-7.900326619956623e-06,-7.970222642941406e-06,-7.973278975705541e-06,-8.189537796998338e-06,-7.235230732575981e-06,-7.242404094482178e-06,-7.258987397845262e-06,-7.241466997417813e-06,-7.075648056553381e-06,-7.134008359311387e-06,-7.12289779483859e-06,-7.366796413761452e-06,-7.48985365912903e-06,-5.710375683252465e-06,-6.193421393909287e-06,-7.179260807467389e-06,-7.235878999830821e-06,-7.194793840223616e-06,-7.140106141152685e-06,-7.070785117417786e-06,-7.106410911882419e-06,-7.048113379456431e-06,-7.219371193430645e-06,-6.601648715550642e-06,-6.8200507877675995e-06,-6.776341138024095e-06,-6.9146786091749604e-06,-6.8312572693342265e-06,-6.95396162032661e-06,-6.785447150278874e-06,-6.7981104356221525e-06,-6.799656613422514e-06,-4.9886002352628285e-06,-5.159615308525825e-06,-5.627761334043351e-06,-5.652792388046524e-06,-5.521484043651766e-06,-5.461039449502536e-06,-5.329222938645537e-06,-5.0557529502720676e-06,-5.279223744774948e-06,-6.073043140295041e-06,-5.37753161171287e-06,-5.174817089369557e-06,-5.1265328629378314e-06,-5.069518958635957e-06,-5.053838239439909e-06,-5.073652417355185e-06,-4.925684949076023e-06,-5.045115787707638e-06,-5.672689001455109e-06,-3.919745224113221e-06,-4.035852794290418e-06,-4.846928171113109e-06,-4.72785062231697e-06,-4.644946364770288e-06,-4.6891753257657975e-06,-4.702391105073825e-06,-4.7084261525340395e-06,-4.716005328591335e-06,-4.61291911506721e-06,-3.6383233563422318e-06,-3.728053330256385e-06,-3.828796837070532e-06,-3.7852748871571916e-06,-3.943575085485589e-06,-3.46530398251776e-06,-3.752077794038382e-06,-3.669852218237311e-06,-3.658443117202613e-06,-1.8627661175041676e-06,-2.145020788677905e-06,-2.9397861611432395e-06,-2.8164865345737917e-06,-2.7247395334672717e-06,-2.8791285936567385e-06,-2.6361203355831075e-06,-2.6820353594659667e-06,-2.604301888908873e-06,-2.8008439952704135e-06,-1.0195517123321725e-05,-1.0197487522151763e-05,-1.0231990209415798e-05,-1.021072983324961e-05,-1.017370669785435e-05,-1.0263441093733474e-05,-1.0225545213446992e-05,-1.0157395327361475e-05,-1.0470572260308791e-05,-2.1527147920206914e-06,-1.7436243603386213e-06,-1.639026050500247e-06,-1.848231154597589e-06,-1.7441036582002846e-06,-1.7366428326200806e-06,-1.8385013217235788e-06,-1.8521146464677212e-06,-2.1272056624876353e-06,-8.074040673692667e-08,-2.211715165220422e-07,-9.498003990498183e-07,-8.512805294498627e-07,-1.4123803570505302e-06,-1.0771790186723959e-06,-7.9355260363355e-07,-9.923509187561375e-07,-9.33569630552581e-07,-1.2787009766092364e-06,9.640291318944667e-07,5.918779980278957e-07,-1.0964215407747186e-07,6.053038026965477e-07,8.199136265156888e-07,2.745700150739778e-07,-3.2605534868394836e-07,-1.560109506583446e-07,1.8970524520430703e-07,-8.598334078132543e-06,-9.733679480221075e-06,-1.0192620340805869e-05,-1.0235077963296876e-05,-1.0190513040816426e-05,-1.0061483554271588e-05,-9.97931150941231e-06,-9.993666286234082e-06,-1.0154861217875055e-05,-1.0477295947923531e-05,-1.0228313147812818e-05,-1.0450884665634656e-05,-1.0489600658643931e-05,-1.0443623727251486e-05,-1.0364839698480058e-05,-1.030357542301925e-05,-1.0306421299011545e-05,-1.0490640072068504e-05,-1.0875898341518385e-05,-9.308569168224825e-06,-9.884955405169552e-06,-9.457473050500594e-06,-9.425096932927009e-06,-9.498392835808092e-06,-9.60429853733843e-06,-9.388617375664687e-06,-9.566815517586254e-06,-9.427014124373662e-06,-9.954703094597686e-06,-9.663458532688309e-06,-9.456489576730441e-06,-9.457273307107297e-06,-9.50677846323299e-06,-9.684609761816691e-06,-9.665965319464342e-06,-9.522704871116903e-06,-9.76408304190854e-06,-1.0383519804159646e-05,-8.143615942437882e-06,-8.929106189451523e-06,-9.496309119631825e-06,-9.509953505983564e-06,-9.33811019508653e-06,-9.325645287001026e-06,-9.453273262306811e-06,-9.160705562196064e-06,-9.44763385488317e-06,-9.539487630265803e-06,-9.709006928938912e-06,-9.880689754863364e-06,-9.767728035277751e-06,-9.821961458337583e-06,-9.67861199547578e-06,-9.557246241586695e-06,-9.652184031953197e-06,-9.851140818796022e-06,-9.985246145911857e-06,-7.369546732169266e-06,-7.946068719843489e-06,-8.378739010097895e-06,-8.533494769821487e-06,-8.310358822324572e-06,-8.285343371027066e-06,-8.225726151689441e-06,-8.28540283387309e-06,-8.418857089561178e-06,-8.75063949404761e-06
1.3900108337402344,-8.979920391012174e-06,-9.21628067413958e-06,-9.591278834428356e-06,-9.987873008809848e-06,-9.880194926197903e-06,-9.604518700862645e-06,-9.456699242581718e-06,-9.47338105150593e-06,-9.797798691309725e-06,-1.0523089098137697e-05,-8.501440125506155e-06,-8.376655365823497e-06,-8.436722834667532e-06,-8.263361891012303e-06,-8.273752789673911e-06,-8.31224351412624e-06,-8.317448490454745e-06,-8.39829509625283e-06,-8.882946771114448e-06,-6.922202205087183e-06,-7.344035086070779e-06,-7.987828894200963e-06,-8.07344180302212e-06,-8.102108790758955e-06,-8.005940543700788e-06,-8.015212505470227e-06,-8.00182948241389e-06,-7.932080498752105e-06,-8.306849723488596e-06,-7.326451915311313e-06,-7.3282434941920605e-06,-7.266603675267189e-06,-7.286852392130404e-06,-7.105968212072299e-06,-7.191485922818323e-06,-7.091004929729488e-06,-7.2045205094153705e-06,-7.686684954809445e-06,-5.77357494587261e-06,-6.2445676383029956e-06,-7.223951845826833e-06,-7.244890461127291e-06,-7.190808463404492e-06,-7.151221307345127e-06,-7.106833551070967e-06,-7.098464892487259e-06,-7.089481401017998e-06,-7.185514400659756e-06,-6.686083656044821e-06,-6.968174534759983e-06,-6.922936970290954e-06,-6.9636225712096995e-06,-6.8840965870475544e-06,-6.8958423326349545e-06,-6.926894377282866e-06,-6.745409672811228e-06,-6.8360107019226705e-06,-4.9814904346092135e-06,-5.28238512617033e-06,-5.661618342519849e-06,-5.632622475632211e-06,-5.4286412580550355e-06,-5.480610850755661e-06,-5.357262618522474e-06,-5.154008616452778e-06,-5.48304401001739e-06,-6.042958822907876e-06,-5.467916360001047e-06,-5.2633536720057394e-06,-5.153976979630227e-06,-5.142356127590038e-06,-5.069811743048303e-06,-4.7558169982380166e-06,-4.729365343049453e-06,-5.022822649039802e-06,-5.7561653462259625e-06,-3.9538024792960985e-06,-4.38879182054544e-06,-4.953492421865616e-06,-4.751895362426148e-06,-4.766412817227519e-06,-4.6848692306580525e-06,-4.527657195221707e-06,-4.638669727028768e-06,-4.703596324209319e-06,-4.906644111717471e-06,-3.770661479311058e-06,-3.7974242898396076e-06,-3.857440169092323e-06,-3.7623373639354654e-06,-3.7896288329590468e-06,-3.624483109298148e-06,-3.841287773632771e-06,-3.852721680812425e-06,-3.901984455736245e-06,-1.8424782141221092e-06,-2.2662493538001054e-06,-2.9932952447703683e-06,-2.9500175095565684e-06,-2.8482411323879667e-06,-2.7920094844746267e-06,-2.9395622587218142e-06,-2.935820413534472e-06,-2.8186935624561433e-06,-2.8401637482773454e-06,-1.0265097856609029e-05,-1.0478703642723359e-05,-1.032325597131018e-05,-1.0209589757207827e-05,-1.021905017377706e-05,-1.0389517570500557e-05,-1.031599230065597e-05,-1.030753088866069e-05,-1.0534480367508776e-05,-2.070607746451386e-06,-1.8241997522851911e-06,-1.728281723732663e-06,-1.6520453219991052e-06,-1.7668735422134198e-06,-1.810803714990486e-06,-1.907382162213788e-06,-1.7579447680668016e-06,-2.3122876174871788e-06,1.0545099410802104e-07,-2.1027011458743485e-07,-8.757332048152886e-07,-8.16946667775263e-07,-7.012265767724587e-07,-1.0410801818087397e-06,-9.391600728031345e-07,-1.0125960405258816e-06,-1.080404680339054e-06,-1.022991900416481e-06,9.134817581712946e-07,7.922140784321208e-07,-4.3068500773741025e-09,8.224480955114544e-08,7.902136246206601e-07,2.1725006046484736e-07,3.484692465415038e-07,2.980814230666111e-07,1.48254464591018e-07,-8.75620886905042e-06,-9.820911115828855e-06,-1.0232360360239658e-05,-1.0212759191612586e-05,-1.0145197175211582e-05,-1.0057296277003086e-05,-1.0140295049557141e-05,-1.0029689554232961e-05,-1.0251503370154679e-05,-1.0600891234980103e-05,-1.0340014859038427e-05,-1.0450865683541127e-05,-1.0593896189710107e-05,-1.0450952972410623e-05,-1.0441159937793377e-05,-1.0347893578283797e-05,-1.043336390569786e-05,-1.0568590614369427e-05,-1.101731824581199e-05,-9.331523264827456e-06,-9.831926769833996e-06,-9.56864800863071e-06,-9.40939845396921e-06,-9.472999252579222e-06,-9.54000230384723e-06,-9.492967120740418e-06,-9.745981890081651e-06,-9.566474702725126e-06,-1.009242939985834e-05,-9.644666403896138e-06,-9.745683928734707e-06,-9.667025440627314e-06,-9.663350536080416e-06,-9.730735386275129e-06,-9.867367488886702e-06,-9.658173026266036e-06,-9.758002732221515e-06,-1.0421465584343517e-05,-8.205901008739078e-06,-8.775477779138825e-06,-9.56606572489177e-06,-9.538162191204612e-06,-9.478451283731111e-06,-9.429645588991297e-06,-9.325371628485953e-06,-9.560666901123264e-06,-9.621704541891606e-06,-9.739790851515697e-06,-9.796764023408534e-06,-9.900727511641653e-06,-9.768271038195734e-06,-9.713475630124387e-06,-9.66778371774239e-06,-9.637786114009763e-06,-9.804849820037879e-06,-9.912203769022405e-06,-1.0226292849085392e-05,-7.426913782502877e-06,-8.026351183573975e-06,-8.606028944297763e-06,-8.759091630701735e-06,-8.688345727620213e-06,-8.478379686038626e-06,-8.317524346927001e-06,-8.407675701746985e-06,-8.581237323519812e-06,-8.812082877065182e-06
1.400006890296936,-8.883501997350236e-06,-9.414923249812967e-06,-9.715822075731576e-06,-1.0162908762709861e-05,-1.0004793675744329e-05,-9.59357624296059e-06,-9.481827076501151e-06,-9.490091764981656e-06,-9.837459618687132e-06,-1.0493864439501513e-05,-8.632032686790672e-06,-8.425906061233252e-06,-8.450543812010607e-06,-8.348779082944854e-06,-8.246679434971265e-06,-8.233442228906146e-06,-8.304107242384551e-06,-8.459104376683842e-06,-8.935001711334094e-06,-6.946120218151479e-06,-7.47458148635512e-06,-8.039191491319806e-06,-8.05628623268019e-06,-8.015955036075897e-06,-7.991771848917119e-06,-7.960513230198315e-06,-8.091694595891649e-06,-7.821659287919288e-06,-8.37454957577331e-06,-7.2538316023954526e-06,-7.349345470539878e-06,-7.3022267374607834e-06,-7.314420144087294e-06,-7.223831338293657e-06,-7.257715525676802e-06,-7.1948180711536155e-06,-7.379021601014255e-06,-7.709991801983532e-06,-5.746725996904476e-06,-6.318032222969778e-06,-7.162713167431546e-06,-7.219923471689787e-06,-7.169350716606703e-06,-7.25389832733029e-06,-7.21703316034218e-06,-7.237662094290975e-06,-7.268242175067906e-06,-7.234481011783368e-06,-6.877038483838064e-06,-6.898345380513776e-06,-7.089512390723726e-06,-6.8161624065703465e-06,-6.838263387492114e-06,-6.8718114336356435e-06,-6.919546797147024e-06,-7.098866895839278e-06,-6.994907146503369e-06,-4.965187512585997e-06,-5.370268803881094e-06,-5.707597718575853e-06,-5.779073928945241e-06,-5.6372718662155805e-06,-5.510217955435377e-06,-5.293147901300664e-06,-5.201253141852453e-06,-5.375432580438412e-06,-6.183231676678361e-06,-5.416141980875941e-06,-5.28564691852638e-06,-5.097720381768192e-06,-5.058667240893131e-06,-5.104079850463303e-06,-5.028751533389792e-06,-5.048366327421122e-06,-5.163774759770854e-06,-5.8168669176565584e-06,-4.024282920675661e-06,-4.120746037300387e-06,-4.932477015368599e-06,-4.817681726210486e-06,-4.612874356153486e-06,-4.674635365679294e-06,-4.735835684427235e-06,-4.661556415628803e-06,-4.911410918053629e-06,-4.9076413906465545e-06,-3.846782262838562e-06,-3.996124890321631e-06,-4.028836142508658e-06,-3.8270426112109566e-06,-3.9251248500825875e-06,-3.5834284720345194e-06,-3.906260711568175e-06,-3.8886782238764665e-06,-4.108958085315628e-06,-1.975077987993815e-06,-2.3921796540666245e-06,-2.9781232313005828e-06,-2.9594882080931298e-06,-2.9283355727298763e-06,-2.9154794465727692e-06,-2.86816478089946e-06,-3.033058200900506e-06,-2.9326457302932442e-06,-2.890653816210577e-06,-1.0274287059326745e-05,-1.0333353582246357e-05,-1.029296543936147e-05,-1.0196369448082026e-05,-1.023708445686537e-05,-1.0379843605379099e-05,-1.0189891808664495e-05,-1.0387347428277226e-05,-1.0574342763924344e-05,-1.955054108276327e-06,-1.7671254144620557e-06,-1.7676678421650845e-06,-1.8025496679866593e-06,-1.6929239075354192e-06,-1.7261239486308754e-06,-1.8419063066526117e-06,-2.095423238649988e-06,-2.4607136399386718e-06,2.3350707314442642e-08,-2.556767203515089e-07,-9.296422785420927e-07,-5.505612424992365e-07,-7.715976554086074e-07,-9.937156881399108e-07,-9.741145914147095e-07,-1.0008602892983333e-06,-9.02163684903303e-07,-1.6433016232644162e-06,8.178583115778476e-07,6.998679190475874e-07,8.760947993166847e-08,-1.6641126846484947e-07,5.474152481039138e-07,1.1417103712766541e-07,-3.561232724448835e-07,6.953004246935065e-08,-3.250884842456364e-08,-8.866152435764569e-06,-9.729856314019399e-06,-1.0251477916892898e-05,-1.031658807954612e-05,-1.0360792486053217e-05,-1.0175975777050025e-05,-1.0097316426120198e-05,-1.0141647092310027e-05,-1.0252449311148986e-05,-1.0688667742954473e-05,-1.0416920810980177e-05,-1.043268400162047e-05,-1.0513318496903716e-05,-1.0467582580577623e-05,-1.0352161673253544e-05,-1.0448111554334232e-05,-1.053225586747215e-05,-1.0613526550496169e-05,-1.101485704482118e-05,-9.370291746201418e-06,-9.913682790476714e-06,-9.523120463922244e-06,-9.618322709364532e-06,-9.481294283648627e-06,-9.805923602556044e-06,-9.407797055533122e-06,-9.759674450685912e-06,-9.58974085344111e-06,-1.0016657628005082e-05,-9.680445636950148e-06,-9.69710084218267e-06,-9.722188842466435e-06,-9.620389025288397e-06,-9.80041103003009e-06,-9.829539627768706e-06,-9.671940077207034e-06,-9.774713301893502e-06,-1.0612955937260322e-05,-8.305183181958798e-06,-9.118977384170488e-06,-9.6531558576205e-06,-9.517869182789823e-06,-9.445625348062333e-06,-9.398793934853506e-06,-9.577826138460535e-06,-9.467317423052614e-06,-9.497767289543995e-06,-9.712324193587233e-06,-9.712125744427587e-06,-9.890636228069986e-06,-9.820505157874018e-06,-9.794706048101523e-06,-9.81468427013192e-06,-9.675595280641705e-06,-9.778689906684553e-06,-9.853643866674843e-06,-1.0178026274562614e-05,-7.4478644773174e-06,-8.111667784791183e-06,-8.64476363179309e-06,-8.550264874241367e-06,-8.552234482150841e-06,-8.532280059639227e-06,-8.3393457733804e-06,-8.500577518778524e-06,-8.604697753087016e-06,-8.91587696449391e-06
1.4100029468536377,-9.093720270689807e-06,-9.478804178106305e-06,-9.80325230430274e-06,-1.0022511015392165e-05,-1.011163151311004e-05,-9.777253163529475e-06,-9.651264838454321e-06,-9.690319633072379e-06,-1.0065964910186084e-05,-1.0691061356188012e-05,-8.559053511644454e-06,-8.4171806255734e-06,-8.438952583540625e-06,-8.347032227026894e-06,-8.362089772720537e-06,-8.347009362232415e-06,-8.407808576401705e-06,-8.481689616696263e-06,-9.095941103731091e-06,-7.023979013667e-06,-7.552403971426576e-06,-8.10850021983503e-06,-8.156519811436294e-06,-8.121983402195494e-06,-8.065726301020372e-06,-8.160224699062747e-06,-8.155634052306707e-06,-8.143954887850406e-06,-8.440198427232352e-06,-7.373943675289043e-06,-7.389646612162748e-06,-7.4645259380125625e-06,-7.452007103524982e-06,-7.206178638426444e-06,-7.241925875148557e-06,-7.310316992006034e-06,-7.496200868555402e-06,-7.884568893858409e-06,-5.898694588512168e-06,-6.38904664358271e-06,-7.228851742523319e-06,-7.302547923111556e-06,-7.290169728680593e-06,-7.159331119198864e-06,-7.214161471578757e-06,-7.159361317984028e-06,-7.229637701858128e-06,-7.333073933682671e-06,-6.8873276413544205e-06,-7.072861571505242e-06,-7.140555240229184e-06,-7.05271315774989e-06,-6.946760720004419e-06,-7.099638834309548e-06,-7.1359260540711275e-06,-7.181546783602383e-06,-7.026398439671668e-06,-5.203359075706377e-06,-5.505853763617128e-06,-5.776125233279651e-06,-5.779382963180079e-06,-5.721035171347354e-06,-5.604548246907009e-06,-5.316445940495745e-06,-5.300564579133034e-06,-5.505071579130463e-06,-6.238829006299533e-06,-5.444264743363012e-06,-5.19361417939072e-06,-5.232755723614253e-06,-5.280079916285263e-06,-5.279383115268554e-06,-5.178985348593592e-06,-5.169243759763929e-06,-5.23354394785795e-06,-5.829454418429451e-06,-3.976786702782024e-06,-4.324270426350097e-06,-4.732992073343827e-06,-4.721162022814513e-06,-4.8096028321606065e-06,-4.7657128165776204e-06,-4.73436133659444e-06,-4.759362299665254e-06,-4.7709188354832325e-06,-4.886362751405531e-06,-3.779690089203389e-06,-3.69050624593854e-06,-3.993516901664367e-06,-3.888667726203529e-06,-3.9940615223744135e-06,-3.794839345731498e-06,-3.951094079678167e-06,-3.9979404484758365e-06,-4.272814356800987e-06,-2.1841308758335595e-06,-2.406409537341184e-06,-2.8975467608259715e-06,-2.8294846669230353e-06,-2.9011569536903753e-06,-2.7794307557298056e-06,-2.809227609442965e-06,-2.9438921892992773e-06,-2.815082866278653e-06,-3.0090562783545774e-06,-1.0492814384600264e-05,-1.0463958438750548e-05,-1.0591454977439002e-05,-1.0413428680985386e-05,-1.0329484830259458e-05,-1.0514507466216717e-05,-1.0348287744332047e-05,-1.0320115441456934e-05,-1.0719777237196063e-05,-1.8964140353443434e-06,-1.6464850785337152e-06,-1.6947965917248915e-06,-1.9083645574558984e-06,-1.9507453887503477e-06,-1.6671890780342024e-06,-2.0072163260851723e-06,-2.0114112249518338e-06,-2.4586606977625223e-06,5.8693136511627433e-08,-1.2656634420355417e-07,-5.205355970375302e-07,-7.704700183902355e-07,-9.52671656402024e-07,-1.0277943700798808e-06,-1.0395838320038976e-06,-1.2858972752117837e-06,-9.908546408531652e-07,-9.867110799212814e-07,8.821681345223732e-07,8.503544333715211e-07,4.2102046176083514e-07,-4.5645003602377697e-07,6.594857440178628e-07,-4.4438066012204366e-07,-1.061686466668662e-07,-1.188144598558716e-07,-2.0777900241893943e-07,-8.902194254445761e-06,-1.0026992658914138e-05,-1.0356757496944182e-05,-1.0316851240388257e-05,-1.0343850392361646e-05,-1.0249396501576451e-05,-1.0138860751065623e-05,-1.023006597158594e-05,-1.039140830205926e-05,-1.0898135288875256e-05,-1.04425528208081e-05,-1.0600576304791971e-05,-1.0593565009699483e-05,-1.0466631894059934e-05,-1.0568209534461414e-05,-1.0444008258449233e-05,-1.0404705546185358e-05,-1.0718194389442288e-05,-1.1195698011855754e-05,-9.51870410729772e-06,-1.0121152327249598e-05,-9.759214566328998e-06,-9.739120726092547e-06,-9.540083121548476e-06,-9.77056442022328e-06,-9.471870249425332e-06,-9.755188205444296e-06,-9.734773251458942e-06,-1.0234686960930881e-05,-9.676748299019987e-06,-9.849627572051861e-06,-9.800250688861245e-06,-9.762888464249722e-06,-9.60014304069622e-06,-9.890696338032835e-06,-9.755126801247796e-06,-9.96714729494479e-06,-1.060654631701128e-05,-8.344834977798786e-06,-9.109336925320189e-06,-9.657863416816243e-06,-9.591759714131147e-06,-9.617689685306014e-06,-9.464703502491123e-06,-9.533164292260084e-06,-9.580567612938408e-06,-9.739479516421036e-06,-9.777451756492859e-06,-9.830210903621765e-06,-9.997869813325076e-06,-9.788020180870106e-06,-9.975913283259006e-06,-9.791606358510118e-06,-9.682832203800483e-06,-9.786283031704521e-06,-1.0066023006896587e-05,-1.0312279719529488e-05,-7.561972240799962e-06,-8.258572795096618e-06,-8.680518993426448e-06,-8.583547458682936e-06,-8.591810205812965e-06,-8.352979446353592e-06,-8.309118946488011e-06,-8.616014747826966e-06,-8.447584834377689e-06,-8.918450260499172e-06
1.420013427734375,-9.191371278099494e-06,-9.619168706760322e-06,-1.01237881059794e-05,-1.024196357392159e-05,-1.0108904562809793e-05,-9.986729481478332e-06,-9.664815752375793e-06,-9.819215094532587e-06,-1.0229755355509975e-05,-1.0854587490239855e-05,-8.84630845452441e-06,-8.635028334377002e-06,-8.6225288414923e-06,-8.585946248851076e-06,-8.434697790416724e-06,-8.549422184331573e-06,-8.659538387434239e-06,-8.657087108901412e-06,-9.370671531875781e-06,-7.203734550080562e-06,-7.687066825638022e-06,-8.279454176509005e-06,-8.318613588347094e-06,-8.270620888044998e-06,-8.331667732252627e-06,-8.30397594957096e-06,-8.252139806740009e-06,-8.287713328545562e-06,-8.712806815504364e-06,-7.545108807753553e-06,-7.628339032425325e-06,-7.575916170339773e-06,-7.59360532445479e-06,-7.419575405806323e-06,-7.540142329925969e-06,-7.437760682820451e-06,-7.705047110422386e-06,-8.069798535297775e-06,-6.0260764077679364e-06,-6.578692749499405e-06,-7.440823055341619e-06,-7.378058187865675e-06,-7.29905651213546e-06,-7.425469561553376e-06,-7.328984083447256e-06,-7.3115421998612306e-06,-7.402087792631337e-06,-7.51198749920513e-06,-7.008850357024485e-06,-7.1324611748848545e-06,-7.460421491697652e-06,-7.0284761160909035e-06,-7.227994097024681e-06,-7.2977225167518065e-06,-7.217710260246663e-06,-7.215177373092025e-06,-7.133472977991564e-06,-5.2676604142303084e-06,-5.6906412445103936e-06,-5.943435922229282e-06,-5.9862807362872045e-06,-5.895577390815555e-06,-5.749952809001045e-06,-5.6320177809102506e-06,-5.498038929182754e-06,-5.596050704222336e-06,-6.380074764265363e-06,-5.740125117682732e-06,-5.544543116983775e-06,-5.3712929741093476e-06,-5.381112684320152e-06,-5.330016124118225e-06,-5.435112282500577e-06,-5.427708618906575e-06,-5.440464873367034e-06,-5.98735552543154e-06,-4.369015283258813e-06,-4.4613879025312994e-06,-5.14420975778411e-06,-5.016745718740641e-06,-5.03468465995008e-06,-4.982372850301873e-06,-5.006465980369181e-06,-4.828026212215373e-06,-4.861636812985311e-06,-4.987798169909266e-06,-3.933697602122691e-06,-4.137503415089376e-06,-4.1236885494052035e-06,-4.1534115958493866e-06,-4.199689508467292e-06,-3.949769072028191e-06,-4.1614028774713576e-06,-3.913103360825899e-06,-4.0433474497001925e-06,-2.223662164140373e-06,-2.466276328067623e-06,-3.285927225152391e-06,-3.2278338940356022e-06,-3.2540293988142983e-06,-3.1157053733130176e-06,-3.219089620085957e-06,-3.2773152506425092e-06,-3.107895607960439e-06,-3.0556981582355697e-06,-1.0599217934674577e-05,-1.0860818650048956e-05,-1.0594663526460734e-05,-1.050834216852002e-05,-1.047330783883337e-05,-1.0345089405375774e-05,-1.0608780883309625e-05,-1.0576939859448387e-05,-1.074879625648566e-05,-2.320045685395633e-06,-2.0390815808764104e-06,-1.8999247879233172e-06,-1.9198305328693205e-06,-2.151077730257362e-06,-2.095056179606515e-06,-1.9643193112700386e-06,-2.281175031465201e-06,-2.426490291437396e-06,-1.7037536233061991e-07,-6.737455384701084e-07,-1.219033282159267e-06,-1.1115509883377967e-06,-1.3774924914719228e-06,-1.366526953069778e-06,-9.759404674871788e-07,-9.1767234292579e-07,-1.2221772633022452e-06,-1.2209577356947338e-06,3.7297771775761234e-07,4.7523914493743257e-07,-4.828411138873403e-07,-7.495005571877891e-07,5.098370302766027e-07,-4.393941935747564e-07,-2.703977652961888e-07,-3.6348746191256475e-07,-3.6188721390638706e-07,-9.120177929684469e-06,-1.0382889368568428e-05,-1.0575620747751706e-05,-1.059279364644417e-05,-1.054922370203298e-05,-1.0377505500388766e-05,-1.0250276149047136e-05,-1.0347798955423617e-05,-1.0578943476942103e-05,-1.1001815483742798e-05,-1.0726327209894246e-05,-1.0827292102564389e-05,-1.080729360420681e-05,-1.0773832056012215e-05,-1.0657610593273831e-05,-1.072510574093626e-05,-1.0816347775213727e-05,-1.0944901702794113e-05,-1.1416226078548208e-05,-9.672361997376886e-06,-1.0254276193847626e-05,-1.007408895860997e-05,-1.014233677504166e-05,-9.690771464419918e-06,-9.977980605809043e-06,-9.678277507979162e-06,-9.956223962940005e-06,-9.955960802097868e-06,-1.034543194588177e-05,-9.891850794448507e-06,-9.931009415366031e-06,-9.886942485233297e-06,-9.80428956067123e-06,-1.0026875890278172e-05,-1.0082144700257889e-05,-9.98497392543417e-06,-1.0139945606471681e-05,-1.0923077615971545e-05,-8.520303868560285e-06,-9.210776010819265e-06,-9.926457739423227e-06,-9.765657549045458e-06,-9.806647510577529e-06,-9.668209233005714e-06,-9.803091531722681e-06,-9.752347650190337e-06,-9.851516721769435e-06,-9.956371793183567e-06,-1.0012439145325245e-05,-1.0163775036432833e-05,-1.0059308235113658e-05,-1.0137071544946567e-05,-9.978483918895097e-06,-9.956487698997099e-06,-1.0056064022764685e-05,-1.0272480309151548e-05,-1.0539099918816328e-05,-7.73445691637237e-06,-8.462379434934803e-06,-8.979620128805406e-06,-8.822628005236733e-06,-8.81787435694268e-06,-8.87754449605621e-06,-8.44993365274657e-06,-8.467172916864521e-06,-8.69810554357378e-06,-9.158448203005105e-06
1.4300094842910767,-9.39047575138214e-06,-1.0342738070441465e-05,-1.0939730520344244e-05,-1.0984391072311045e-05,-1.0942939069365976e-05,-1.0997286528790735e-05,-1.0865652612731168e-05,-1.0832410077630873e-05,-1.0919729721126845e-05,-1.123960129333365e-05,-9.325809223263342e-06,-9.147992161249788e-06,-9.2967907791887e-06,-9.40915111153835e-06,-9.048367519425942e-06,-9.00256358393136e-06,-9.174615266446022e-06,-9.380530140997953e-06,-9.667675433527018e-06,-7.575053923121491e-06,-8.123177620344963e-06,-8.96059647599365e-06,-9.105092198458007e-06,-8.986135300998783e-06,-8.777905186250998e-06,-8.755770483352465e-06,-8.875243780037983e-06,-9.08915975081706e-06,-9.160463540503542e-06,-7.812850230385282e-06,-7.885411296160727e-06,-7.81352028390656e-06,-7.610910234979538e-06,-7.750884624089993e-06,-7.77696019655047e-06,-7.769632461330593e-06,-7.845517694333823e-06,-8.219860109573339e-06,-6.390133044878959e-06,-6.8418420873377054e-06,-7.783755282721561e-06,-7.786506463951808e-06,-7.714020895139271e-06,-7.476822595723584e-06,-7.383717008794062e-06,-7.436032377584807e-06,-7.556579600592228e-06,-8.008491334420915e-06,-7.179333715962999e-06,-7.287391368543699e-06,-7.291482513012764e-06,-7.292853753564787e-06,-7.286148688534229e-06,-7.146560484364517e-06,-7.081156314967169e-06,-7.231966747212915e-06,-7.32385057757697e-06,-5.74373282993264e-06,-6.020983634306687e-06,-6.6287062518420105e-06,-6.363722697314387e-06,-6.376303583115291e-06,-6.386623442729897e-06,-6.173637450730108e-06,-6.2323556090923e-06,-6.353450364835479e-06,-7.086689091918434e-06,-5.779485207638416e-06,-5.459002181933924e-06,-5.365752216050574e-06,-5.352528887046255e-06,-5.231752584682811e-06,-5.4419549677092355e-06,-5.413301209916377e-06,-5.451034376272324e-06,-6.1955567356278105e-06,-4.344266551945983e-06,-4.534053801232382e-06,-5.0759735175533985e-06,-4.983875922931507e-06,-4.887329400138235e-06,-4.804938485988394e-06,-4.787187819824075e-06,-4.809509036171926e-06,-4.886567132469404e-06,-5.243528816662852e-06,-3.9644960488771e-06,-3.90099515791467e-06,-3.9081694545451695e-06,-3.989631576296564e-06,-4.075277344272054e-06,-3.910699825134377e-06,-3.920578207270643e-06,-3.959136914940524e-06,-4.1277762425845354e-06,-2.4248527982628504e-06,-2.6054785630022e-06,-3.084777503193623e-06,-3.144025937842908e-06,-3.061346697196628e-06,-3.1644347082674895e-06,-3.164212747196539e-06,-3.056216498812337e-06,-3.247862231668995e-06,-3.1062463228793054e-06,-1.0743535052895255e-05,-1.0974137290514452e-05,-1.0907650494669e-05,-1.0977281127853691e-05,-1.0822264148638436e-05,-1.0808011760078743e-05,-1.097085453876346e-05,-1.1016000859760176e-05,-1.1223134614802792e-05,-2.4484511356156327e-06,-2.163683278399483e-06,-2.109860199308525e-06,-2.0481996007433853e-06,-2.1301000722417995e-06,-1.992478384201175e-06,-1.957906814946218e-06,-2.003742818674567e-06,-2.580263296409531e-06,2.0485993032355818e-07,-3.4563602527822983e-07,-9.471045822590373e-07,-9.200584064630386e-07,-1.0061230747298648e-06,-1.131581554929142e-06,-6.906358628156861e-07,-1.1194989490834327e-06,-8.197645739403471e-07,-1.1324528617829733e-06,6.751592730269671e-08,8.461179033224559e-07,-6.764297790599103e-08,8.73276965053463e-09,8.668605860286999e-07,-4.3973910684244307e-07,2.070565324348418e-07,1.2656914837646208e-07,-3.2485336513257916e-07,-9.616845773064439e-06,-1.0595015414209755e-05,-1.1075094849193912e-05,-1.1280878143324773e-05,-1.1196073339614212e-05,-1.1122171447777517e-05,-1.0949099333931813e-05,-1.0861803561856496e-05,-1.1067950823250444e-05,-1.1379495152350337e-05,-1.1143646379122102e-05,-1.107647292042353e-05,-1.1168114585291326e-05,-1.1058054106137473e-05,-1.0956843452877598e-05,-1.0986293595776334e-05,-1.1092885241141094e-05,-1.144237247435008e-05,-1.1485854842284296e-05,-1.0015151427644127e-05,-1.0410857757741818e-05,-1.0325567616412562e-05,-1.0316621585817278e-05,-1.0284606128020788e-05,-1.0327032688904199e-05,-1.0250799738460373e-05,-1.0390821007589703e-05,-1.0331060919237506e-05,-1.0507117248272299e-05,-1.0475614882216107e-05,-1.0316443269181076e-05,-1.0243231922898448e-05,-1.0207785164088711e-05,-1.0526339206439962e-05,-1.0552381344531152e-05,-1.0334230209838527e-05,-1.0371515643253491e-05,-1.0729461987597936e-05,-8.76928400830183e-06,-9.574003906983163e-06,-1.0192684189665928e-05,-1.01669637405386e-05,-9.996761086498366e-06,-9.498891834781983e-06,-9.578496695294898e-06,-9.576576196362251e-06,-1.001438294046359e-05,-1.0568672007285628e-05,-1.0194481448794363e-05,-1.029385846057987e-05,-1.0150641584765309e-05,-9.939841841007604e-06,-9.756098051700144e-06,-9.947495938812856e-06,-9.745476707546991e-06,-1.0187170466710064e-05,-1.0743190786744393e-05,-8.214660022571956e-06,-9.036120761612308e-06,-9.202303525936089e-06,-9.147034428348894e-06,-9.265436099572331e-06,-9.222932316081146e-06,-8.881619318800913e-06,-9.038732956528935e-06,-9.324336241566066e-06,-9.516448545653499e-06
1.4400055408477783,-9.934224363654144e-06,-1.0130873747604884e-05,-1.1118607847324508e-05,-1.1236144251451145e-05,-1.1061543647664963e-05,-1.1058165841642576e-05,-1.0922136995715578e-05,-1.0864656340428256e-05,-1.1066500131132694e-05,-1.131773964331754e-05,-9.253025405496382e-06,-9.15829728098116e-06,-9.214324368075953e-06,-9.225602320100799e-06,-8.92622795761798e-06,-8.94958053438103e-06,-8.983477664100671e-06,-9.197203957748179e-06,-9.579664381654547e-06,-7.581773368525936e-06,-8.071324292967216e-06,-8.906692219692098e-06,-8.907602353555425e-06,-8.85150393980615e-06,-8.740264413797279e-06,-8.730417308974217e-06,-8.756279404784335e-06,-8.738597009445047e-06,-9.081067914430685e-06,-7.803515929695042e-06,-7.945409451602626e-06,-7.807871673043633e-06,-7.729719086489594e-06,-7.725042516999578e-06,-7.690908470620142e-06,-7.690224971449279e-06,-7.825184133264672e-06,-8.259824750447245e-06,-6.457491291381982e-06,-6.86323548196235e-06,-7.6541238337258e-06,-7.663415424705596e-06,-7.613226481801564e-06,-7.616872481796947e-06,-7.451933547912548e-06,-7.438537294912235e-06,-7.496190946097419e-06,-7.846516483202165e-06,-6.996846555627679e-06,-7.300613690921846e-06,-7.314528572106404e-06,-7.363450532169096e-06,-7.147936398538053e-06,-7.239165346675284e-06,-7.1966775253991115e-06,-7.402533512319974e-06,-7.2713888884819235e-06,-5.535747612952157e-06,-5.815670111039788e-06,-6.621285907014301e-06,-6.454237372280636e-06,-6.407481599838456e-06,-6.348095760716677e-06,-6.2138987587173106e-06,-6.161084390952676e-06,-6.315741213703924e-06,-6.893836773790764e-06,-5.634608189560437e-06,-5.375196310895444e-06,-5.383992210387344e-06,-5.348790565050515e-06,-5.2694799269873325e-06,-5.213447806761679e-06,-5.193794293573658e-06,-5.254793826351199e-06,-6.0218043581953694e-06,-4.221950435097621e-06,-4.468304502861739e-06,-5.102332742888801e-06,-4.899654387185814e-06,-4.814591743371454e-06,-4.900409356814897e-06,-4.844866385007019e-06,-4.925201409004063e-06,-4.852355611825651e-06,-4.953177060266267e-06,-3.844640126393377e-06,-3.882578968046846e-06,-3.937025148738341e-06,-3.854758445067952e-06,-3.887883240857043e-06,-3.837602838775088e-06,-3.7868461587099867e-06,-3.983499137754199e-06,-4.133920976346575e-06,-2.26064762295605e-06,-2.5293458437643698e-06,-3.0590620152952846e-06,-2.894294495467622e-06,-3.0785113990759753e-06,-2.9647711260481035e-06,-3.0244189036802385e-06,-2.880211363908582e-06,-2.976885081108887e-06,-3.0335744563230598e-06,-1.1058724231560619e-05,-1.1033441233406943e-05,-1.0965915167940654e-05,-1.0983911630645643e-05,-1.087496620568301e-05,-1.0863756991845344e-05,-1.0940779424815583e-05,-1.104938863663673e-05,-1.1212547208332012e-05,-2.5232267789697195e-06,-2.1166277470636225e-06,-2.0294626206850715e-06,-1.8268303540803932e-06,-2.0014822958013542e-06,-2.079613096088954e-06,-1.829345625277019e-06,-1.9928017988098996e-06,-2.628576679049313e-06,8.321886417640089e-08,-5.472536846032903e-07,-1.1922318603268302e-06,-1.0802475747543354e-06,-1.1886427347101708e-06,-1.1506244774419085e-06,-1.0374717864910713e-06,-1.464462763784301e-06,-1.3235703316048812e-06,-1.165532754854601e-06,-5.0562904526970533e-08,8.924234981600941e-07,-2.2202269085243076e-07,-6.655186703729285e-07,3.3826874403016276e-07,-3.7195556078170356e-08,-4.213924101314302e-08,-9.375313516566608e-08,-5.350168492476396e-07,-1.0041126553193e-05,-1.0410876308424134e-05,-1.1257545986692644e-05,-1.1242091398875974e-05,-1.1230531591522936e-05,-1.1179273467820386e-05,-1.1032215594140527e-05,-1.0979694442199455e-05,-1.1213109337147267e-05,-1.126658347646585e-05,-1.1246990648455634e-05,-1.1214092235702464e-05,-1.128822263168023e-05,-1.1175467701871114e-05,-1.1133708534139812e-05,-1.1034302473999052e-05,-1.120530467682742e-05,-1.1405683538843958e-05,-1.1615761387832519e-05,-9.864136937892922e-06,-1.0383349828140298e-05,-1.0422518515319544e-05,-1.0427367577394338e-05,-1.0487067411979946e-05,-1.0302876393044589e-05,-1.0225230714670077e-05,-1.039416027421007e-05,-1.0450572180110085e-05,-1.0527923204623649e-05,-1.0380690465597321e-05,-1.0727071538046653e-05,-1.0634932168438617e-05,-1.0508674642764293e-05,-1.0406604186949696e-05,-1.0540964478094553e-05,-1.0300836824616156e-05,-1.0497909351068529e-05,-1.0662545074769514e-05,-9.189527067050318e-06,-9.638767502625702e-06,-1.0327038584857492e-05,-1.0215958968606246e-05,-1.0131934875394026e-05,-1.003476654523387e-05,-1.0260793954508302e-05,-1.0136215337485318e-05,-1.0169894748344308e-05,-1.0440441494313969e-05,-1.0389505778593969e-05,-1.0416854517456557e-05,-1.0270167657422992e-05,-1.0348328728397625e-05,-1.0103325984367695e-05,-1.0163839172900369e-05,-1.0182393162700967e-05,-1.0488894726089803e-05,-1.0652102334860044e-05,-8.349166849726724e-06,-8.939085809419954e-06,-9.248188422935654e-06,-9.256510201500491e-06,-9.26688060812931e-06,-8.90041856587816e-06,-8.869629682072385e-06,-9.077295367145093e-06,-9.302158541349611e-06,-9.564438010371468e-06
1.45000159740448,-1.0060972331979894e-05,-1.0347230643047593e-05,-1.1235122525886454e-05,-1.1158489369637346e-05,-1.1082779001980584e-05,-1.1090880904628685e-05,-1.0997694068586699e-05,-1.105453163355378e-05,-1.1085913348273059e-05,-1.1244885505522274e-05,-9.360100231423757e-06,-9.172737908635037e-06,-9.251965859548367e-06,-8.989638072470248e-06,-8.97025217804027e-06,-9.087963447513378e-06,-9.040220462403836e-06,-9.24346964704828e-06,-9.689551145891842e-06,-7.655223860426309e-06,-8.196064042079607e-06,-8.868111114589887e-06,-8.830103786405778e-06,-8.865916238123469e-06,-8.76969471178005e-06,-8.626409529189525e-06,-8.719798409484626e-06,-8.862022751893486e-06,-9.15699456291071e-06,-7.975559846807804e-06,-7.78057729199434e-06,-7.649404770230948e-06,-7.726335384513915e-06,-7.714046995517877e-06,-7.685475205856177e-06,-7.720120402625435e-06,-7.74777565915743e-06,-8.360846157986765e-06,-6.5569122352097155e-06,-6.877294814002606e-06,-7.739948996865535e-06,-7.630038505011327e-06,-7.729288969506625e-06,-7.470093587370504e-06,-7.311017531919953e-06,-7.360138516357246e-06,-7.5183589395615025e-06,-7.85895421238102e-06,-7.164133157451047e-06,-7.38333585698418e-06,-7.353792385458914e-06,-7.237009944335186e-06,-7.212412386702846e-06,-7.133768854184294e-06,-7.311390199309242e-06,-7.282787491843684e-06,-7.346207744859541e-06,-5.422719923401335e-06,-5.868898381915833e-06,-6.542648054743435e-06,-6.476763940367598e-06,-6.459892454311812e-06,-6.310695140506874e-06,-6.217145415729844e-06,-6.155575701127672e-06,-6.281073008336445e-06,-6.827821654208814e-06,-5.783697650561221e-06,-5.6484211138941346e-06,-5.38511409525616e-06,-5.376183883072154e-06,-5.312275775872169e-06,-5.209921271722364e-06,-5.387794237439405e-06,-5.5762889427698795e-06,-6.1851719486251035e-06,-4.267007849432777e-06,-4.454895523230535e-06,-5.289462750737372e-06,-5.141764375204576e-06,-5.273745002078564e-06,-5.130270861375159e-06,-5.1205157190431075e-06,-5.1858661058421176e-06,-5.107996093634963e-06,-5.0404777935705755e-06,-3.9262365248859445e-06,-4.121518515034677e-06,-4.1729406828523475e-06,-3.987222719866705e-06,-3.90846090877293e-06,-3.963278103110716e-06,-3.7562155668697763e-06,-4.020619915888155e-06,-4.277012311497099e-06,-2.2233212054755054e-06,-2.580924577902738e-06,-3.221052469219703e-06,-3.0730023497416235e-06,-2.9898361896355195e-06,-3.027334452584017e-06,-3.116277855997471e-06,-3.1098738440942443e-06,-2.96344978539347e-06,-3.1442972954981614e-06,-1.0890642538865023e-05,-1.0966149855642496e-05,-1.1051877016534187e-05,-1.0955850919471897e-05,-1.0943306344115057e-05,-1.0876460470333639e-05,-1.0949977687168849e-05,-1.1032978616778988e-05,-1.1355653355267643e-05,-2.196329818904017e-06,-2.0279114097538495e-06,-2.1548664554635768e-06,-1.9363397773068853e-06,-1.8960916273617904e-06,-1.898653490969811e-06,-1.7662362759446047e-06,-1.7718972539290753e-06,-2.4043353122116814e-06,1.882613837641518e-08,-6.073860808354273e-07,-1.2058031224773518e-06,-1.0032136374849884e-06,-1.1756014612392651e-06,-1.0266054007668794e-06,-1.239049468376725e-06,-7.66099319452802e-07,-1.4454044542714756e-06,-1.307090423130047e-06,-7.528664994017195e-08,6.606056875362051e-07,6.411151758861972e-08,-2.1826740001550377e-07,1.5556968888561306e-07,-1.094470124038213e-07,-1.131929559977218e-08,-4.607602654890144e-07,-4.840034076067804e-07,-9.999166347834755e-06,-1.0454495289910278e-05,-1.1284094170140926e-05,-1.1353519882997723e-05,-1.0993925979217013e-05,-1.0949270028969857e-05,-1.0988068421521503e-05,-1.0771234529076954e-05,-1.1014066124257379e-05,-1.1271568001662663e-05,-1.1336635023194223e-05,-1.1413681471388852e-05,-1.1387968500055945e-05,-1.127074788893987e-05,-1.1165787696992623e-05,-1.1137912348838283e-05,-1.1161915349912253e-05,-1.1541125521712617e-05,-1.1796227889931068e-05,-1.0052072102875441e-05,-1.0550583941598979e-05,-1.0457065637938893e-05,-1.0450274793978096e-05,-1.0505442941340602e-05,-1.045104630103715e-05,-1.0285735993997112e-05,-1.0408430350629643e-05,-1.0456754159040494e-05,-1.0527346120219551e-05,-1.0355275024200142e-05,-1.0350793380678169e-05,-1.0409897867784841e-05,-1.0397378601886045e-05,-1.0289718063330241e-05,-1.0251970013287322e-05,-1.023860043588057e-05,-1.0433091829023913e-05,-1.0913733968038279e-05,-9.18287945161344e-06,-9.610785595900857e-06,-1.0252567805429817e-05,-1.0203821789241634e-05,-1.0186114947266736e-05,-1.0020819883423018e-05,-1.0061355856551468e-05,-1.0100607518488042e-05,-1.0166941450959075e-05,-1.0576487165278416e-05,-1.0527805860772728e-05,-1.071227053822316e-05,-1.0435829420800837e-05,-1.0167473093381688e-05,-1.0271897328794156e-05,-1.0341328937604248e-05,-1.0234783597043403e-05,-1.0548880298704551e-05,-1.0863050052665047e-05,-8.463695382949228e-06,-8.91539076405278e-06,-9.369205021346757e-06,-9.388413318159226e-06,-9.256321674798829e-06,-8.973245740472388e-06,-9.039490730330926e-06,-9.087943314989936e-06,-9.138561368250765e-06,-9.475996266301073e-06
1.4600120782852173,-1.0042036543252588e-05,-1.0350468671835794e-05,-1.1272014368468124e-05,-1.1079027737648346e-05,-1.1234795947595473e-05,-1.10326708767778e-05,-1.0965611166836677e-05,-1.1004504326052242e-05,-1.1130831452736181e-05,-1.1407817011113876e-05,-9.224529256601329e-06,-9.25759203702803e-06,-9.180891436825392e-06,-9.0428509203953e-06,-8.942080737987592e-06,-8.975110012143136e-06,-9.040513965834876e-06,-9.286399808625223e-06,-9.755041669434383e-06,-7.779632141920597e-06,-8.115658482348646e-06,-8.940162683718506e-06,-9.036219554780914e-06,-8.93905956523761e-06,-8.919271307946267e-06,-8.685548816801004e-06,-8.748772562007692e-06,-8.921552610459747e-06,-9.173678385087266e-06,-7.990459064584948e-06,-8.064711765642623e-06,-7.926248250514636e-06,-7.775251880034529e-06,-7.667088100294539e-06,-7.703451176528376e-06,-7.714421532355772e-06,-7.88614318528972e-06,-8.3182348092989e-06,-6.485409816608918e-06,-6.827929363209229e-06,-7.743560771571065e-06,-7.603053589608087e-06,-7.679804880628678e-06,-7.5716124839446545e-06,-7.431212435767135e-06,-7.342580439350211e-06,-7.677439668633567e-06,-7.697357421191767e-06,-7.201321595244143e-06,-7.419840436097066e-06,-7.315362489988128e-06,-7.3207842504529844e-06,-7.276155047701257e-06,-7.320089103179272e-06,-7.239634650177095e-06,-7.249868227548377e-06,-7.39365765794926e-06,-5.48310900930736e-06,-5.76867113052424e-06,-6.438840305959514e-06,-6.383816321845228e-06,-6.223180571042862e-06,-6.227009992707177e-06,-6.135275286820332e-06,-6.158521089307267e-06,-6.0761197493863585e-06,-6.780590322802181e-06,-5.7453286559738475e-06,-5.633266572578622e-06,-5.5652137540168435e-06,-5.593015187049403e-06,-5.369092489297114e-06,-5.311759808057093e-06,-5.478160075535919e-06,-5.419202196341027e-06,-6.036829332342157e-06,-4.242205407423478e-06,-4.56005319366219e-06,-5.220229591086925e-06,-5.069027077947143e-06,-4.955314630942743e-06,-4.885472031046952e-06,-4.8774215382355e-06,-4.753878164328663e-06,-4.852790042920785e-06,-5.08473353801245e-06,-4.069266347987166e-06,-4.09399232235832e-06,-3.9753022167856394e-06,-3.947282813235883e-06,-4.047148434175146e-06,-3.7594480232630963e-06,-4.010390760481844e-06,-4.036491067185406e-06,-3.966689631109868e-06,-2.276723442924652e-06,-2.4050953868734943e-06,-3.1096541119812463e-06,-3.206859903015381e-06,-3.173274395997876e-06,-3.1446677339294983e-06,-3.1344213580254565e-06,-3.105162474099421e-06,-2.9960113378883306e-06,-3.1554348950738676e-06,-1.0949023693165166e-05,-1.0940434583449766e-05,-1.0975818500025616e-05,-1.0885123207563341e-05,-1.0970226116424587e-05,-1.0867316134382448e-05,-1.097246485303136e-05,-1.111759043587198e-05,-1.1355478633724913e-05,-2.3076610197964207e-06,-2.3409799865839248e-06,-1.985120593999873e-06,-1.926146968295574e-06,-2.0363895748847096e-06,-1.9006474017111534e-06,-1.8744397455165225e-06,-2.1491224308199073e-06,-2.618066567088178e-06,-4.438472201526949e-07,-3.6530420644761555e-07,-1.090546726630543e-06,-1.123862026422706e-06,-1.2091283682331795e-06,-8.408667659937731e-07,-1.2242297740671783e-06,-6.104657817071293e-07,-1.0966399786540657e-06,-1.5580626760661983e-06,-2.8605295932858847e-08,7.302816908005118e-07,-3.3825443555814494e-07,-6.28047154919861e-07,6.394807025901674e-07,3.4325104026902277e-07,6.741086429107623e-07,-1.0512916134042325e-08,2.1312389978536726e-07,-1.0112617431543753e-05,-1.0451098357990622e-05,-1.1369409189517008e-05,-1.1228569533309755e-05,-1.1128629386082821e-05,-1.1044797127058257e-05,-1.0980892902559223e-05,-1.095660315682994e-05,-1.1128435826250298e-05,-1.1156235965049207e-05,-1.1333701858332434e-05,-1.141036204968445e-05,-1.1420534869976058e-05,-1.136074185056766e-05,-1.1288106150651741e-05,-1.1274238437093533e-05,-1.1244530310287258e-05,-1.1532069768864576e-05,-1.1812710099265724e-05,-1.0004922955305576e-05,-1.0537757079502733e-05,-1.0573678103043272e-05,-1.0609608186219363e-05,-1.0546276588208519e-05,-1.0399347562678692e-05,-1.0229857312360835e-05,-1.050542165838725e-05,-1.0511221550783471e-05,-1.0668139327819149e-05,-1.0514684776226748e-05,-1.0408312143956291e-05,-1.0458811415328808e-05,-1.0531895207695057e-05,-1.0263906874043684e-05,-1.0250382851421381e-05,-1.0382600323053294e-05,-1.0436476106214549e-05,-1.0914798978528372e-05,-9.061098895839577e-06,-9.675273304070367e-06,-1.0320613146197173e-05,-1.0291895827151732e-05,-1.0199362722906664e-05,-1.0140423466295956e-05,-1.0321642349556285e-05,-1.0302758473978713e-05,-1.022964620847217e-05,-1.0604741148677209e-05,-1.0469179952509024e-05,-1.0610698937578712e-05,-1.0377130604041524e-05,-1.0379839003659455e-05,-1.0225550965596547e-05,-1.0181243020397462e-05,-1.0190299060852982e-05,-1.0450387104698156e-05,-1.0735423659200391e-05,-8.563815212947883e-06,-9.032657536169031e-06,-9.417821326562474e-06,-9.377119116311888e-06,-9.294687649507685e-06,-9.146076120233045e-06,-8.872418899391563e-06,-9.116574351792054e-06,-9.148110367923142e-06,-9.53920217984414e-06
1.470008134841919,-1.0093557108778583e-05,-1.0516498285177675e-05,-1.123986790546552e-05,-1.1055073054630638e-05,-1.1128094436174213e-05,-1.1022420258663462e-05,-1.0951103095229267e-05,-1.1048811839840111e-05,-1.1069550496041667e-05,-1.1351452848055165e-05,-9.314070380255408e-06,-9.209965245339498e-06,-9.235600131242199e-06,-9.106166987602344e-06,-9.020014599054804e-06,-9.02882646076172e-06,-8.928195911784457e-06,-9.221526778337402e-06,-9.4940491000717e-06,-7.627321333365322e-06,-8.06028728410685e-06,-8.883897601435876e-06,-8.890047943543732e-06,-8.846499713497112e-06,-8.822269071104506e-06,-8.751167181867405e-06,-8.774058148628671e-06,-8.872315073092097e-06,-9.093724800507582e-06,-7.893780314253781e-06,-7.97729160333318e-06,-7.831478854326356e-06,-7.677499562890808e-06,-7.648527136012607e-06,-7.642791883397008e-06,-7.637473517820401e-06,-7.875278956621611e-06,-8.199036105852763e-06,-6.3611874373980574e-06,-6.778047225582084e-06,-7.658064056170917e-06,-7.598754433030742e-06,-7.637834177597496e-06,-7.474302650905444e-06,-7.360343364783269e-06,-7.416849749739726e-06,-7.615800496825519e-06,-7.85809419412069e-06,-7.154724941639026e-06,-7.21396201579294e-06,-7.260762151688562e-06,-7.123687996383696e-06,-7.134350468406166e-06,-7.072459496251352e-06,-7.193261179974709e-06,-7.24256220669307e-06,-7.354124068782625e-06,-5.411170002555346e-06,-5.800040046710758e-06,-6.456189579937704e-06,-6.433103471502788e-06,-6.3472189174189e-06,-6.301333660909987e-06,-6.210979327112582e-06,-6.13728242750565e-06,-6.25344320506623e-06,-6.769531527675377e-06,-5.692064757721497e-06,-5.479218111544676e-06,-5.377196620903166e-06,-5.256840225457229e-06,-5.3556702078200645e-06,-5.2556800887938724e-06,-5.251604906539823e-06,-5.3669335637654155e-06,-5.9645826934417584e-06,-4.23864029703121e-06,-4.3328192350676795e-06,-5.176890307872887e-06,-4.953350559477217e-06,-4.850119571538981e-06,-4.852974075755608e-06,-4.996478307391372e-06,-4.912333994253454e-06,-4.8924374167958045e-06,-5.0763739390642905e-06,-3.818313544506698e-06,-4.008741798959123e-06,-4.011542880086758e-06,-3.917226933038079e-06,-3.9889125576021995e-06,-3.85213553677278e-06,-3.8107637403630665e-06,-3.874621767910988e-06,-3.96348309534048e-06,-2.194021696993238e-06,-2.5717734112739528e-06,-3.0506003875943947e-06,-2.9938591711323587e-06,-2.996723597806968e-06,-3.056088297779132e-06,-3.080809814234381e-06,-3.0043905660468463e-06,-3.0860161566984044e-06,-2.9294794595707407e-06,-1.0987797639081206e-05,-1.1107732401964767e-05,-1.1000792176336979e-05,-1.0884676121739186e-05,-1.0862226920063739e-05,-1.084763429185787e-05,-1.0954945099720735e-05,-1.1089642035418294e-05,-1.1419868339646381e-05,-2.2688606858942982e-06,-2.027434412752008e-06,-1.884824676322968e-06,-1.9623855104915453e-06,-1.9515862092115375e-06,-1.7148879153959106e-06,-1.740508708532201e-06,-2.134408144650954e-06,-2.2892353748327666e-06,-3.997134931832542e-07,-3.9070397323725884e-08,-1.0323674008779083e-06,-9.450964349475468e-07,-9.559163720640826e-07,-9.900891016492751e-07,-1.0919720373883817e-06,-1.202413740253987e-06,-1.463830818253824e-06,-9.813404416855951e-07,-1.101067120559008e-07,2.748616490564119e-07,-1.0013492939123708e-07,-1.0741916398010497e-07,7.462894196987571e-07,1.541858655064391e-07,-8.94810855930993e-08,-2.545605876322468e-07,9.160406019007982e-08,-1.010595500432177e-05,-1.0447391385209957e-05,-1.1330950605200318e-05,-1.1266498919867392e-05,-1.106371925443037e-05,-1.10710543955428e-05,-1.1002120347669207e-05,-1.0963700015147056e-05,-1.1086917961192824e-05,-1.1227956066559723e-05,-1.1285222166668645e-05,-1.1302058420808408e-05,-1.1311742739799064e-05,-1.1246630995304713e-05,-1.1087334992035556e-05,-1.1103096169423504e-05,-1.1162533705989406e-05,-1.1460116849100823e-05,-1.1746436708168758e-05,-1.0128001986939593e-05,-1.0548881880545678e-05,-1.0433325941510798e-05,-1.0465250371540583e-05,-1.036660503317846e-05,-1.0459499803826794e-05,-1.0259365695773815e-05,-1.0336583845632658e-05,-1.0402969835057162e-05,-1.0525728615764709e-05,-1.0533707853823549e-05,-1.036949491311485e-05,-1.0397346821259753e-05,-1.0519425266478693e-05,-1.0127474371021667e-05,-1.0287235579386078e-05,-1.0327836983215714e-05,-1.0441490974000263e-05,-1.0895526257640885e-05,-9.183918074117449e-06,-9.6207637778319e-06,-1.0212288809582732e-05,-1.019400833449347e-05,-1.0132281442404711e-05,-9.967470997160994e-06,-1.0362746491257023e-05,-1.0161773863602676e-05,-1.0180904506396154e-05,-1.0476563411677714e-05,-1.045963684878994e-05,-1.0518098676987591e-05,-1.0358252912024722e-05,-1.024766294750434e-05,-1.0302343456388327e-05,-1.0262781178375787e-05,-1.0196174018800897e-05,-1.0532704247529955e-05,-1.0803189157891902e-05,-8.552254470870544e-06,-8.95513948361277e-06,-9.297679486294935e-06,-9.17368154876952e-06,-9.159338707658076e-06,-8.981101091610188e-06,-8.905592408697198e-06,-9.049172964167368e-06,-9.021542082369112e-06,-9.432815167199796e-06
1.4800041913986206,-1.0159153184265456e-05,-1.0323267907020506e-05,-1.110029990572112e-05,-1.1117074611860644e-05,-1.1170138047701007e-05,-1.1074002947404649e-05,-1.0974749606834572e-05,-1.0977009051179745e-05,-1.1150959230655005e-05,-1.1333985295501751e-05,-9.171834964958653e-06,-9.164544978220232e-06,-9.151414402627486e-06,-8.982912515406902e-06,-8.922329582060875e-06,-8.997028002807188e-06,-9.059282942225089e-06,-9.20873514815718e-06,-9.56673311804388e-06,-7.612255806564171e-06,-8.059171870406284e-06,-8.891611953007714e-06,-8.866331111910118e-06,-8.831039085923409e-06,-8.741282544268497e-06,-8.749721666684253e-06,-8.750252590088173e-06,-8.86528738437338e-06,-9.096157672161833e-06,-7.932521832426706e-06,-7.980631085659157e-06,-7.897787549241213e-06,-7.69842724910711e-06,-7.570445804211179e-06,-7.654134906613693e-06,-7.636133554581583e-06,-7.844202249632482e-06,-8.206696099611305e-06,-6.417486888774277e-06,-6.703899716959393e-06,-7.721900189599595e-06,-7.653254540124314e-06,-7.609741110582502e-06,-7.563445222497237e-06,-7.3462687895466925e-06,-7.282677625787184e-06,-7.535257892131413e-06,-7.907834325555701e-06,-7.037059976969835e-06,-7.223567602236564e-06,-7.2146893751041595e-06,-7.184268341262423e-06,-7.141918140164353e-06,-7.1633161365086405e-06,-7.1003285170411815e-06,-7.138688667698615e-06,-7.308911741869767e-06,-5.436561572531873e-06,-5.7994746463604445e-06,-6.51645355659091e-06,-6.477328729552021e-06,-6.306364419008847e-06,-6.232311533246336e-06,-6.268920298168035e-06,-6.115564827351718e-06,-6.218801315782965e-06,-6.71187694176589e-06,-5.6622090882791386e-06,-5.370214949380887e-06,-5.290090202401009e-06,-5.265679589629204e-06,-5.199504596240562e-06,-5.147228953232681e-06,-5.240697105338836e-06,-5.169174877773009e-06,-5.85727886006023e-06,-4.216101361822705e-06,-4.450599170826099e-06,-5.1315748736792585e-06,-4.943047345145386e-06,-4.817323762753497e-06,-4.7297206820882075e-06,-4.6286131720600385e-06,-4.60406058904703e-06,-4.746753408086205e-06,-4.8437140856474305e-06,-3.9355785550271486e-06,-3.923508891517938e-06,-3.863684774551009e-06,-3.7374875026432724e-06,-3.7419326919174424e-06,-3.849216213020855e-06,-3.7137252290281753e-06,-3.847360030310419e-06,-4.107593927097744e-06,-2.403110104356484e-06,-2.5981080461700083e-06,-3.143678292304183e-06,-3.175425915637023e-06,-2.9555169240404156e-06,-2.896133529582198e-06,-2.8907533283978764e-06,-3.0785534616695957e-06,-3.0351652132824716e-06,-3.120673864392946e-06,-1.0834585252985067e-05,-1.0928710120815718e-05,-1.1017958891468669e-05,-1.0810913288117982e-05,-1.0827645859762015e-05,-1.0749915912396523e-05,-1.090696656408692e-05,-1.0988968201515632e-05,-1.1365883984662278e-05,-2.263661605519087e-06,-1.9432815432916273e-06,-2.034581961887077e-06,-1.867497620022433e-06,-2.1769260209085494e-06,-1.7114208791535542e-06,-1.8116663936199844e-06,-1.8534252737438089e-06,-2.529534514269771e-06,-1.4560222033311576e-07,-4.443634036733792e-07,-1.397159594113267e-06,-1.2043678892615307e-06,-7.93563820325182e-07,-1.0308143923999504e-06,-1.2542955407720302e-06,-1.20596029996394e-06,-1.2294502092976118e-06,-1.2478009325133133e-06,-7.118333967479849e-07,4.999438363552331e-07,-2.78829769426871e-07,-8.755972383801842e-08,8.824685405328786e-07,-5.5297728911604e-07,1.7201681010798452e-07,-3.5800595099420734e-07,-1.1837859072334777e-07,-1.011944120656075e-05,-1.0483517472882128e-05,-1.1227466558632599e-05,-1.1348844392035751e-05,-1.1010228002466861e-05,-1.1008045924533204e-05,-1.1077377445941041e-05,-1.098526813131443e-05,-1.1033920531268606e-05,-1.132337933834866e-05,-1.1208153428894491e-05,-1.1303465252785801e-05,-1.1245183466869218e-05,-1.1175501927160964e-05,-1.1056411436028327e-05,-1.1094983050083772e-05,-1.1098022917319807e-05,-1.1472213044399857e-05,-1.1749890011154054e-05,-1.0088923033293403e-05,-1.0438204051940845e-05,-1.044127685023308e-05,-1.0433193929678512e-05,-1.0329004238164147e-05,-1.0419156096297217e-05,-1.0247336513017096e-05,-1.0435756943716444e-05,-1.0314403125537685e-05,-1.0503844850390508e-05,-1.051299910879968e-05,-1.0252207577063939e-05,-1.028688441065575e-05,-1.0451137760215072e-05,-1.0195860095238937e-05,-1.0289317138506265e-05,-1.0474133847509456e-05,-1.037113053684079e-05,-1.0777456341643029e-05,-9.211560747822293e-06,-9.5380987018539e-06,-1.0024144050650805e-05,-1.0042640087544637e-05,-1.007474714832279e-05,-9.972761680517868e-06,-1.0102261261485081e-05,-1.0182917471132899e-05,-1.0129890273834732e-05,-1.0486963873287958e-05,-1.0377933028904435e-05,-1.051937062105792e-05,-1.033991247077635e-05,-1.030051858694203e-05,-1.022605442248634e-05,-1.0176843920221601e-05,-1.0262350198570383e-05,-1.0465029201390196e-05,-1.071980571033636e-05,-8.538810187421446e-06,-8.91880257965941e-06,-9.264444141381585e-06,-9.247838979850194e-06,-9.134331309369947e-06,-8.99995340226708e-06,-8.920102493556952e-06,-9.106008515882105e-06,-9.115360360628488e-06,-9.457171781667654e-06
1.4900002479553223,-1.0373571892915635e-05,-1.0528407823223649e-05,-1.1219138452703253e-05,-1.1352423954703774e-05,-1.1288813952654474e-05,-1.122699430715414e-05,-1.1151481382030853e-05,-1.1126013596072722e-05,-1.1351002023333798e-05,-1.1534254866676747e-05,-9.405159407354713e-06,-9.34394718884738e-06,-9.33948553404511e-06,-9.156174737795395e-06,-9.107156501129528e-06,-9.173449880946197e-06,-9.263824203463304e-06,-9.370442883930974e-06,-9.807458851272251e-06,-7.829097176803143e-06,-8.278172813293778e-06,-9.064687086731933e-06,-9.07182219684359e-06,-8.971552739054637e-06,-8.933603651384772e-06,-8.918544236242524e-06,-8.899238009083881e-06,-8.961999569073831e-06,-9.28252156559156e-06,-8.185913727073132e-06,-8.184605975871822e-06,-8.102844490687028e-06,-7.868505009600134e-06,-7.840554667795971e-06,-7.797155058913477e-06,-7.873491116638074e-06,-8.048266513868857e-06,-8.358403291972661e-06,-6.624578653125143e-06,-6.89646802270279e-06,-7.819680548472398e-06,-7.807344272831316e-06,-7.736692920708105e-06,-7.689364521777733e-06,-7.57410467464119e-06,-7.610484647814344e-06,-7.824835409197906e-06,-8.066755576281355e-06,-7.287650862390495e-06,-7.385855586096711e-06,-7.367428646899407e-06,-7.2951609407512626e-06,-7.239301888325342e-06,-7.317283060822645e-06,-7.3018959169595066e-06,-7.304356183226013e-06,-7.447668185213839e-06,-5.720395783973391e-06,-5.869061778914128e-06,-6.675572321751907e-06,-6.5708192790905055e-06,-6.554868352669115e-06,-6.472969822521175e-06,-6.377815176116454e-06,-6.318365991447702e-06,-6.394644311971141e-06,-6.9164683905089724e-06,-6.012209413228421e-06,-5.702975434997262e-06,-5.506395004939311e-06,-5.563338409458202e-06,-5.372305136725404e-06,-5.2902651756002825e-06,-5.3918467706045814e-06,-5.441373784898581e-06,-6.143879280222705e-06,-4.410509133091895e-06,-4.6209979731661545e-06,-5.3443634231455745e-06,-5.096711814245606e-06,-5.017515931566044e-06,-5.082524424975884e-06,-5.032763513900607e-06,-5.124027478248254e-06,-5.093539000452984e-06,-5.20462494406874e-06,-4.023483299985658e-06,-4.0848688739002034e-06,-4.08266518945478e-06,-4.0949216540207866e-06,-4.091025615274438e-06,-3.92481186124493e-06,-3.855707334038904e-06,-3.955669051826669e-06,-4.19729557167534e-06,-2.4244966683035313e-06,-2.8082245783643267e-06,-3.3069586657662914e-06,-3.3437980199832737e-06,-3.211038767765158e-06,-3.0388327119368165e-06,-3.0630348092872565e-06,-3.131134364064169e-06,-3.088165878790816e-06,-3.146719957086953e-06,-1.1220304557221772e-05,-1.1152664742998037e-05,-1.1094317813987745e-05,-1.108928525834215e-05,-1.0860005583709369e-05,-1.1068652297888667e-05,-1.1080252514092327e-05,-1.129803249133492e-05,-1.1515395869146e-05,-2.6531244086861336e-06,-2.433951404625078e-06,-2.1512103173046027e-06,-1.975419521873638e-06,-2.08107831238433e-06,-2.1394028799132266e-06,-2.062904971080529e-06,-1.8809120641957142e-06,-2.597662182677633e-06,-4.23020556062949e-07,-6.026938367378742e-07,-1.7118022466690452e-06,-1.7388292246659044e-06,-1.4251556655063905e-06,-9.896675409887693e-07,-1.2547951149608747e-06,-1.3589904148210576e-06,-1.0831044517326539e-06,-1.2922140701473843e-06,-3.5539368417571167e-07,1.2417323428310076e-07,-4.996935459477251e-07,-5.2251088519468827e-08,5.18989850648385e-07,-4.513383164199313e-07,-3.371234910537791e-07,3.5011321088429784e-08,-9.958519645827372e-07,-1.0298527336569856e-05,-1.0564638600017722e-05,-1.1402771369328043e-05,-1.1361176425466533e-05,-1.1251531682921763e-05,-1.1139568536498881e-05,-1.12388549519289e-05,-1.1107336654075389e-05,-1.1381060743655445e-05,-1.1403151298806145e-05,-1.13309424083872e-05,-1.1461760238228663e-05,-1.1424283402037258e-05,-1.1371017059121346e-05,-1.1300043730426798e-05,-1.1249769655709354e-05,-1.1356727137785806e-05,-1.159193310830128e-05,-1.1882859001125314e-05,-1.0330772448937328e-05,-1.0633907135387933e-05,-1.0536504261329672e-05,-1.0572929173171222e-05,-1.050927487957035e-05,-1.0529622964817126e-05,-1.0465324574269841e-05,-1.067083895540901e-05,-1.049172751594186e-05,-1.0695777831215565e-05,-1.0645938331396995e-05,-1.0561903740511838e-05,-1.0453534105719651e-05,-1.055578791130131e-05,-1.0331248007901779e-05,-1.0489507186213662e-05,-1.07957560864333e-05,-1.0555433003673773e-05,-1.1056247787373489e-05,-9.309750731645274e-06,-9.758864044715495e-06,-1.0295264142127352e-05,-1.0316254886283152e-05,-1.0355699532837294e-05,-1.0168812625209289e-05,-1.0379438654050434e-05,-1.033928347322252e-05,-1.0351918644934848e-05,-1.0658213706154663e-05,-1.0663123453407263e-05,-1.0661516878036572e-05,-1.0617488487305858e-05,-1.0371133988130523e-05,-1.0424184050223169e-05,-1.050323986806107e-05,-1.0572872514498107e-05,-1.0667933257061344e-05,-1.0986915690750699e-05,-8.65175918037617e-06,-9.045156885249995e-06,-9.46020877282891e-06,-9.381013609168043e-06,-9.37769289322999e-06,-9.304591413003862e-06,-8.990230831481883e-06,-9.197145717233934e-06,-9.308326571317346e-06,-9.651736802325301e-06
1.5000107288360596,-1.0224372206349006e-05,-1.04988751369788e-05,-1.1304016308713161e-05,-1.1317217204334215e-05,-1.122613464840316e-05,-1.1117231214132278e-05,-1.1093528906676289e-05,-1.1164941843400573e-05,-1.1429331344682913e-05,-1.1556510077108458e-05,-9.364133926299142e-06,-9.326665718332069e-06,-9.350687126284616e-06,-9.184202086501723e-06,-9.055779883146146e-06,-9.072278198499557e-06,-9.082961234456684e-06,-9.28912546469182e-06,-9.585592403182106e-06,-7.844231226085867e-06,-8.21962786653506e-06,-9.045784948079523e-06,-9.048462861304815e-06,-8.910585705922081e-06,-8.901820436626561e-06,-8.878712326219598e-06,-8.870650832422121e-06,-8.994595850171631e-06,-9.2147140762083e-06,-8.077443429663735e-06,-8.120628627171571e-06,-7.835592072669336e-06,-7.887957269455603e-06,-7.760859570436912e-06,-7.752589345512462e-06,-7.806750650997249e-06,-7.93069293647572e-06,-8.306087851280046e-06,-6.5238532655820934e-06,-6.746423129660935e-06,-7.930595653246372e-06,-7.7805555057279e-06,-7.664192971521681e-06,-7.659718805794128e-06,-7.488117444687748e-06,-7.4023948136138306e-06,-7.470981503556176e-06,-7.95230491278345e-06,-7.3130184890444995e-06,-7.377858300668642e-06,-7.3835912524244185e-06,-7.345552503123366e-06,-7.3237773814738845e-06,-7.265561170062229e-06,-7.305327289874622e-06,-7.3240523342226096e-06,-7.320432362703962e-06,-5.706034176474023e-06,-5.9220048150741175e-06,-6.725581869491694e-06,-6.595006492753972e-06,-6.6486735447882515e-06,-6.510123459809464e-06,-6.399420106040979e-06,-6.32584414537844e-06,-6.440911367406761e-06,-6.981290586175102e-06,-5.93983824029016e-06,-5.45764320065064e-06,-5.4188926587931025e-06,-5.335539266218986e-06,-5.384526225571649e-06,-5.305644697865262e-06,-5.3183715804120566e-06,-5.424429174641579e-06,-6.0917334560400925e-06,-4.399140728515297e-06,-4.635760649293239e-06,-5.306368605886748e-06,-5.1041644430126945e-06,-4.919038555970926e-06,-5.004308313120198e-06,-4.9849410412744035e-06,-4.6272605181412655e-06,-4.638928178298457e-06,-5.0718700419137255e-06,-4.131844234651641e-06,-3.997214958613222e-06,-4.021972174346646e-06,-3.980887266395985e-06,-3.86335172509178e-06,-3.819381934384654e-06,-3.810371407812487e-06,-3.948140710391064e-06,-4.088085404029442e-06,-2.661855165084324e-06,-2.7205199722593937e-06,-3.243625917325538e-06,-3.2986701058651355e-06,-3.0117212492433697e-06,-3.1230113222664556e-06,-2.9517496255912925e-06,-3.0372518055335174e-06,-3.0957410283434236e-06,-3.134439693002163e-06,-1.1136591511496735e-05,-1.1128020233444954e-05,-1.11521082225286e-05,-1.097625293112075e-05,-1.0776893637612819e-05,-1.1047254301544379e-05,-1.1101845939717743e-05,-1.1158077515729215e-05,-1.1490722167433926e-05,-2.427346283193037e-06,-2.208687737007799e-06,-1.992924751006636e-06,-1.916499966375155e-06,-1.9318803514625673e-06,-1.938708872002947e-06,-2.255123330425378e-06,-2.0174604730312613e-06,-2.667380751848646e-06,5.974477325400499e-08,-9.211166581774043e-07,-1.4771804788427429e-06,-1.52138610768162e-06,-1.5619895966654697e-06,-1.1446267830028669e-06,-1.3222734375858562e-06,-1.309309530526464e-06,-1.2144342228845034e-06,-1.504325232101739e-06,1.8061052154302897e-07,-2.1450988022062463e-08,-5.43856465076157e-07,5.201839249941162e-07,8.037062261260182e-07,8.161718532302158e-07,-2.955485359119733e-07,4.881425825246285e-07,-9.822766040256589e-08,-1.0257316348691138e-05,-1.045946198344347e-05,-1.1428751671811516e-05,-1.139215649634314e-05,-1.1180119321412436e-05,-1.107690533826632e-05,-1.1135215741126938e-05,-1.117423185253924e-05,-1.124016011466291e-05,-1.1393023057673588e-05,-1.1298201316924358e-05,-1.1356341168550672e-05,-1.143817872591333e-05,-1.121841166860699e-05,-1.1184270072531264e-05,-1.1213025499567504e-05,-1.1318227425599799e-05,-1.1665190471780347e-05,-1.1807976367789506e-05,-1.0232335194585355e-05,-1.0597908170220923e-05,-1.0632860531776415e-05,-1.0510953788221691e-05,-1.0491016837864351e-05,-1.0398002566309013e-05,-1.0331502109108367e-05,-1.0740024516021892e-05,-1.0511407489017835e-05,-1.0706922189566998e-05,-1.0743482852138046e-05,-1.0580548614275403e-05,-1.0441869321637237e-05,-1.059548565243587e-05,-1.0369295601132773e-05,-1.0473076746225e-05,-1.0621503343891451e-05,-1.0426084560436115e-05,-1.1055650139034736e-05,-9.331229689494547e-06,-9.62005180552074e-06,-1.0332163750110922e-05,-1.0277336561413284e-05,-1.0202317314525546e-05,-1.0139247007908236e-05,-1.0303344042803404e-05,-1.0273467234211432e-05,-1.027413721583084e-05,-1.0685604291905262e-05,-1.066276768295729e-05,-1.0685697476728053e-05,-1.0558233293880846e-05,-1.038274225734356e-05,-1.037776003300657e-05,-1.0365157648546703e-05,-1.0463869711843663e-05,-1.0670897771138209e-05,-1.0959961693151316e-05,-8.6688126500635e-06,-9.0061210008236e-06,-9.362546045414508e-06,-9.413472845302697e-06,-9.25685461145509e-06,-9.119362634386929e-06,-8.902118038464159e-06,-9.251409770490146e-06,-9.286820146953949e-06,-9.66557388568713e-06
1.5100067853927612,-1.0209267564930883e-05,-1.049354332575261e-05,-1.1358717956746763e-05,-1.1317676369672437e-05,-1.1316872650575876e-05,-1.1143856476384594e-05,-1.1042828885284303e-05,-1.1154484147902257e-05,-1.1339791371458745e-05,-1.1461685604088189e-05,-9.406906766585759e-06,-9.456081749326998e-06,-9.298433880709062e-06,-9.225677673259968e-06,-9.087412822997234e-06,-9.099939710494191e-06,-9.156127138757828e-06,-9.331714523800158e-06,-9.709400951183424e-06,-7.795830482674718e-06,-8.334773749208544e-06,-9.051794793934499e-06,-9.039770500504903e-06,-8.979220642018817e-06,-8.923482600439158e-06,-8.903216914734756e-06,-8.911338230887603e-06,-8.954751860634638e-06,-9.262976192815172e-06,-8.182585030027571e-06,-8.069564782320236e-06,-7.93977716246406e-06,-7.847492479177894e-06,-7.769819765700474e-06,-7.780896320589029e-06,-7.848202653942318e-06,-7.98738655390019e-06,-8.32772369900843e-06,-6.556245309419757e-06,-6.857857833294393e-06,-7.833740455727609e-06,-7.836548727042189e-06,-7.717167608553289e-06,-7.657041395881922e-06,-7.500962857466309e-06,-7.394221512409381e-06,-7.682080430992604e-06,-8.012711902254964e-06,-7.3007296686372465e-06,-7.38404653506169e-06,-7.293336502716183e-06,-7.302798932537759e-06,-7.298150404776822e-06,-7.260659116309661e-06,-7.313684875570437e-06,-7.308075019815136e-06,-7.340695100431718e-06,-5.803325315027179e-06,-5.907149852897612e-06,-6.762240174801435e-06,-6.644213975140195e-06,-6.58010576503757e-06,-6.448886938470261e-06,-6.320856959812458e-06,-6.359899962523928e-06,-6.460734712810391e-06,-6.9269667824653895e-06,-5.876545972601899e-06,-5.561506781236178e-06,-5.515750732386643e-06,-5.402150128740151e-06,-5.4292352393984495e-06,-5.281823428766293e-06,-5.371144964111112e-06,-5.406080213021679e-06,-6.193397234881156e-06,-4.294936800430782e-06,-4.432279077806777e-06,-5.228008941948732e-06,-4.99117543666763e-06,-5.036335562823276e-06,-4.9217861061567666e-06,-4.978969662919576e-06,-4.834398119933897e-06,-4.971589978599031e-06,-5.1847244479592055e-06,-4.0208083706879485e-06,-4.058600568478702e-06,-4.034736122307136e-06,-4.074818718197853e-06,-4.093272512743392e-06,-3.824840149097314e-06,-3.877389774178683e-06,-4.074738511662497e-06,-4.10067477425094e-06,-2.3933510074216137e-06,-2.7763859272647805e-06,-3.2111775383731704e-06,-3.1470073488590905e-06,-3.06275115641233e-06,-3.082087941865483e-06,-3.070708104891645e-06,-3.0199946378500753e-06,-2.9009620277223334e-06,-3.282111464843268e-06,-1.1028265880648644e-05,-1.1204281944636556e-05,-1.1100959389667592e-05,-1.099592039327144e-05,-1.0869756052419906e-05,-1.1101806537493292e-05,-1.1216503824403363e-05,-1.1229805095034152e-05,-1.1582310768722078e-05,-2.2316332772879673e-06,-2.0263166262897487e-06,-2.219531114133771e-06,-2.3453892968252457e-06,-2.1151208276839733e-06,-1.980652611833092e-06,-2.104109343987259e-06,-2.110397809586301e-06,-2.7335408255993795e-06,-4.6093613746165605e-07,-7.154178487431311e-07,-1.7425773253158877e-06,-1.348746195973099e-06,-1.362510370839319e-06,-1.1279078008121561e-06,-1.1651481517549856e-06,-7.911446100261233e-07,-1.2914380332705566e-06,-1.2130873570662198e-06,-4.4116815649749274e-07,2.389970684833796e-07,-5.78615913915951e-07,3.487403165892792e-07,4.743386459246103e-07,4.492210220706361e-07,-1.9291573557651402e-07,-9.176707610846625e-07,8.049989498365952e-09,-1.0355709886706494e-05,-1.0600294161856301e-05,-1.1543689254769244e-05,-1.134285266545187e-05,-1.1157587432587135e-05,-1.1208739572934136e-05,-1.1227626468390226e-05,-1.1290420096613944e-05,-1.1306091252861358e-05,-1.1320530586281586e-05,-1.1383837306245605e-05,-1.1366246082476759e-05,-1.1339991546263256e-05,-1.1382845635662335e-05,-1.1316838569089764e-05,-1.1241603760397454e-05,-1.1288411877400585e-05,-1.1595850178344439e-05,-1.1824801117630157e-05,-1.0352526359535326e-05,-1.0635106170962654e-05,-1.057396542291354e-05,-1.0502361227216557e-05,-1.0511379159681277e-05,-1.0518965669729256e-05,-1.0429790526590607e-05,-1.0847175270323389e-05,-1.0527371573481332e-05,-1.0746118630867847e-05,-1.0705980850292336e-05,-1.0525701724465541e-05,-1.052063235506279e-05,-1.0634143836342117e-05,-1.0359533340515646e-05,-1.0503792793437037e-05,-1.0677509723247846e-05,-1.0510824508660444e-05,-1.1107620235048446e-05,-9.415356170968844e-06,-9.826916359964187e-06,-1.0414109735492691e-05,-1.0418734319931104e-05,-1.0367248698713656e-05,-1.0182621954449514e-05,-1.0350791079818345e-05,-1.035229497931948e-05,-1.0374461175236826e-05,-1.0748117646641917e-05,-1.0656204480315131e-05,-1.0673013411744508e-05,-1.0586882162346583e-05,-1.0345317478105627e-05,-1.0433121164986644e-05,-1.0401292795854427e-05,-1.0444383010992734e-05,-1.0691741835480356e-05,-1.0895521512117504e-05,-8.738527696042909e-06,-9.114869846075192e-06,-9.446505426944235e-06,-9.32686977583753e-06,-9.278282662780802e-06,-9.271318966725882e-06,-8.91965238785428e-06,-9.25728602267171e-06,-9.279083793410064e-06,-9.643920062491386e-06
1.520002841949463,-1.0361657034131321e-05,-1.0691577611610565e-05,-1.1225197479436924e-05,-1.138483070247374e-05,-1.129991962780015e-05,-1.1136986252759941e-05,-1.1007481494858129e-05,-1.1239685993735848e-05,-1.1201834692608417e-05,-1.1516972533339003e-05,-9.516646275794448e-06,-9.35314128089222e-06,-9.306284126814135e-06,-9.222382841994913e-06,-9.157407423445013e-06,-9.121492439661507e-06,-9.140828577997833e-06,-9.37255363521015e-06,-9.688584640962877e-06,-7.805147742621902e-06,-8.195115009304914e-06,-9.104423942483465e-06,-9.046304079576854e-06,-8.968534586183173e-06,-8.878441256171822e-06,-8.932095437771474e-06,-8.908089704426464e-06,-8.944528421426947e-06,-9.297549200107517e-06,-8.142340475175949e-06,-8.089156819409888e-06,-8.057272798230729e-06,-7.826975208832334e-06,-7.708118830186581e-06,-7.83506474435889e-06,-7.824874523814879e-06,-7.987888716556333e-06,-8.324690302940647e-06,-6.481572629542704e-06,-6.889745701223568e-06,-7.935788909570159e-06,-7.799641066049242e-06,-7.798674848727754e-06,-7.5773853412379686e-06,-7.448946744256158e-06,-7.490869416838558e-06,-7.632246755225457e-06,-8.118093151549633e-06,-7.280557095853765e-06,-7.3435956937466534e-06,-7.296620836308301e-06,-7.288924100694477e-06,-7.260699597062153e-06,-7.29437037969681e-06,-7.260298240826959e-06,-7.323544635122519e-06,-7.449551870389335e-06,-5.6816468239569804e-06,-5.955503752240822e-06,-6.65994747030841e-06,-6.659366862712711e-06,-6.604564480160028e-06,-6.5256799325751266e-06,-6.455319783023131e-06,-6.420733401983071e-06,-6.493393332828991e-06,-7.044606797185885e-06,-5.873610650684025e-06,-5.599339100270078e-06,-5.4247007839533744e-06,-5.378098629855246e-06,-5.393057058821871e-06,-5.25737794358781e-06,-5.2740001099113246e-06,-5.384583531361589e-06,-6.20946262907869e-06,-4.327809975627781e-06,-4.418939842988927e-06,-5.2794337341846375e-06,-5.09436188139775e-06,-4.921746380373902e-06,-4.970609452805526e-06,-4.790194216739886e-06,-4.768420569078728e-06,-4.7623514041814665e-06,-4.943987641842941e-06,-4.073460384031395e-06,-4.087508139870672e-06,-4.0824839967438e-06,-4.056417052507656e-06,-4.063396674826656e-06,-3.94162532249208e-06,-3.848770601185023e-06,-3.937358809363461e-06,-3.880591564424688e-06,-2.6064838949406608e-06,-2.419564056256452e-06,-3.244893691087442e-06,-3.107560689052604e-06,-3.199621613721083e-06,-3.1867872738304155e-06,-3.209994249307855e-06,-3.1503057752176185e-06,-3.2446489371238796e-06,-3.088639136895446e-06,-1.123697572466931e-05,-1.1221848146554834e-05,-1.1000665916654247e-05,-1.1085815274123148e-05,-1.0898036064295435e-05,-1.102559084349813e-05,-1.1139281504236093e-05,-1.1220577496718155e-05,-1.1497647324086828e-05,-2.4380357903184156e-06,-2.0008767382569604e-06,-2.0872797048194853e-06,-2.1291295408081466e-06,-1.971658838396503e-06,-1.8454386297924158e-06,-2.0418373638263007e-06,-2.0591290444070733e-06,-2.3752715699592958e-06,-4.47624800569147e-07,-9.840648035185429e-08,-1.4059505323761757e-06,-1.3803284450062353e-06,-1.313507305467903e-06,-1.1647094784495538e-06,-1.0724533402055546e-06,-1.0698569637002044e-06,-1.5196060330999819e-06,-9.564773504494258e-07,-5.332402259557343e-07,-2.3766961616984415e-07,-4.0909079119141703e-07,3.282722990242818e-08,5.3436462738998035e-08,7.639027173415184e-07,-1.2081354753181311e-07,-2.2174809761305303e-07,7.214159026915182e-08,-1.0157130872285686e-05,-1.0550918860506814e-05,-1.1468095224337231e-05,-1.1519538998666667e-05,-1.1230405044232728e-05,-1.1300043442819319e-05,-1.1145141218987685e-05,-1.1175802476975211e-05,-1.1364914459854795e-05,-1.1315275710055693e-05,-1.1346414971671232e-05,-1.1359590845441723e-05,-1.1303096683803069e-05,-1.1348566850819725e-05,-1.1252128612241825e-05,-1.1277569219293307e-05,-1.1245636448646669e-05,-1.1672081403143398e-05,-1.192636581569514e-05,-1.0267278352701559e-05,-1.0767975648746616e-05,-1.0571934626513177e-05,-1.058999565709692e-05,-1.05441327620694e-05,-1.0473279509496812e-05,-1.047278741310239e-05,-1.0703211046477905e-05,-1.0567502020066159e-05,-1.0729100896409627e-05,-1.0669331173206926e-05,-1.0538408798047305e-05,-1.0492367298776106e-05,-1.0630701750048455e-05,-1.0371849411731415e-05,-1.0604695994303201e-05,-1.0773838527180464e-05,-1.05284575793173e-05,-1.116973942373685e-05,-9.387971049760322e-06,-9.799364354516703e-06,-1.0226808097881774e-05,-1.0296141344934476e-05,-1.0280508296677865e-05,-1.0178636433826651e-05,-1.0518592930438096e-05,-1.029761705890279e-05,-1.0312061137846402e-05,-1.068229508026632e-05,-1.0741440407634832e-05,-1.0634618820091615e-05,-1.0558005221150992e-05,-1.0481871639090729e-05,-1.0365378243482135e-05,-1.0580110300479318e-05,-1.048398929294937e-05,-1.0609024199235799e-05,-1.101541974885139e-05,-8.944012022200655e-06,-9.202217315594635e-06,-9.505022188170134e-06,-9.432184587804838e-06,-9.244819245137602e-06,-9.150216086071458e-06,-8.975211393779043e-06,-9.2425841036243e-06,-9.220782378283126e-06,-9.629405375911989e-06
1.5300133228302002,-1.0863917764425406e-05,-1.1438469065662114e-05,-1.1859654254605827e-05,-1.169932861656634e-05,-1.1874716689626592e-05,-1.1631302257892513e-05,-1.1585396940762029e-05,-1.1623590926199194e-05,-1.1682196701939456e-05,-1.2220608397952538e-05,-9.864594089978798e-06,-9.953366295041124e-06,-9.661031988398568e-06,-9.581024765024285e-06,-9.649486849026896e-06,-9.547227722706898e-06,-9.576939732214123e-06,-9.766248870019703e-06,-9.900674735669488e-06,-8.196907091498749e-06,-8.61770976249706e-06,-9.455583325568065e-06,-9.41654607500615e-06,-9.353975630185161e-06,-9.271361676436328e-06,-9.104467802623822e-06,-9.112554749683077e-06,-9.352891349994058e-06,-9.496418410473368e-06,-8.539331979287946e-06,-8.33909066554764e-06,-8.245868597589631e-06,-8.013298909117045e-06,-7.925784842966118e-06,-8.014574232575239e-06,-7.930338388357528e-06,-8.156704383535138e-06,-8.583671561309584e-06,-6.802105375389911e-06,-6.951142276124137e-06,-8.165733245084012e-06,-8.232950132511722e-06,-7.97706331489772e-06,-7.959900770074456e-06,-7.761135889321157e-06,-7.847592782285758e-06,-7.73482943995792e-06,-8.263825370462689e-06,-7.551308115034495e-06,-7.647303222391059e-06,-7.433227557559961e-06,-7.443968330718248e-06,-7.434221816610529e-06,-7.483977335045597e-06,-7.421129061401107e-06,-7.571256282083465e-06,-7.61296418378186e-06,-5.76082386834675e-06,-6.03153023646656e-06,-6.919282629678715e-06,-6.669568803261441e-06,-6.703525899140193e-06,-6.77091046172743e-06,-6.62565955392838e-06,-6.5188569484786935e-06,-6.630727988606826e-06,-6.952808026733371e-06,-6.0034913115592515e-06,-5.961461217583913e-06,-5.929012047710982e-06,-5.831572144189962e-06,-5.7453398726654796e-06,-5.6842277415604015e-06,-5.483825295730686e-06,-5.68516433531168e-06,-6.174985754585781e-06,-4.646540752774107e-06,-4.6364674446697986e-06,-5.347486912255763e-06,-5.147172833823586e-06,-5.1431394984575476e-06,-5.077086198982928e-06,-4.955282742463648e-06,-4.9310156098723026e-06,-4.97686333360537e-06,-5.040168831237607e-06,-4.284974508812884e-06,-4.283478015204304e-06,-4.100176997608832e-06,-4.250884250671935e-06,-4.115949895001498e-06,-4.387609681910034e-06,-4.369211503460505e-06,-4.416847175029913e-06,-4.269673071978112e-06,-2.9298640626703562e-06,-2.7847757968999724e-06,-3.635681645708202e-06,-3.486574856356884e-06,-3.6735423659805286e-06,-3.5477762895838022e-06,-3.4424771522240307e-06,-3.256608590772853e-06,-3.3332327592882814e-06,-3.276213714002743e-06,-1.1840478313634604e-05,-1.1925727470898281e-05,-1.1874131120801901e-05,-1.1757468468192653e-05,-1.1504417460309226e-05,-1.151187598502961e-05,-1.1820211189892812e-05,-1.1899496230890476e-05,-1.2159395891837728e-05,-2.8927273942232545e-06,-2.6740490031220517e-06,-2.4554457494744105e-06,-2.2938574427057497e-06,-2.129038800648918e-06,-2.271688945928581e-06,-2.482197199507589e-06,-2.342951967255089e-06,-2.7835349144372383e-06,-5.871424690049419e-07,-2.5569196354782947e-07,-1.4871456465354183e-06,-1.079123676633174e-06,-1.0382184155032996e-06,-1.3732055582123826e-06,-1.287756154242324e-06,-1.4485501610593204e-06,-1.4788024412134904e-06,-1.3872088067944788e-06,-6.283958789866278e-07,-9.379923864434864e-07,-4.1462529378754897e-07,-2.8491259567932526e-07,1.4769880694401291e-07,5.347869789710512e-07,-2.975750901020397e-07,-3.843625159604413e-07,-3.379587750710224e-07,-1.06455932024237e-05,-1.081733239941379e-05,-1.1901300104990897e-05,-1.1725338542620021e-05,-1.1826998438760136e-05,-1.1748449960512978e-05,-1.1630542974151266e-05,-1.1762542295511307e-05,-1.175424740824564e-05,-1.181523673095772e-05,-1.1828325747269934e-05,-1.1618507607833777e-05,-1.1634317247081724e-05,-1.1366685546702755e-05,-1.1484373519970166e-05,-1.1495516152676732e-05,-1.1630088554336428e-05,-1.176146276084359e-05,-1.2100256891833724e-05,-1.0678477234802983e-05,-1.1166232050545742e-05,-1.1176575422071651e-05,-1.0962490769506874e-05,-1.0715959247928988e-05,-1.0793236788731985e-05,-1.0656121649361541e-05,-1.0993798425300634e-05,-1.0836680185852967e-05,-1.1220204901230736e-05,-1.0876979745634708e-05,-1.0802904857900148e-05,-1.06715266248883e-05,-1.0884945897553312e-05,-1.100472031926803e-05,-1.0942281742475586e-05,-1.1045726530622593e-05,-1.0701912930127099e-05,-1.1142549588005718e-05,-9.809059099278428e-06,-1.0105466934432037e-05,-1.0782734801682097e-05,-1.0782026568268149e-05,-1.0715065076280676e-05,-1.0638699826397088e-05,-1.0650602605667338e-05,-1.0714598145540557e-05,-1.0765288963493254e-05,-1.1165427756234224e-05,-1.0916818989648318e-05,-1.0881008263575494e-05,-1.0930396507261481e-05,-1.0869605489905305e-05,-1.0768724291011188e-05,-1.0636542482706516e-05,-1.0788240759236063e-05,-1.0822905800921286e-05,-1.1158207514309156e-05,-9.382201643756742e-06,-9.62889616687264e-06,-9.569470422213325e-06,-9.907940131968563e-06,-9.639770317998732e-06,-9.587673099479858e-06,-9.334645531605865e-06,-9.68165243792677e-06,-9.695383825540527e-06,-1.0180070300906954e-05
1.5400093793869019,-1.0606356352272228e-05,-1.1183815365108948e-05,-1.1977656151435198e-05,-1.2040574601304258e-05,-1.1819812709732396e-05,-1.1476276650452927e-05,-1.1478584844265575e-05,-1.1665840464680053e-05,-1.1567824411479238e-05,-1.1983655355813498e-05,-9.852635371054128e-06,-9.796952118698979e-06,-9.708724210788289e-06,-9.523416268213106e-06,-9.50442310179399e-06,-9.267642480337859e-06,-9.509470181617212e-06,-9.645781026676142e-06,-9.803888923454731e-06,-8.15944736795227e-06,-8.322092344594168e-06,-9.537474521725321e-06,-9.458295607886946e-06,-9.312434468921989e-06,-9.258107861039368e-06,-9.23620209369312e-06,-9.165099341633587e-06,-9.411136753564705e-06,-9.46935684767731e-06,-8.403898912251098e-06,-8.36867792531139e-06,-8.185448521977878e-06,-8.028953527934488e-06,-8.07998321939784e-06,-7.863019759784565e-06,-7.969974006276894e-06,-8.106518604313361e-06,-8.515231263573411e-06,-6.884209688688178e-06,-7.16404852895072e-06,-8.226950712427814e-06,-8.1374778955497e-06,-8.010641128415195e-06,-7.875757104053363e-06,-7.875534352061849e-06,-7.891645116338997e-06,-7.959062897589914e-06,-8.115815947442712e-06,-7.696367548155235e-06,-7.74413318235365e-06,-7.693313084839705e-06,-7.467196157737824e-06,-7.41771048701875e-06,-7.385347455585404e-06,-7.430057476038377e-06,-7.543625544088949e-06,-7.630878175042604e-06,-6.222712489872831e-06,-6.2686411391599485e-06,-7.093319450906647e-06,-6.998646834634628e-06,-6.642826340961942e-06,-6.718542316964518e-06,-6.715170263091687e-06,-6.478402727775793e-06,-6.489817652861916e-06,-7.012495853706783e-06,-6.149878196993528e-06,-5.905682191938676e-06,-5.6621206489797316e-06,-5.722837895017864e-06,-5.705115666042907e-06,-5.6947223946196076e-06,-5.584070738295248e-06,-5.6680683716195145e-06,-6.198227458666158e-06,-4.542616954372916e-06,-4.566788565330715e-06,-5.5890891292725644e-06,-5.133144491489056e-06,-5.038237223466131e-06,-5.159939837613526e-06,-5.068388553395613e-06,-5.0740194763986586e-06,-4.968565821921468e-06,-4.941643101635292e-06,-4.3979445690153525e-06,-4.4386030269783865e-06,-4.275924220506918e-06,-4.171034708097326e-06,-3.975601759973712e-06,-3.9077492600201825e-06,-4.0902226870984405e-06,-3.8873107941235245e-06,-4.060692589320891e-06,-2.710517199889003e-06,-2.555925592133334e-06,-3.5278942003528433e-06,-3.48435790601655e-06,-3.154525480229235e-06,-3.083656912558456e-06,-3.5198273139151594e-06,-3.3694428283439557e-06,-3.075342396082433e-06,-3.2319032522382275e-06,-1.1762814803596471e-05,-1.1787687385879407e-05,-1.1797074606345552e-05,-1.153745967680127e-05,-1.1425700156472633e-05,-1.1353794116727755e-05,-1.155459705597023e-05,-1.1645698737798559e-05,-1.1900219851304484e-05,-2.519458401992555e-06,-1.9677810267740564e-06,-2.0474692934555197e-06,-2.3353211656555373e-06,-1.8437158610007186e-06,-1.8015535394874865e-06,-2.1307204415712976e-06,-1.8365593241319698e-06,-2.4254249214379565e-06,-6.798791274423848e-07,-1.9471148476568937e-07,-1.784325851570513e-06,-9.320464613504392e-07,-9.775042612455522e-07,-7.472386681790573e-07,-8.071539207654961e-07,-9.377894074660673e-07,-1.4342014239945822e-06,-1.3689788787194304e-06,-5.037862722579171e-07,-7.021871138462602e-07,1.0781836315921621e-07,-3.7698365851139547e-08,-5.238622808307463e-07,8.378527115288665e-07,1.599025674397122e-09,-8.99016755783678e-07,-6.148877466774712e-07,-1.0518674754765515e-05,-1.0732502717656405e-05,-1.1889003734887353e-05,-1.1774513812968737e-05,-1.1831258768327986e-05,-1.1685141371100357e-05,-1.1547519467354123e-05,-1.1487682731609108e-05,-1.1577307117627995e-05,-1.1570839400668447e-05,-1.1913878042815155e-05,-1.169454656703386e-05,-1.1552368241821439e-05,-1.1487559204197417e-05,-1.1353722790073274e-05,-1.1315195755176879e-05,-1.1411283975454364e-05,-1.1889593330216733e-05,-1.2113073831471987e-05,-1.0753744399336538e-05,-1.1063090832091495e-05,-1.1188952034661487e-05,-1.0930088911064033e-05,-1.0732471080833852e-05,-1.0532196620331734e-05,-1.057958814910347e-05,-1.0867780189047793e-05,-1.0622301886053412e-05,-1.1122534408414432e-05,-1.0843591968758154e-05,-1.0706847843034002e-05,-1.0497277477439922e-05,-1.0767550564894507e-05,-1.0947218812438572e-05,-1.0788590058517786e-05,-1.0938597346881926e-05,-1.0521649622711579e-05,-1.124399420994874e-05,-9.957314858103096e-06,-1.0146811803591645e-05,-1.0855083613138965e-05,-1.0575471910881974e-05,-1.0599387623086447e-05,-1.0462265149725319e-05,-1.0504052359185702e-05,-1.0283965482364109e-05,-1.0408191348815637e-05,-1.0907486702210424e-05,-1.0706989921128007e-05,-1.0551461144406103e-05,-1.0632544019747156e-05,-1.0772197295108708e-05,-1.0598218354885672e-05,-1.0569616797850025e-05,-1.0599238354805499e-05,-1.057374338994072e-05,-1.0993562443365143e-05,-9.271795891825855e-06,-9.436053339791735e-06,-9.811353344128406e-06,-9.78436037571579e-06,-9.808612157258012e-06,-9.66254753600255e-06,-9.569977042785374e-06,-9.747834945060768e-06,-9.878529678901755e-06,-9.942588492420077e-06
1.5500054359436035,-1.1076541371003233e-05,-1.1716507267408359e-05,-1.2434711025984675e-05,-1.2484475172644075e-05,-1.2017141206839963e-05,-1.1838218581681954e-05,-1.1799331749830901e-05,-1.2026187037230025e-05,-1.1918847324815646e-05,-1.2623407703666396e-05,-9.846798233489538e-06,-9.849534387229073e-06,-9.779227157452983e-06,-9.650181852496868e-06,-9.691261259954518e-06,-9.584599725972664e-06,-9.650189474095028e-06,-9.739175802924535e-06,-1.0109500197896206e-05,-8.527728024187076e-06,-8.75624072157858e-06,-9.750810675829264e-06,-9.779875424707821e-06,-9.737539316376163e-06,-9.676156402830788e-06,-9.551824984434927e-06,-9.663396984688072e-06,-9.639444746333925e-06,-9.654987629646262e-06,-8.808726929211105e-06,-8.769014088683965e-06,-8.56810638841772e-06,-8.402892142275249e-06,-8.145707783525396e-06,-8.219211410907283e-06,-8.201253559506182e-06,-8.46722044400022e-06,-8.983735216596993e-06,-7.093005958755904e-06,-7.240767823639413e-06,-8.565556388618157e-06,-8.45152088651438e-06,-8.22698831710553e-06,-8.024621296497202e-06,-8.032795460524085e-06,-8.143649808218386e-06,-8.078570060055936e-06,-8.413150381987747e-06,-7.788823429792529e-06,-7.890875047317333e-06,-7.896346204366492e-06,-7.62827331411666e-06,-7.596734493812664e-06,-7.6030404315659795e-06,-7.591070711655285e-06,-7.707037282266518e-06,-7.977478476291847e-06,-6.102715567823142e-06,-6.373211299416438e-06,-7.263921088420384e-06,-7.199041011749357e-06,-7.312549832659514e-06,-7.115141812084349e-06,-7.137792410896089e-06,-7.15278380686985e-06,-6.880484452832676e-06,-7.439365820153751e-06,-5.9863005812031685e-06,-6.01186126437661e-06,-5.932026102175888e-06,-5.852405638957304e-06,-5.856651588151266e-06,-5.906941553181856e-06,-5.689190480490775e-06,-5.792019860537273e-06,-6.117881865094307e-06,-4.702365795615784e-06,-4.759382540041501e-06,-5.578692694167009e-06,-5.425814723665619e-06,-5.507650986794627e-06,-5.403110054648063e-06,-5.251329450478011e-06,-5.0932783561762776e-06,-4.96848971379267e-06,-5.3913337507661525e-06,-4.206270291116529e-06,-4.0592932351379185e-06,-4.060778440152998e-06,-4.230864972674092e-06,-4.065806178373342e-06,-3.934344970604162e-06,-4.07914943969588e-06,-4.180657550989615e-06,-4.3468099727244925e-06,-2.874041320688501e-06,-2.688765590150827e-06,-3.657067993949641e-06,-3.569444133644085e-06,-3.444519452923504e-06,-3.5061256936753496e-06,-3.1519739704904133e-06,-2.9990389818065603e-06,-3.292351297677191e-06,-3.2255058553069885e-06,-1.2082378779605828e-05,-1.2051068535344768e-05,-1.2086207266545841e-05,-1.2163254865170379e-05,-1.2011913221913238e-05,-1.1976032463419585e-05,-1.1912397727127197e-05,-1.2069856062417298e-05,-1.2321409210556626e-05,-2.8718476665538648e-06,-2.5874878524467665e-06,-2.1355640391040144e-06,-2.1404204351694913e-06,-2.0605066123236062e-06,-2.0443716171164583e-06,-2.111987200410194e-06,-2.31162144666685e-06,-2.4386226533767558e-06,-5.978231322003795e-07,-3.0165616830938327e-07,-2.081067383300176e-06,-1.5932167223654593e-06,-1.7867790714538152e-06,-1.1030841118004382e-06,-1.3981587424909558e-06,-1.0031813535456114e-06,-1.268332870840239e-06,-1.6556048240455566e-06,-1.2998340864665203e-07,-3.9852596190764146e-07,-3.679692492382776e-07,-5.951854840219728e-07,-4.7001684025839364e-07,4.4061537492526527e-08,-1.99175368525917e-09,-7.863497619608845e-08,8.502604576281666e-08,-1.0798128272909747e-05,-1.0993439203560929e-05,-1.224097747854519e-05,-1.216645996290238e-05,-1.1956070922622898e-05,-1.203450651493504e-05,-1.201901353152009e-05,-1.19831137909329e-05,-1.2078069269159285e-05,-1.1931477175789638e-05,-1.2211223190738737e-05,-1.228080651249334e-05,-1.2138921403104481e-05,-1.2061230138944745e-05,-1.1961483407746596e-05,-1.1953977859203603e-05,-1.2098393051574191e-05,-1.2107280266440275e-05,-1.2505704487202664e-05,-1.091013959358515e-05,-1.1401857065156289e-05,-1.1285467495847164e-05,-1.1194613731664653e-05,-1.097155888947646e-05,-1.1128003264603768e-05,-1.1097134929232266e-05,-1.1417563740927205e-05,-1.116955075323145e-05,-1.1473945304238319e-05,-1.1260201178927193e-05,-1.1097501772570131e-05,-1.1077361627529765e-05,-1.123836112988961e-05,-1.1093699026499377e-05,-1.096608428113757e-05,-1.1116301379156725e-05,-1.108312556899127e-05,-1.1527283549023667e-05,-1.0104987061355418e-05,-1.0414241747324975e-05,-1.1237322004072516e-05,-1.1030277694955478e-05,-1.0852195458847442e-05,-1.0727558745113952e-05,-1.0856758926696834e-05,-1.0934147340182502e-05,-1.0978605128877493e-05,-1.1386835326593626e-05,-1.1262988382994029e-05,-1.111689011166367e-05,-1.1136915645124155e-05,-1.0971094115792424e-05,-1.0794634848681307e-05,-1.1133255408558623e-05,-1.0805143594506923e-05,-1.0993036553092084e-05,-1.1467659067597229e-05,-9.605265401776743e-06,-1.0091118341171037e-05,-1.0401174732984811e-05,-1.043164142451364e-05,-1.0181841100147435e-05,-1.005674076315982e-05,-9.897049299608761e-06,-9.922673256427307e-06,-1.01277815358079e-05,-1.0419592828252174e-05
1.5600014925003052,-1.1241804941828139e-05,-1.1701695050893232e-05,-1.2344046938933737e-05,-1.243341391626004e-05,-1.2097052944531635e-05,-1.1699306470790554e-05,-1.1727261917627447e-05,-1.1767397828754351e-05,-1.182389630450517e-05,-1.2302744923288312e-05,-9.807869986161687e-06,-9.833373004035842e-06,-9.803650928266896e-06,-9.674124456000512e-06,-9.530199921986957e-06,-9.744516673786275e-06,-9.50506878058153e-06,-9.710505507701708e-06,-1.0143778119916383e-05,-8.44133922229283e-06,-8.827259923665828e-06,-9.709385276575886e-06,-9.810109154179679e-06,-9.732233102215491e-06,-9.509576596383978e-06,-9.497890385544473e-06,-9.40471462239038e-06,-9.507685721021539e-06,-9.838065751446481e-06,-8.93753999112894e-06,-8.882488037187444e-06,-8.706429910605915e-06,-8.472743729904718e-06,-8.05252878478718e-06,-8.196917373466079e-06,-8.193778137846483e-06,-8.578464284121258e-06,-9.06391673010279e-06,-7.262809701224505e-06,-7.460454278950115e-06,-8.468954932796635e-06,-8.332543425120494e-06,-8.35957601146317e-06,-8.292110487370947e-06,-8.010962529771578e-06,-7.941272937053947e-06,-8.103013100570857e-06,-8.469182142704053e-06,-7.799313553033958e-06,-7.877403297354111e-06,-7.815241183249652e-06,-7.728019110590509e-06,-7.662865878717492e-06,-7.67413340497127e-06,-7.844268255548625e-06,-7.607987423986946e-06,-7.912572083536606e-06,-6.160466142728327e-06,-6.432530629308987e-06,-7.149487825174884e-06,-7.233884945285739e-06,-7.013392254313046e-06,-7.233672187654078e-06,-7.179587960973327e-06,-6.899884655734671e-06,-7.1416362848361616e-06,-7.339382603707024e-06,-6.128123279769358e-06,-5.867783723184894e-06,-5.846291247784167e-06,-5.886681403921399e-06,-5.776758041632562e-06,-5.8950136801591735e-06,-5.937732162632496e-06,-5.886790766664812e-06,-6.24543340871288e-06,-4.487039038256492e-06,-4.649755413454741e-06,-5.647623794063955e-06,-5.5634389282716745e-06,-5.345819436001662e-06,-5.290202908581351e-06,-5.316930415292008e-06,-5.196520093443994e-06,-5.169495991521912e-06,-5.507213607722845e-06,-4.319485824301253e-06,-4.199900144993806e-06,-4.184325624858916e-06,-4.273128891528837e-06,-4.136236072738689e-06,-3.943384689335321e-06,-4.039293154939214e-06,-4.009442087216499e-06,-4.28065363787097e-06,-2.5578596805193053e-06,-2.7934457243166197e-06,-3.708632203910383e-06,-3.5439493844849167e-06,-3.6468974026159855e-06,-3.312433274105183e-06,-3.2066642580286444e-06,-3.089632101712364e-06,-3.2235556609022638e-06,-3.338204845461682e-06,-1.2217349949033417e-05,-1.2209863957798909e-05,-1.2165996627255732e-05,-1.2145732091981241e-05,-1.2057009786816304e-05,-1.2106780117036476e-05,-1.1876592034185234e-05,-1.1933027523898426e-05,-1.2260742727238315e-05,-2.7553490940106715e-06,-2.4183784663313144e-06,-2.319582781160201e-06,-2.1131523702044117e-06,-2.1522313957524697e-06,-2.3325787564533616e-06,-2.115565396942699e-06,-2.0079648245460054e-06,-2.4669138100420467e-06,-5.836961405009833e-07,-1.0711329342752235e-07,-2.0113253741197265e-06,-1.5962836247044017e-06,-1.6390460392199505e-06,-1.826830354080393e-06,-1.1025374418871129e-06,-1.0249734440362803e-06,-1.2368699789103674e-06,-1.1699386857080584e-06,2.88785158465303e-07,-4.2189162481092736e-07,6.881461167827099e-07,-2.6389992145334734e-07,8.487188815474478e-08,-3.290696907563338e-08,-3.5216061661650177e-07,-3.841887291420134e-07,6.918376306614468e-08,-1.0613693938048219e-05,-1.0911149814850732e-05,-1.2100308085964762e-05,-1.194598222751853e-05,-1.1924263548836556e-05,-1.1890859953548726e-05,-1.1931741343257947e-05,-1.192649581427508e-05,-1.2023398395125801e-05,-1.19311655530875e-05,-1.1994606585743624e-05,-1.205789820631506e-05,-1.2111021464510794e-05,-1.2024576435354648e-05,-1.1948845791370705e-05,-1.1823069145399172e-05,-1.1929904681905063e-05,-1.2065926337645117e-05,-1.2409110077764348e-05,-1.0930715320150563e-05,-1.14084086196956e-05,-1.1298899627880325e-05,-1.1226131340917164e-05,-1.094576093013388e-05,-1.0878872490445753e-05,-1.0952105119681734e-05,-1.1025535335254926e-05,-1.1006620254266018e-05,-1.1590871549100921e-05,-1.1230871543561632e-05,-1.1094824146952318e-05,-1.1098374805068829e-05,-1.1039161746139306e-05,-1.1199894061152326e-05,-1.1020615809348084e-05,-1.1113080606817187e-05,-1.1132921352473222e-05,-1.1560582455189598e-05,-1.015618766356242e-05,-1.0475023129830645e-05,-1.1071922970125591e-05,-1.0983697938289678e-05,-1.0973939560373501e-05,-1.075059639168887e-05,-1.0853954178573857e-05,-1.0922655983409168e-05,-1.1000168643325224e-05,-1.1099831536943611e-05,-1.1053368405110038e-05,-1.0897124060983503e-05,-1.1036468302110216e-05,-1.0963350859669074e-05,-1.0856255613610779e-05,-1.090368510656958e-05,-1.0844672222444569e-05,-1.0890328040088107e-05,-1.1361829869655974e-05,-9.748939142069703e-06,-1.0097410761372898e-05,-1.0260051927215716e-05,-1.0383319197943919e-05,-1.0265533581937814e-05,-1.015702704598622e-05,-9.711685129771681e-06,-9.810895760631312e-06,-9.92830849354252e-06,-1.0429114792821642e-05
1.5700119733810425,-1.1494923537468836e-05,-1.1728318875108163e-05,-1.2452748760362718e-05,-1.2430121242051068e-05,-1.2389634018390097e-05,-1.190785122811899e-05,-1.1827510236266785e-05,-1.19763850701873e-05,-1.1988003405662059e-05,-1.2396975774474514e-05,-9.851074237664923e-06,-9.956325200772172e-06,-9.882109385373519e-06,-9.86559036228171e-06,-9.482337435970413e-06,-9.63246868315746e-06,-9.458585084813297e-06,-9.939542441623272e-06,-1.0151013605037773e-05,-8.631029008595208e-06,-8.96685970403652e-06,-9.880725130583128e-06,-9.90721464210595e-06,-9.79749799769174e-06,-9.806540664399546e-06,-9.571688738689179e-06,-9.7087712346109e-06,-9.678698421522843e-06,-9.891845761317647e-06,-9.015403963579062e-06,-8.898374899043167e-06,-8.727596598636226e-06,-8.514640589715992e-06,-8.353243541920032e-06,-8.32733600412843e-06,-8.392292943897882e-06,-8.654366270260067e-06,-9.106637369632198e-06,-7.004715064807587e-06,-7.61758416650063e-06,-8.494921789630524e-06,-8.43998545389508e-06,-8.322830345382063e-06,-8.19256119870627e-06,-8.18860724300409e-06,-8.173650503731398e-06,-8.245719185504942e-06,-8.452257880676103e-06,-7.763512965124725e-06,-8.117294681289541e-06,-7.940056141717474e-06,-7.715803486286341e-06,-7.624685842242998e-06,-7.572161023306584e-06,-7.536111151616015e-06,-7.702126887897094e-06,-8.100550892953874e-06,-6.313815681640416e-06,-6.296964867372093e-06,-7.339014969448596e-06,-7.401200954973708e-06,-7.303559366708918e-06,-7.155340421641402e-06,-7.206424758525526e-06,-7.145422493476946e-06,-7.1577212363421815e-06,-7.459895745228333e-06,-6.093565228065854e-06,-6.003514176353733e-06,-5.931636609749152e-06,-5.90802806233091e-06,-5.89556142860054e-06,-5.800586896378757e-06,-5.948245653981494e-06,-5.8724645348852074e-06,-6.284351230269661e-06,-4.592375061275284e-06,-4.930319096463072e-06,-5.698775071588523e-06,-5.4873504286835475e-06,-5.638858380964696e-06,-5.639339835882442e-06,-5.387614267060205e-06,-5.374252095546004e-06,-5.289901352140935e-06,-5.684068982232686e-06,-4.202860704467852e-06,-4.463727229853414e-06,-4.204161049776611e-06,-4.3085842066610374e-06,-4.420732644201455e-06,-4.299240558727771e-06,-4.138155421241426e-06,-4.1343183060770805e-06,-4.271927195584945e-06,-2.84264982731498e-06,-2.626749364939455e-06,-3.5901416619763228e-06,-3.651261342777692e-06,-3.6932835275473924e-06,-3.7537281935984917e-06,-3.3929169911682212e-06,-3.132980804071297e-06,-3.4460565710883164e-06,-3.471750488425824e-06,-1.2107729221713038e-05,-1.218385633260505e-05,-1.220084731956784e-05,-1.2156578632789466e-05,-1.2110107447946517e-05,-1.1989758386491264e-05,-1.1962515343376747e-05,-1.2060397515296672e-05,-1.2418621976072095e-05,-2.736617075181349e-06,-2.587005678510326e-06,-2.4191035247827117e-06,-2.4407193118895223e-06,-2.4871347727836594e-06,-2.425697213817512e-06,-2.2467155572246963e-06,-2.532428061201502e-06,-2.747757478929963e-06,-4.3835406113148875e-07,-5.16003334599473e-07,-2.4307433589164314e-06,-1.4833078123523784e-06,-1.8661383870826065e-06,-1.6034928656434476e-06,-1.2825847560868463e-06,-1.3573762897540787e-06,-1.6410181636948535e-06,-1.4257935788920307e-06,-1.6258091207623078e-07,-7.767645956481802e-07,-6.133995217838755e-07,-6.405191093885702e-08,-6.622599338463297e-07,-4.829067602941356e-07,-7.303551745110759e-07,-4.015851707465544e-07,7.612250917237059e-09,-1.0741024671025752e-05,-1.117390901314547e-05,-1.2081349144835498e-05,-1.2049910771443104e-05,-1.2221193679169752e-05,-1.2234389541659944e-05,-1.1842385438819536e-05,-1.1999415095164057e-05,-1.1964316053794914e-05,-1.2083062566384168e-05,-1.2095250796076081e-05,-1.2246459852285981e-05,-1.2105429512320982e-05,-1.2088136249899082e-05,-1.203837612974437e-05,-1.2179203131222602e-05,-1.208384572154607e-05,-1.2129937408322134e-05,-1.252031135197868e-05,-1.1127130232105072e-05,-1.1367254721901213e-05,-1.1429005341606889e-05,-1.1289280308179639e-05,-1.1056567750692482e-05,-1.0918192746765772e-05,-1.0973251028071778e-05,-1.1197523744124484e-05,-1.1039627238842038e-05,-1.1590727745362047e-05,-1.1336201454921522e-05,-1.1230883479271958e-05,-1.1077646215128994e-05,-1.12104104285761e-05,-1.1285500570707102e-05,-1.1175351508450104e-05,-1.1278737193260432e-05,-1.1097425987999746e-05,-1.1670873883148082e-05,-1.0189435087989834e-05,-1.0699169010985664e-05,-1.1261192561902983e-05,-1.098957562850863e-05,-1.1146217014758192e-05,-1.0802276579365014e-05,-1.09740952998227e-05,-1.0966654031550983e-05,-1.110558354269479e-05,-1.1260490799657284e-05,-1.1112772579208522e-05,-1.123929642940724e-05,-1.1032990696293053e-05,-1.105213313099312e-05,-1.0948088537451275e-05,-1.0958738642352202e-05,-1.0863365414264393e-05,-1.0980946397550083e-05,-1.1385563813934512e-05,-9.691747604199387e-06,-1.0177607374271277e-05,-1.0420094415693364e-05,-1.0267452355225596e-05,-1.0218410678550292e-05,-1.0181148253733545e-05,-1.0070609051932985e-05,-1.0036521094651858e-05,-1.0225332383913461e-05,-1.0583448560473514e-05
1.5800080299377441,-1.1427439031283083e-05,-1.1619796952156511e-05,-1.245893016407817e-05,-1.2320016327541902e-05,-1.2290539437147735e-05,-1.1788082558553828e-05,-1.1719320068540713e-05,-1.1719338187811811e-05,-1.2038328962118019e-05,-1.2490335750218102e-05,-9.86944099499751e-06,-9.85680352242536e-06,-9.819389240860364e-06,-9.606395339654936e-06,-9.606121393532385e-06,-9.629233530444035e-06,-9.54548352715811e-06,-9.688722980159673e-06,-1.0249624718110043e-05,-8.538373814975837e-06,-8.796386770869074e-06,-9.698800602376147e-06,-9.75811950085748e-06,-9.70954187884752e-06,-9.600143759714915e-06,-9.592535966713582e-06,-9.618074935522455e-06,-9.636843049090235e-06,-9.879752873504607e-06,-8.842140015545701e-06,-8.902383715871726e-06,-8.698744032174374e-06,-8.426482498520523e-06,-8.26363655615355e-06,-8.192857506310219e-06,-8.27421727575047e-06,-8.71073539454777e-06,-8.984087823364711e-06,-7.092593026319731e-06,-7.438987832026123e-06,-8.380748883054252e-06,-8.376743445613556e-06,-8.264017779865302e-06,-8.160527477834943e-06,-8.10091004279171e-06,-7.994871610410393e-06,-8.232767789370832e-06,-8.423375187330958e-06,-7.744408926022939e-06,-7.951088045545107e-06,-7.9006920252571e-06,-7.640826158188484e-06,-7.53783550224884e-06,-7.530114535705014e-06,-7.500438908543725e-06,-7.710628061626174e-06,-8.081693764871732e-06,-5.958266581573917e-06,-6.466642458010768e-06,-7.2415336504507815e-06,-7.308678564107185e-06,-7.081200462715003e-06,-7.080173344510104e-06,-7.112473677513301e-06,-7.024411791019138e-06,-7.139262372714848e-06,-7.421971679409032e-06,-6.057220343004987e-06,-5.836539916251196e-06,-5.806338255013109e-06,-5.7714274527381515e-06,-5.715586735288937e-06,-5.9163280546293064e-06,-5.882820776845748e-06,-5.786849540909837e-06,-6.205841003817045e-06,-4.6478466345268115e-06,-4.7594491211725985e-06,-5.581140593311973e-06,-5.190621983094122e-06,-5.6044680044207186e-06,-5.298045820695741e-06,-5.4243252045383736e-06,-5.373564641772323e-06,-5.469049317757757e-06,-5.53679281447722e-06,-4.210561035175149e-06,-4.295241951964671e-06,-4.24215291905879e-06,-4.105995296883629e-06,-4.095349577996738e-06,-4.152001204729456e-06,-4.307846421578749e-06,-4.113538378202469e-06,-4.290994708537059e-06,-2.791834403422549e-06,-2.889441550691878e-06,-3.596195583677264e-06,-3.137017806432676e-06,-3.77957389578238e-06,-3.6623558012317363e-06,-3.416015251019073e-06,-3.2643706132841262e-06,-3.166975145118418e-06,-3.367831651253624e-06,-1.1945597121105828e-05,-1.2051973348469758e-05,-1.2108247777995414e-05,-1.207524769599886e-05,-1.2037464701647392e-05,-1.1952756965460572e-05,-1.1950454523797478e-05,-1.1972736337920879e-05,-1.2340829042668978e-05,-2.582645621049569e-06,-2.4491376546650115e-06,-2.4176234248003625e-06,-2.2460647015025575e-06,-2.431169952707798e-06,-2.38849547417857e-06,-1.912295432657989e-06,-2.093084198935351e-06,-2.5472600507307225e-06,-5.894546893222792e-07,-3.140978520910585e-07,-2.1347619018485814e-06,-1.5357623831623523e-06,-2.0918103135145455e-06,-1.1731025836688706e-06,-1.386984976274923e-06,-1.2945899955210422e-06,-1.4816597496030253e-06,-1.5914602315969962e-06,-6.292013237280549e-07,-1.7861589178299262e-07,-3.7501958704586876e-07,-5.220563215761112e-07,6.991291992409963e-08,1.0568280573508408e-07,5.985461054975629e-07,1.8535511020153228e-07,-2.23033415431099e-07,-1.0639852269560416e-05,-1.107376567123551e-05,-1.2227587624811257e-05,-1.2028460430537868e-05,-1.1912811306680195e-05,-1.225662994030655e-05,-1.1975877586792817e-05,-1.1896348654654026e-05,-1.1887160458562481e-05,-1.208592656164756e-05,-1.2126109928008294e-05,-1.2073235881692028e-05,-1.2189484379533321e-05,-1.2006438901181827e-05,-1.201965921030763e-05,-1.201253948719603e-05,-1.2020708114778968e-05,-1.2083809051592657e-05,-1.260586393513138e-05,-1.1028174133863245e-05,-1.1373443459607348e-05,-1.1578717257091384e-05,-1.1258802256155438e-05,-1.1005727233047616e-05,-1.0795977256583686e-05,-1.0774717455632456e-05,-1.110788497773171e-05,-1.0971932491590052e-05,-1.1808685464025889e-05,-1.1221042558009667e-05,-1.1127381025825664e-05,-1.1006168135311002e-05,-1.114729439236983e-05,-1.1090522114300196e-05,-1.102199819468987e-05,-1.110982963569249e-05,-1.1061936231872086e-05,-1.1562472611533344e-05,-1.01844967237932e-05,-1.0721582693137613e-05,-1.11008255083867e-05,-1.090602249254122e-05,-1.098951796320934e-05,-1.0812775402732647e-05,-1.0897349689049795e-05,-1.0980961065531448e-05,-1.0998348231794832e-05,-1.1253133800376546e-05,-1.110308150144214e-05,-1.1124811540619484e-05,-1.0998463562393409e-05,-1.0926828736500045e-05,-1.0888528192492375e-05,-1.0812383825151696e-05,-1.084364100583311e-05,-1.0954228381886194e-05,-1.1347990197826845e-05,-9.836724062562798e-06,-1.0194072902372223e-05,-1.0373221011792786e-05,-1.0302843605792126e-05,-1.0242546122867765e-05,-1.0040511073190623e-05,-9.897837919312742e-06,-9.949252645286926e-06,-1.0200075989451474e-05,-1.0524983712397347e-05
1.5900040864944458,-1.1208387972792593e-05,-1.179901667583903e-05,-1.2407870058124046e-05,-1.2548059290020378e-05,-1.2415940467753332e-05,-1.186248373697189e-05,-1.1760217995679904e-05,-1.18471922225951e-05,-1.198551905226929e-05,-1.2615579459533373e-05,-9.858850424844477e-06,-9.85189118670546e-06,-9.738198225107678e-06,-9.738618275828925e-06,-9.681531642786117e-06,-9.642383807149008e-06,-9.673535723493567e-06,-9.837353203920366e-06,-1.02772452460391e-05,-8.679477710553269e-06,-8.775590233662623e-06,-9.788588205638654e-06,-9.803394813807963e-06,-9.779662019959335e-06,-9.70200009176233e-06,-9.698749408245108e-06,-9.712873380065987e-06,-9.699374810705466e-06,-9.870332434374782e-06,-8.909964186162672e-06,-8.956758929418088e-06,-8.734659806878445e-06,-8.59795558669183e-06,-8.371164507662113e-06,-8.28360916983813e-06,-8.268935939636624e-06,-8.634543068660177e-06,-9.048327110575318e-06,-7.191080827685918e-06,-7.3771172800022295e-06,-8.452611853579337e-06,-8.45829296408725e-06,-8.31941126768662e-06,-8.272930160385689e-06,-8.103205438071599e-06,-8.068254586455366e-06,-8.147312992760565e-06,-8.538108712783223e-06,-7.915122011434301e-06,-7.914832894017297e-06,-7.917323215265228e-06,-7.786086772739908e-06,-7.60839654562404e-06,-7.5508513943598345e-06,-7.578524338751711e-06,-7.750667049033079e-06,-8.07895365652938e-06,-6.191845448734979e-06,-6.5246444018515025e-06,-7.345654603777966e-06,-7.327598318717607e-06,-7.387016657484371e-06,-7.233496028073958e-06,-7.30499064532192e-06,-7.114903888798384e-06,-6.999594429371931e-06,-7.443867955708514e-06,-6.231454391060784e-06,-5.9828180860588835e-06,-6.001904149693312e-06,-5.940716305919718e-06,-5.853338925222589e-06,-5.896799650694105e-06,-5.832486232656107e-06,-6.009644673545624e-06,-6.38528844072007e-06,-4.636383966599383e-06,-4.803213919649961e-06,-5.705032116070622e-06,-5.587486508504695e-06,-5.3670520580462465e-06,-5.4274395621111435e-06,-5.195393822561142e-06,-5.263496253412831e-06,-5.233448462175339e-06,-5.512773994991973e-06,-4.214968116458517e-06,-4.1563026621666224e-06,-4.219658491107465e-06,-4.259873709996358e-06,-4.192240870253957e-06,-4.12873375977982e-06,-4.195809863347175e-06,-4.233362843618314e-06,-4.3077947241346244e-06,-2.829115450823479e-06,-2.731616228260174e-06,-3.4976999450073083e-06,-3.249713632905114e-06,-3.5059171063521143e-06,-3.620228064517703e-06,-3.4424004329293427e-06,-3.3788311992400122e-06,-3.2040922562570332e-06,-3.4500686954028703e-06,-1.2103384766957949e-05,-1.2134627279657997e-05,-1.2202150900460722e-05,-1.2278361561325022e-05,-1.1881575696559614e-05,-1.1925269312186233e-05,-1.1862360928578894e-05,-1.2051105780513137e-05,-1.2523046355288303e-05,-2.4877355848046705e-06,-2.0300917620426403e-06,-2.40439419984275e-06,-2.5198857148026157e-06,-2.2401441577694214e-06,-2.2627079710247517e-06,-1.9983725399482278e-06,-2.2821380851044334e-06,-2.6342743988890657e-06,-5.725632864486598e-07,-1.9624889053797945e-07,-1.8558388756970515e-06,-2.045974237884327e-06,-1.9815008381868337e-06,-1.4630590954891628e-06,-1.5990163271542035e-06,-1.2028818933258877e-06,-1.3960192304640048e-06,-1.510924313776747e-06,-4.4969046937618677e-07,1.2015844959937753e-07,-1.4300009167821056e-07,-5.291155752155123e-07,-1.5577547203594026e-07,1.8548460546838722e-07,-5.221409500764378e-07,-2.1033763044283544e-07,2.047398542015992e-08,-1.0758575629747711e-05,-1.1138462973354428e-05,-1.2376875750677293e-05,-1.2182231925570743e-05,-1.1694748611286978e-05,-1.209623067475276e-05,-1.1954229659550369e-05,-1.1943963510632232e-05,-1.2263495130800342e-05,-1.2181426624633055e-05,-1.225694630853207e-05,-1.2166699683735082e-05,-1.2253035134442206e-05,-1.2172692273141392e-05,-1.195356097216461e-05,-1.2055727057465557e-05,-1.2167301358578526e-05,-1.2142145339126273e-05,-1.2690309373298496e-05,-1.1190728442247783e-05,-1.1489604380971669e-05,-1.1777493282634445e-05,-1.14078115465718e-05,-1.114883941974028e-05,-1.0879447993008723e-05,-1.09930880348306e-05,-1.1192021525467729e-05,-1.1094941634606977e-05,-1.1782790293355829e-05,-1.1245501560739604e-05,-1.1142250476228862e-05,-1.1113705865473809e-05,-1.1251224374331792e-05,-1.116362172507772e-05,-1.1017907409730153e-05,-1.11524474555486e-05,-1.1200917943773102e-05,-1.1669781549947602e-05,-1.0274622697253275e-05,-1.0817583336938124e-05,-1.1186007940715542e-05,-1.1185789359032456e-05,-1.1144402499181095e-05,-1.0841782917723133e-05,-1.1006594944807977e-05,-1.1037976947134731e-05,-1.1156297369245706e-05,-1.126957286858954e-05,-1.1264661395692076e-05,-1.1203938253700649e-05,-1.1040693399762041e-05,-1.1007951445476765e-05,-1.0941153026929174e-05,-1.0882238216954074e-05,-1.0946158547471863e-05,-1.1133687251186458e-05,-1.1421394241119562e-05,-9.809746193542762e-06,-1.0240958961001824e-05,-1.0505802019276568e-05,-1.0367961677650987e-05,-1.0197959054611525e-05,-1.0096166283816692e-05,-1.0026101075733126e-05,-1.0159317120527772e-05,-1.0095175619859598e-05,-1.0595871765474744e-05
1.6000001430511475,-1.1097440080766156e-05,-1.1615477950663201e-05,-1.2336787438587956e-05,-1.2423658845829858e-05,-1.2289799566911233e-05,-1.1876082825145884e-05,-1.1828013836960318e-05,-1.1945693613414612e-05,-1.2072332794211905e-05,-1.2524411771788901e-05,-9.816102462604684e-06,-9.758830035131251e-06,-9.742920452284786e-06,-9.780920446478213e-06,-9.655849876864544e-06,-9.597362020190159e-06,-9.546327367497815e-06,-9.76459210714415e-06,-1.023525498569943e-05,-8.603292862460098e-06,-8.95361868717232e-06,-9.737305779104231e-06,-9.749976326536325e-06,-9.724144860922584e-06,-9.714144748921364e-06,-9.67892721327139e-06,-9.602377894602045e-06,-9.72393476366009e-06,-9.886958303644573e-06,-8.834277977534043e-06,-8.791392682723628e-06,-8.67206592204802e-06,-8.375837625862396e-06,-8.128382668575337e-06,-8.199682287953387e-06,-8.202002417476362e-06,-8.708467537683873e-06,-9.071441116935576e-06,-7.155349768884429e-06,-7.379026993654462e-06,-8.39999456883883e-06,-8.302573072196384e-06,-8.366226646778564e-06,-8.105188491630657e-06,-8.095379350994658e-06,-8.13248280077808e-06,-8.11676411739497e-06,-8.394416925121036e-06,-7.794912008194537e-06,-7.744520445822434e-06,-7.773695420266838e-06,-7.669190151447514e-06,-7.608773167616148e-06,-7.53872852346724e-06,-7.53151726927585e-06,-7.651119054602052e-06,-7.98612208762428e-06,-5.923615884311646e-06,-6.298224372419012e-06,-7.171532147423536e-06,-7.12405505542717e-06,-7.047307359500048e-06,-7.084835174116885e-06,-6.995269388121589e-06,-7.042150845031544e-06,-6.957501205555227e-06,-7.405197764190072e-06,-6.15062295655715e-06,-5.943646163295514e-06,-5.774301658067004e-06,-5.754095003797409e-06,-5.729050072733435e-06,-5.8898754287655055e-06,-5.845891904801317e-06,-5.702895983431534e-06,-6.18534206844819e-06,-4.711443406632135e-06,-4.7231209892473094e-06,-5.636768049816439e-06,-5.491128081001869e-06,-5.741579548697693e-06,-5.679530823841335e-06,-5.573726216339425e-06,-5.547582840416071e-06,-5.457795021447955e-06,-5.573431993889691e-06,-4.260555914933571e-06,-4.234258237598406e-06,-4.3999519254062796e-06,-4.692261138296402e-06,-4.452730126530587e-06,-4.249670043802762e-06,-4.062460440584725e-06,-4.290098739342012e-06,-4.363433325428854e-06,-2.6664923323498893e-06,-2.6766440853937522e-06,-3.4354954807017516e-06,-3.3365506710534264e-06,-3.606523927712463e-06,-3.647168328860022e-06,-3.5149732187095047e-06,-3.370814931718412e-06,-3.1422918804577092e-06,-3.3644021477871136e-06,-1.2035939806800384e-05,-1.2144008316563371e-05,-1.2267906741901486e-05,-1.2199687398610092e-05,-1.1983426420261213e-05,-1.199235922091252e-05,-1.1876699311774432e-05,-1.2132493375976862e-05,-1.2400419298805564e-05,-2.6952388435543213e-06,-2.3146068841877205e-06,-2.6097217799251227e-06,-2.4158519784430568e-06,-2.211953448015733e-06,-2.3135277809312186e-06,-2.114049993142456e-06,-2.182031053638538e-06,-2.569193212689226e-06,-3.5012205481423943e-07,-1.1418095958564786e-07,-2.2292999897228853e-06,-1.7576315635235364e-06,-1.8119652177893624e-06,-1.9823420900592403e-06,-1.3652363864152631e-06,-8.21865187055933e-07,-1.3535060278279228e-06,-1.0648641697884067e-06,-1.6092407729880676e-07,1.50166335299333e-08,-1.4440030868361594e-07,2.432708437008129e-07,-5.188120373252689e-07,9.985321786678502e-08,-3.7015290901306266e-07,-9.264217938100344e-08,-1.8143940629389267e-07,-1.0797764880861615e-05,-1.1146463925777837e-05,-1.2225039710165907e-05,-1.2052435533686496e-05,-1.2107249923851374e-05,-1.199326748532724e-05,-1.1990800675990614e-05,-1.1894897674928799e-05,-1.1719130966624096e-05,-1.1994398214125998e-05,-1.2186817251588445e-05,-1.2168412386265059e-05,-1.215072970331829e-05,-1.197776055294962e-05,-1.1984060882357118e-05,-1.2026511458464922e-05,-1.2070997720300208e-05,-1.200660542591144e-05,-1.2613817144713484e-05,-1.1107643387450403e-05,-1.1456263627917724e-05,-1.1681088550327702e-05,-1.130741913658611e-05,-1.0968136360491286e-05,-1.0856846934585024e-05,-1.0945191323524204e-05,-1.1144706212677594e-05,-1.0999408496761542e-05,-1.1710896764536233e-05,-1.1172797554047721e-05,-1.1103152828096619e-05,-1.0973747726185845e-05,-1.106523753430539e-05,-1.1084128743873646e-05,-1.1092827863449283e-05,-1.1178486573761274e-05,-1.0975309434790005e-05,-1.1561673925567644e-05,-1.0151872113358843e-05,-1.055080065383346e-05,-1.107404767036744e-05,-1.1061936663283302e-05,-1.1026306986117718e-05,-1.0879914492337628e-05,-1.0989491790928867e-05,-1.1036066370660067e-05,-1.0970914361118833e-05,-1.1190036314852588e-05,-1.10849487127927e-05,-1.1180713949872676e-05,-1.1028365105228467e-05,-1.093081526374908e-05,-1.0847560808147306e-05,-1.089412460259809e-05,-1.0823144802735294e-05,-1.0956942102242464e-05,-1.1357626630172457e-05,-9.684484580662003e-06,-1.0038934984212579e-05,-1.0266917836728203e-05,-1.0188640428528824e-05,-1.0144306023441786e-05,-1.0004452717079461e-05,-9.847647250763844e-06,-1.0083424697337599e-05,-1.0126511748793651e-05,-1.0605847862251573e-05
1.6100106239318848,-1.1459220232788952e-05,-1.1587233745918654e-05,-1.2343422399295812e-05,-1.2327018419195103e-05,-1.2275547897370235e-05,-1.2036959375308994e-05,-1.179540360689985e-05,-1.1823107397193713e-05,-1.216115748763892e-05,-1.2608819101965219e-05,-9.802372369224578e-06,-9.796292634752509e-06,-9.74177922581309e-06,-9.569654203391605e-06,-9.481853536389106e-06,-9.485479835272263e-06,-9.608629905953282e-06,-9.788536867703876e-06,-1.0125857297978042e-05,-8.53851625257919e-06,-8.671419955653003e-06,-9.679583533535606e-06,-9.705276947560028e-06,-9.648378409807663e-06,-9.618617075618005e-06,-9.487832608243963e-06,-9.55640729057411e-06,-9.584686871038422e-06,-9.858767737694625e-06,-8.853838305899275e-06,-8.824129891485521e-06,-8.660735553560355e-06,-8.588963179390759e-06,-8.235921621069923e-06,-8.213281232323642e-06,-8.234439364031491e-06,-8.667562779867084e-06,-8.987794939949115e-06,-6.937776006203379e-06,-7.4277700618659955e-06,-8.37734138155979e-06,-8.441227990100812e-06,-8.46463032295751e-06,-8.229632795961534e-06,-8.216089719343829e-06,-8.201000321122027e-06,-8.234076762903923e-06,-8.406908005487013e-06,-7.668641324478105e-06,-7.861095306249099e-06,-7.774016030702655e-06,-7.67006217732004e-06,-7.5867947074798995e-06,-7.545229243384859e-06,-7.5544984009813905e-06,-7.693884920407333e-06,-8.075228204968268e-06,-5.946329181553535e-06,-6.2811207152268165e-06,-7.257454953301964e-06,-7.2782908208309965e-06,-7.058142252205427e-06,-7.172503182170275e-06,-7.030539340234383e-06,-7.054963686263251e-06,-7.052321220659592e-06,-7.38064119062331e-06,-5.936547076020445e-06,-5.957320460824937e-06,-5.869958898539086e-06,-5.819465954531078e-06,-5.727196298735624e-06,-5.76164815137797e-06,-5.777326641616066e-06,-5.79782550508305e-06,-6.32218232697178e-06,-4.399124262987197e-06,-4.670506940090926e-06,-5.565765960374115e-06,-5.315488782809807e-06,-5.573233832337525e-06,-5.501826503959057e-06,-5.444893021898148e-06,-5.157766999070091e-06,-5.245810694391287e-06,-5.423498908254809e-06,-4.1930146781728324e-06,-4.304629675743902e-06,-4.172804069300418e-06,-4.32231358102245e-06,-4.089013657163867e-06,-4.1701094029395485e-06,-4.0587148565001716e-06,-4.260779529747518e-06,-4.369457479755847e-06,-2.8257490052964646e-06,-2.6531262062328693e-06,-3.3642553241697245e-06,-3.1028579472821132e-06,-3.793375315816968e-06,-3.7648455887488865e-06,-3.3075381229320802e-06,-3.234152414616069e-06,-3.4516856965446266e-06,-3.138885385589419e-06,-1.2003027301280804e-05,-1.2080955266394725e-05,-1.2179303793839814e-05,-1.1992006326537325e-05,-1.2040728471304852e-05,-1.1989875730342184e-05,-1.1970735165090722e-05,-1.2099224956203571e-05,-1.2340945379893727e-05,-2.5167260590521003e-06,-1.7952294105612035e-06,-2.3126935754420165e-06,-2.4945285858215485e-06,-2.357442854315703e-06,-2.09976100653122e-06,-1.8562850267969047e-06,-2.2653761774976685e-06,-2.455027064888682e-06,-1.5241254970052791e-07,-6.478013307250944e-08,-1.6966103163814258e-06,-1.5181768396411934e-06,-1.6498774087337267e-06,-2.0635581995643583e-06,-1.1367681243790712e-06,-1.1416470257296814e-06,-1.1172995427992411e-06,-1.7529524774680898e-06,-5.852943033529472e-07,9.307596335931344e-08,-3.5997642172611355e-07,-1.4694455633362486e-07,-1.3799665628973613e-07,2.56516965597743e-07,1.0949705610494895e-07,-9.835714847923386e-07,6.961826606314908e-08,-1.0717796484496829e-05,-1.121451775096579e-05,-1.2237150142035088e-05,-1.2030497985713956e-05,-1.2078591995750088e-05,-1.2027298496327773e-05,-1.1873373706509258e-05,-1.1980088160267017e-05,-1.2155480116028217e-05,-1.2123959486897188e-05,-1.2143301089775594e-05,-1.222753226037179e-05,-1.2130582799502196e-05,-1.198354405171961e-05,-1.1990105672520642e-05,-1.198547821200745e-05,-1.1940129127738925e-05,-1.2004537671950188e-05,-1.2640404442778741e-05,-1.1036880156018347e-05,-1.1421313279614577e-05,-1.1537442995567561e-05,-1.1429537559244458e-05,-1.1250564315170365e-05,-1.0812028486112941e-05,-1.0796737834558585e-05,-1.1151434933423196e-05,-1.0974253915346679e-05,-1.1803661105193408e-05,-1.1170141498990738e-05,-1.115257500946498e-05,-1.1004224915387613e-05,-1.1044049635223596e-05,-1.1172201918961309e-05,-1.103288658238611e-05,-1.1194963174750113e-05,-1.1015519980057385e-05,-1.1695139182241757e-05,-1.0188168608461582e-05,-1.065967374551544e-05,-1.1056530217916636e-05,-1.1159326595005064e-05,-1.1072153199911528e-05,-1.0780186887036749e-05,-1.0925462313373275e-05,-1.0965076935946764e-05,-1.0935141024018116e-05,-1.1109749824617413e-05,-1.1008007672738664e-05,-1.0978890723102896e-05,-1.0903014262127738e-05,-1.0856299617554875e-05,-1.0793365924489494e-05,-1.0906005379896293e-05,-1.0740319888901535e-05,-1.0954260306316223e-05,-1.1359138870290444e-05,-9.853388758842083e-06,-1.0205187205742232e-05,-1.0402336954802381e-05,-1.0250781187778058e-05,-1.0194955138310211e-05,-1.013538055678116e-05,-9.995708299326077e-06,-1.0052214540478795e-05,-1.0177046252082196e-05,-1.048996822100049e-05
1.6200066804885864,-1.1437593444696117e-05,-1.1729531428234337e-05,-1.237758671636228e-05,-1.2335876441902195e-05,-1.2277942804837425e-05,-1.219799324676243e-05,-1.1804181674728129e-05,-1.1865534389488341e-05,-1.218318419392956e-05,-1.2514658714611065e-05,-9.77214884981818e-06,-9.712873236262249e-06,-9.76654395529187e-06,-9.668743895306844e-06,-9.69211976827559e-06,-9.662155958421599e-06,-9.73502361376832e-06,-9.846261270328587e-06,-1.0189372677167164e-05,-8.465918660654073e-06,-8.810038131702149e-06,-9.793336892703715e-06,-9.723953601949885e-06,-9.73662616263432e-06,-9.716458551079828e-06,-9.577859644731692e-06,-9.630662364393478e-06,-9.72333409544282e-06,-9.921026416009735e-06,-8.784148425574165e-06,-8.795141933803521e-06,-8.814252444073558e-06,-8.532064929245874e-06,-8.304805912849865e-06,-8.165030979525227e-06,-8.168222919215119e-06,-8.712029556295756e-06,-8.934581588710977e-06,-6.904777937459169e-06,-7.446693411569889e-06,-8.383714116149812e-06,-8.327550559306827e-06,-8.339160913674078e-06,-8.35843514450082e-06,-8.164711016206234e-06,-8.068841090004357e-06,-8.288251010725208e-06,-8.457067900035792e-06,-7.65008963553733e-06,-7.711835797327098e-06,-7.730806961774167e-06,-7.69801280673168e-06,-7.672480596698535e-06,-7.623016640344031e-06,-7.583469893135288e-06,-7.85143176689871e-06,-7.947441254629161e-06,-6.114325454828241e-06,-6.348701641819483e-06,-7.224452282838111e-06,-7.102211051786767e-06,-7.235243962519958e-06,-7.22381055865339e-06,-7.126306446762964e-06,-7.161972650078221e-06,-7.077338325700093e-06,-7.444348979215045e-06,-6.161463026197129e-06,-5.87276148960598e-06,-5.778538619527286e-06,-5.932647837640905e-06,-5.840951239744861e-06,-5.860551689353238e-06,-5.685745877631682e-06,-5.79152265911012e-06,-6.283494879004673e-06,-4.509586385983721e-06,-4.7158342380930115e-06,-5.407784323278256e-06,-5.709103847034939e-06,-5.518778520108611e-06,-5.538685846895743e-06,-5.3547632376389935e-06,-5.1526340684147615e-06,-5.322784593599654e-06,-5.617511794457055e-06,-4.267077270687718e-06,-4.194640523244529e-06,-4.221941375462072e-06,-4.168516273218446e-06,-4.224120002105997e-06,-4.081372573596986e-06,-4.101273429215868e-06,-4.2366150370747935e-06,-4.5056258512604884e-06,-2.65410090797495e-06,-2.6571670193933287e-06,-3.5297187821916624e-06,-3.440654583637556e-06,-3.7668705610978252e-06,-3.7437853154853417e-06,-3.3396617930420727e-06,-3.1257442404218656e-06,-3.023810254355459e-06,-3.3949617365312555e-06,-1.2153902301405305e-05,-1.2112692176349019e-05,-1.2077871826625812e-05,-1.2271136861484048e-05,-1.201915000126828e-05,-1.1985560180138609e-05,-1.2027658437086172e-05,-1.2076575579723612e-05,-1.2447445709884303e-05,-2.5760594817110597e-06,-2.1146413141167014e-06,-2.004589103677834e-06,-2.5520072997583945e-06,-2.372787000860919e-06,-2.224508736751118e-06,-2.237978401560126e-06,-2.2012310817360223e-06,-2.6353346638557752e-06,-7.504103315417686e-07,-5.519825986542562e-07,-2.1237658770537956e-06,-1.8426284171273618e-06,-2.0340202644830398e-06,-2.059084249542414e-06,-1.2727856098106996e-06,-1.1789533825886533e-06,-9.700563060999773e-07,-1.358425266127287e-06,-4.761607830998689e-07,5.407380090968285e-07,-2.543501308604063e-07,-4.0579229293101996e-07,-1.6893344224094134e-07,-4.369181807988427e-07,-6.856422060814552e-07,-6.885530813637204e-07,3.998520480856563e-08,-1.0681686790450887e-05,-1.1181458997043776e-05,-1.219078192066917e-05,-1.1938434832087526e-05,-1.2019485351587332e-05,-1.2010753876170445e-05,-1.1840132321838875e-05,-1.1880545486574328e-05,-1.1934410915866385e-05,-1.2164192321744092e-05,-1.2225782600280925e-05,-1.2122799134528221e-05,-1.211443105115947e-05,-1.2096569763969021e-05,-1.1967045161151244e-05,-1.2019478880419082e-05,-1.189581097247438e-05,-1.214930201979876e-05,-1.2647986926322031e-05,-1.1048275451894116e-05,-1.14150507705904e-05,-1.1637571813299897e-05,-1.1295754064896219e-05,-1.1137280043798459e-05,-1.0850185370185476e-05,-1.0867241068830758e-05,-1.1090416706159603e-05,-1.098872963111284e-05,-1.175577848665342e-05,-1.1231903335388043e-05,-1.1071820438059775e-05,-1.1009977208746267e-05,-1.1138996629029384e-05,-1.1138244823082557e-05,-1.1127730181303649e-05,-1.1293183429260125e-05,-1.1163719511620153e-05,-1.1675857257914983e-05,-1.0207209086310788e-05,-1.0574696808729448e-05,-1.1114245848513275e-05,-1.0956293834987623e-05,-1.1129179866795226e-05,-1.0840837551943783e-05,-1.0912700019155782e-05,-1.1018079111394366e-05,-1.1009213898500331e-05,-1.1165020504045736e-05,-1.1072744233278295e-05,-1.102377920399581e-05,-1.1021559593286307e-05,-1.0952168824738055e-05,-1.0877890023301774e-05,-1.0813497585109266e-05,-1.0803744527931428e-05,-1.0990839231962107e-05,-1.1363184500876155e-05,-9.829463555590843e-06,-1.0171753555472978e-05,-1.0326623279659627e-05,-1.0250241636149808e-05,-1.0111706003446777e-05,-1.018121900517307e-05,-9.991946105909684e-06,-1.0015769208506327e-05,-1.0202973490986024e-05,-1.0543185526841445e-05
1.630002737045288,-1.1475587830543727e-05,-1.1911722712376928e-05,-1.2499369501094096e-05,-1.24831960383868e-05,-1.2418076959901768e-05,-1.2337323395122734e-05,-1.1891701205421132e-05,-1.1969612920712558e-05,-1.2391430270892358e-05,-1.257016480075992e-05,-1.0104779840167702e-05,-9.932424444156541e-06,-9.94064886759016e-06,-9.924759704874615e-06,-9.782806863924746e-06,-9.655956579238788e-06,-9.74116676568923e-06,-9.769654717771169e-06,-1.023745590192288e-05,-8.691969294232333e-06,-8.91120068261137e-06,-9.89374368306329e-06,-9.869079760005461e-06,-9.834704051442849e-06,-9.709335376678497e-06,-9.821092596147312e-06,-9.789187579622276e-06,-9.845106526305438e-06,-1.0011668069677408e-05,-9.009968613660882e-06,-9.01990430158709e-06,-8.83814802375459e-06,-8.502369600972358e-06,-8.278135136714194e-06,-8.304032752047814e-06,-8.318510409164451e-06,-8.727840777384832e-06,-9.2182835726146e-06,-7.176044421141889e-06,-7.70003885760866e-06,-8.533119010651812e-06,-8.640181900868861e-06,-8.461843981713109e-06,-8.308083271960647e-06,-8.163026643012816e-06,-8.22373238475184e-06,-8.326314709974953e-06,-8.491087694344693e-06,-8.024271853411742e-06,-8.058245558622333e-06,-8.05034203323201e-06,-7.868417001711944e-06,-7.702306570668816e-06,-7.663643425533577e-06,-7.689687001662154e-06,-7.875659029903452e-06,-8.065384263827461e-06,-6.079269914090108e-06,-6.675951747916922e-06,-7.395482455493688e-06,-7.307492183261484e-06,-7.432412262262422e-06,-7.344969666569715e-06,-7.38251538475204e-06,-7.402151569589527e-06,-7.26767515692553e-06,-7.5319540012308075e-06,-6.1805990616308155e-06,-5.878289449131993e-06,-6.013395146957298e-06,-5.880292491410754e-06,-5.788042249120048e-06,-5.92411675273414e-06,-5.9503889049056555e-06,-6.1061277788900525e-06,-6.4171139337775106e-06,-4.893916402299177e-06,-4.705416663837842e-06,-5.6223978859946085e-06,-5.683056747714759e-06,-5.736048353587555e-06,-5.690297841181966e-06,-5.602359122590147e-06,-5.474975182229232e-06,-5.378806144250501e-06,-5.5167580775774475e-06,-4.532882627632066e-06,-4.437429121107032e-06,-4.3680635901149525e-06,-4.211428387426161e-06,-4.242108483703477e-06,-4.183783628567103e-06,-4.2875851218883825e-06,-4.279484153964586e-06,-4.6211791299262e-06,-2.72836583235043e-06,-2.687708992179458e-06,-3.5869928634080926e-06,-3.5627755228613325e-06,-3.7653824800079684e-06,-3.564609451943178e-06,-3.537105764551955e-06,-3.1628883866633893e-06,-3.4116367147778707e-06,-3.1660110129511443e-06,-1.2238642824844589e-05,-1.2231343634666878e-05,-1.2238829913508864e-05,-1.2350673702828478e-05,-1.2295490024662174e-05,-1.2194218686224493e-05,-1.21581439364871e-05,-1.2219352128489744e-05,-1.2436205146831564e-05,-2.657633734427841e-06,-1.9966978735071835e-06,-2.5283543169848406e-06,-2.7388430851572316e-06,-2.560068793555871e-06,-2.509846056773204e-06,-2.4412113363820763e-06,-2.5121356280016688e-06,-2.6659751422030327e-06,-4.895241769458501e-07,-5.468268032044461e-07,-2.2770323333557507e-06,-1.6386960928214033e-06,-1.9931045056802273e-06,-2.361163919862778e-06,-1.819464367065976e-06,-1.6204073490171559e-06,-1.4061815530826752e-06,-1.936119613782671e-06,-6.482499264885065e-07,3.5086832431712043e-07,-1.763968562884458e-08,-4.988131794583451e-07,3.3405033325219585e-08,-2.218046124824302e-07,-4.967705911513944e-07,-4.578920999171944e-07,-3.549034572298941e-07,-1.0888279268220385e-05,-1.1260988216790044e-05,-1.2566121902445249e-05,-1.2359625916984534e-05,-1.2125396086248528e-05,-1.2307864911607144e-05,-1.22321956718197e-05,-1.205404901163665e-05,-1.223410811774297e-05,-1.21493428600606e-05,-1.2251538425128015e-05,-1.2141560201712798e-05,-1.2324937435289872e-05,-1.2137720785688631e-05,-1.1978238412773894e-05,-1.2139687589425196e-05,-1.213273726711799e-05,-1.2204347790179484e-05,-1.2730831397464276e-05,-1.1212916640137177e-05,-1.1607411279931126e-05,-1.1747207496209116e-05,-1.1498664447931877e-05,-1.1293981971422089e-05,-1.1048367342483255e-05,-1.108962204669859e-05,-1.1374980577772162e-05,-1.1195225616573557e-05,-1.1969442800889471e-05,-1.1323350146189668e-05,-1.1205239965144925e-05,-1.1164465565417425e-05,-1.1261076799893191e-05,-1.1300321846857777e-05,-1.1226546933722508e-05,-1.1423662169885325e-05,-1.126826022806111e-05,-1.1745110550088872e-05,-1.0185544046423412e-05,-1.0926169971572268e-05,-1.1119020420251332e-05,-1.1136400683935251e-05,-1.1170849157189734e-05,-1.0882123749177931e-05,-1.1037849393218351e-05,-1.1060151915080151e-05,-1.1205238095696322e-05,-1.1349994678142994e-05,-1.1089652101680016e-05,-1.109466668185825e-05,-1.113941567312446e-05,-1.1043530791333743e-05,-1.0935537922337404e-05,-1.0921087659833022e-05,-1.092123448345041e-05,-1.1052729916509442e-05,-1.1459295154536903e-05,-9.962263863776407e-06,-1.0436145645222617e-05,-1.056341267314383e-05,-1.0471703708126244e-05,-1.036920658661841e-05,-1.0148886460132365e-05,-1.023049206206422e-05,-1.0261242765977323e-05,-1.02700518954132e-05,-1.0800485647601091e-05
1.6400132179260254,-1.148022895241211e-05,-1.1994524617612468e-05,-1.2542347261708609e-05,-1.2578603347960721e-05,-1.245667187016291e-05,-1.2333674375248835e-05,-1.1880793404220144e-05,-1.2052814887949642e-05,-1.2581347123298417e-05,-1.27239181765217e-05,-9.861123242937363e-06,-9.993856394776872e-06,-1.004436875228963e-05,-9.893510145791362e-06,-9.750969147549503e-06,-9.679866539293708e-06,-9.745119930470847e-06,-9.970948459174419e-06,-1.0243131835496193e-05,-8.676185252049904e-06,-8.894852426459475e-06,-9.832321079685986e-06,-9.866127756853877e-06,-9.8257614721373e-06,-9.647093235793356e-06,-9.756938440750117e-06,-9.693515239757611e-06,-9.853590227880244e-06,-9.8696821538676e-06,-9.004765650584722e-06,-8.974957292572453e-06,-8.878454629919537e-06,-8.55953748312763e-06,-8.366582273424796e-06,-8.392296826598833e-06,-8.38890190793152e-06,-8.883358912630057e-06,-9.288180674127426e-06,-7.154370249717096e-06,-7.729818311069415e-06,-8.535160879940069e-06,-8.393082210718687e-06,-8.423450324784519e-06,-8.409260994164322e-06,-8.293724828143535e-06,-8.275971537560982e-06,-8.36691352533729e-06,-8.651106383303556e-06,-7.99385642791582e-06,-8.172666382844422e-06,-8.042992008432608e-06,-7.893475234621763e-06,-7.794953639376942e-06,-7.815195741268169e-06,-7.699526341083316e-06,-7.890038109557093e-06,-8.127829527493762e-06,-6.0801525454883754e-06,-6.7031941439146135e-06,-7.415117921312479e-06,-7.283037997956799e-06,-7.361142554062056e-06,-7.293377558683631e-06,-7.3749689240453375e-06,-7.265644144819558e-06,-7.212805114713708e-06,-7.46198967147006e-06,-6.198172813245387e-06,-6.0344539821834535e-06,-6.144939688993155e-06,-6.166291524337264e-06,-5.942290813056636e-06,-5.976759562638299e-06,-5.9126481888534186e-06,-6.065601728219586e-06,-6.355861306419552e-06,-4.753232269835515e-06,-4.86103172280307e-06,-5.662647977290178e-06,-5.6501803369336365e-06,-5.627498892219908e-06,-5.574869671769073e-06,-5.422352217241037e-06,-5.441115872892913e-06,-5.296718440284074e-06,-5.620372410332583e-06,-4.290415179469402e-06,-4.305039156890342e-06,-4.39982811038711e-06,-4.4837034386314655e-06,-4.57542106782432e-06,-4.223780984791604e-06,-4.192213907052918e-06,-4.201289361013187e-06,-4.537897890878062e-06,-3.0176878101729455e-06,-2.8720612870079603e-06,-3.4532018193635637e-06,-3.6172982790437762e-06,-3.7641827254145517e-06,-3.8021067193319826e-06,-3.4048506163404588e-06,-3.446931257330011e-06,-3.3059550594726977e-06,-3.422743396549719e-06,-1.2205918702222933e-05,-1.2200082571284515e-05,-1.2351661778318273e-05,-1.235402792503769e-05,-1.2139248700414155e-05,-1.2198066586669254e-05,-1.2233861350527063e-05,-1.2268100876948964e-05,-1.2697986192094488e-05,-2.8528105680925225e-06,-2.226806576694568e-06,-2.5708484656255224e-06,-2.7066962626452808e-06,-2.2520262293012726e-06,-2.435147636026892e-06,-2.4310349209969965e-06,-2.7328658827509797e-06,-2.7183431431622053e-06,-2.9424639305647923e-07,-4.4627282971813325e-07,-2.0471669460945393e-06,-1.7894105360714505e-06,-2.258530040999277e-06,-2.264360204082532e-06,-1.6820724774000697e-06,-1.7125296059802643e-06,-1.2928070448646265e-06,-1.7416275735225015e-06,2.022132225096007e-08,-5.855076361995652e-07,6.641381544797491e-08,-6.019029880759426e-07,-6.266020711479273e-07,-3.4267733525278943e-07,-5.807360843400234e-07,-3.6206898183232244e-07,-2.662213452099725e-07,-1.1000144484297093e-05,-1.1287770800332689e-05,-1.2494440627944228e-05,-1.2109179051008353e-05,-1.2100044062300191e-05,-1.2302933018578757e-05,-1.2197251075666106e-05,-1.2135521019895093e-05,-1.2356124727354194e-05,-1.236761838498735e-05,-1.2251220906472585e-05,-1.2330417939582057e-05,-1.2405364709385404e-05,-1.2192276041516059e-05,-1.2102464854440379e-05,-1.2101407321744706e-05,-1.2207600918360268e-05,-1.2218354274345705e-05,-1.2750378352081791e-05,-1.1123692603727315e-05,-1.15363277975726e-05,-1.1768701553450973e-05,-1.1421325934343596e-05,-1.1358043948622667e-05,-1.1064853578322601e-05,-1.098993528165955e-05,-1.1237376649493286e-05,-1.1339588608186935e-05,-1.2026973212270442e-05,-1.1307496934408841e-05,-1.1269359895252268e-05,-1.1206333448775316e-05,-1.1288799140869368e-05,-1.1290339854127654e-05,-1.1278371068941263e-05,-1.1376394887543975e-05,-1.1287717736753046e-05,-1.1820826669895188e-05,-1.0275536282406335e-05,-1.0885390970125124e-05,-1.1364262597506485e-05,-1.1311152856862207e-05,-1.1226839430527374e-05,-1.0899553337544282e-05,-1.1086091377301784e-05,-1.1060361293323949e-05,-1.1138992027309741e-05,-1.1362037809862382e-05,-1.122029348433388e-05,-1.127493013307751e-05,-1.1063634985439391e-05,-1.1135118385995723e-05,-1.0970839007959664e-05,-1.1043847303363003e-05,-1.1008893503770121e-05,-1.104395846365315e-05,-1.1448273173167251e-05,-9.938120222645819e-06,-1.02420235400807e-05,-1.0527321673583941e-05,-1.0509893954666196e-05,-1.039773509135471e-05,-1.0252274589606254e-05,-1.0203564092941574e-05,-1.0292902597127582e-05,-1.035406549095248e-05,-1.0725423259591692e-05
1.650009274482727,-1.1492669126254528e-05,-1.2035825914239197e-05,-1.2558043871217803e-05,-1.2617329119624238e-05,-1.2632729062020136e-05,-1.2483311512789114e-05,-1.1952700162983716e-05,-1.2057753395950017e-05,-1.259738195920144e-05,-1.2778902686509664e-05,-1.0026941177175622e-05,-9.913847589561462e-06,-9.965925538379327e-06,-9.799402822016851e-06,-9.857770314961802e-06,-9.804053003520785e-06,-9.861213264077897e-06,-9.990039124528491e-06,-1.049835600548147e-05,-8.804858392929815e-06,-9.07956286449964e-06,-9.965556250377902e-06,-9.87112234831241e-06,-9.88020039073998e-06,-9.826786217580508e-06,-9.758354044755582e-06,-9.785077956372767e-06,-9.876520165454744e-06,-1.0105448239945983e-05,-9.112238956672514e-06,-9.068547785709454e-06,-9.045475482433468e-06,-8.719562858960352e-06,-8.454625177825428e-06,-8.435218719460791e-06,-8.574896369556081e-06,-8.891493314923142e-06,-9.297994847894283e-06,-7.2566666931073315e-06,-7.718373115296261e-06,-8.618329772317212e-06,-8.442327801095712e-06,-8.509521320415855e-06,-8.457870252996834e-06,-8.243110657583657e-06,-8.424606291139448e-06,-8.418060632553431e-06,-8.689987463005056e-06,-8.078550646551188e-06,-8.071006774311785e-06,-8.104047768472047e-06,-7.921162990798744e-06,-7.784588912995808e-06,-7.732746730407824e-06,-7.80765754927645e-06,-8.039952213098442e-06,-8.262537104667997e-06,-6.250120475875833e-06,-6.619112888716192e-06,-7.517500718847909e-06,-7.4277287901929385e-06,-7.333975223616056e-06,-7.5060316516541e-06,-7.373648733820615e-06,-7.38338683540961e-06,-7.378740392802888e-06,-7.522476256311042e-06,-6.337955080560707e-06,-6.091217919636232e-06,-5.991203066366954e-06,-6.003573926807234e-06,-5.916821085748032e-06,-5.9132615117997105e-06,-5.886709014239263e-06,-5.959725290750109e-06,-6.58996192949618e-06,-5.042844371701206e-06,-4.912445801660428e-06,-5.852335031321517e-06,-5.670636131180829e-06,-5.798053434009163e-06,-5.854253517001822e-06,-5.6296068393261765e-06,-5.502728441009268e-06,-5.489899062347592e-06,-5.838316323837493e-06,-4.649328388252158e-06,-4.415917447907165e-06,-4.229659681636728e-06,-4.599316575603483e-06,-4.521077563002382e-06,-4.194710483763492e-06,-4.272790018018183e-06,-4.591180447665532e-06,-4.630519254667865e-06,-2.8389687392073118e-06,-2.90110281158269e-06,-3.8558014535859965e-06,-3.577799346578209e-06,-3.933789888172112e-06,-3.852279556217261e-06,-3.7239995028575585e-06,-3.4485225895043782e-06,-3.6324839538687543e-06,-3.461548835484572e-06,-1.2295898139673097e-05,-1.2223113315279965e-05,-1.2328758013024248e-05,-1.239874456046265e-05,-1.2378492248505963e-05,-1.2322119888634136e-05,-1.2244777636148646e-05,-1.2286013214466712e-05,-1.2735397885192183e-05,-2.742024167664839e-06,-2.47523077118163e-06,-2.6327766110468346e-06,-2.7744652126265243e-06,-2.6570887182575123e-06,-2.415656045848842e-06,-2.583844944231769e-06,-2.4705449982523263e-06,-2.7754181281021656e-06,-4.246372695972276e-07,-5.025111645053313e-07,-2.534179878348452e-06,-1.9273139356365275e-06,-2.5518343038605307e-06,-2.375031849126595e-06,-2.0244950643294456e-06,-1.5154898667803533e-06,-2.2631137132739818e-06,-1.970595409747538e-06,-9.70824577574906e-07,-4.204893226513087e-09,-4.945826891663127e-07,-5.39710603284451e-07,-8.288563496249778e-07,-2.821864362996422e-07,-2.924752343066563e-09,-3.1239873901440564e-07,-5.419709104520554e-07,-1.0829880282256624e-05,-1.1396956808950457e-05,-1.248391318763256e-05,-1.2296612125236599e-05,-1.2325411268609458e-05,-1.2277235002834691e-05,-1.2283075447885275e-05,-1.2119869852367382e-05,-1.2260502574994397e-05,-1.2415290331049889e-05,-1.2293679679393502e-05,-1.235220449362878e-05,-1.2348814176681113e-05,-1.2279527522039804e-05,-1.2257515627534268e-05,-1.2174922093916355e-05,-1.2245484862936422e-05,-1.2462152805866312e-05,-1.2930828029142892e-05,-1.1300872039962705e-05,-1.1689194048069272e-05,-1.1766857270499927e-05,-1.1468670583096461e-05,-1.13911231226756e-05,-1.1184538410308e-05,-1.11159191488188e-05,-1.1404917496326983e-05,-1.1278226114772477e-05,-1.211527330965805e-05,-1.142474357400165e-05,-1.1335496672797307e-05,-1.1250088324794695e-05,-1.1321087538162241e-05,-1.1394957649372646e-05,-1.1313065878000434e-05,-1.1423712357390194e-05,-1.1362249201358527e-05,-1.1897065516292307e-05,-1.0235952721440442e-05,-1.0848919609675917e-05,-1.1319899719279151e-05,-1.1276019590203214e-05,-1.1252166576428886e-05,-1.1056789064646607e-05,-1.1142897305446311e-05,-1.1142021396872837e-05,-1.1310980867590514e-05,-1.152993457094979e-05,-1.121698240324633e-05,-1.1164703416801522e-05,-1.0994228254676123e-05,-1.1111533134783176e-05,-1.1129209202757956e-05,-1.1106739005736632e-05,-1.1054934284022623e-05,-1.1165725429973691e-05,-1.1500697545192062e-05,-9.824945170213588e-06,-1.041712343044825e-05,-1.05176533168083e-05,-1.0585358561733223e-05,-1.03012368866177e-05,-1.0268407499659188e-05,-1.0191532609325036e-05,-1.0282339062077457e-05,-1.0458776327216525e-05,-1.073594552296876e-05
1.6600053310394287,-1.1501127230763814e-05,-1.2086478480397355e-05,-1.2322806407683515e-05,-1.2580818788361796e-05,-1.2629215649071995e-05,-1.2387122342286941e-05,-1.2024172634455893e-05,-1.2071829193518373e-05,-1.2553994070323663e-05,-1.2733956827924938e-05,-9.96024385265646e-06,-9.803585209958232e-06,-9.926901373957649e-06,-9.941156350984643e-06,-9.925730955326963e-06,-9.857408936166014e-06,-9.859714541511363e-06,-1.0035678979957017e-05,-1.0403763775499479e-05,-8.710572968224711e-06,-9.069399535254799e-06,-9.777506833324846e-06,-9.888403531220247e-06,-9.924957435015566e-06,-9.8568772937434e-06,-9.699198363517869e-06,-9.827606474107038e-06,-9.903300879548784e-06,-1.007669540137704e-05,-8.977481623404628e-06,-9.037492936888634e-06,-8.92552511684424e-06,-8.691594757394439e-06,-8.494080034445031e-06,-8.451818200744498e-06,-8.506955358401277e-06,-8.988248065530304e-06,-9.30792665311954e-06,-7.113560546171703e-06,-7.675323380910444e-06,-8.691366397057109e-06,-8.598942008438628e-06,-8.507822782554159e-06,-8.486047876610286e-06,-8.408580227264498e-06,-8.342657573486642e-06,-8.3970777257014e-06,-8.65473088463998e-06,-7.947208867787141e-06,-8.121335997763087e-06,-8.201172957510544e-06,-7.905257434456967e-06,-7.8094413627553e-06,-7.801433004439337e-06,-7.727319433499021e-06,-8.027255780993353e-06,-8.391599090857821e-06,-6.281692910303792e-06,-6.693515361367903e-06,-7.5178309641342305e-06,-7.461890518792108e-06,-7.401256175609435e-06,-7.321318912754114e-06,-7.236301495215629e-06,-7.310794492320961e-06,-7.253741149843701e-06,-7.632612304329673e-06,-6.324793011949148e-06,-6.0203474106149785e-06,-6.128231995395945e-06,-6.082493346798813e-06,-6.095095012239985e-06,-6.081756784048307e-06,-5.995767900351866e-06,-6.104480507061264e-06,-6.551062299112365e-06,-4.8616981093290064e-06,-4.9295098409225655e-06,-5.992765781597286e-06,-5.747733054487803e-06,-5.799944021764126e-06,-5.630517907913806e-06,-5.694256039094442e-06,-5.389634709591369e-06,-5.616119989970373e-06,-5.72432741414511e-06,-4.422181610674339e-06,-4.380845657346539e-06,-4.429534655352257e-06,-4.426062082665954e-06,-4.285806485344133e-06,-4.3060257943427495e-06,-4.504739193357532e-06,-4.5893489632472465e-06,-4.586919291226186e-06,-3.0376582668014416e-06,-2.9116007721278893e-06,-4.0049301730074925e-06,-3.597992627100089e-06,-3.872022874840207e-06,-3.8017888411672046e-06,-3.7357197951831772e-06,-3.5630746346381876e-06,-3.7004697598882183e-06,-3.7475802961541977e-06,-1.2338701322548615e-05,-1.2297708628745505e-05,-1.2382449008381051e-05,-1.234344929059498e-05,-1.2296155116954462e-05,-1.2193287988426509e-05,-1.2121147404783529e-05,-1.2249806165289554e-05,-1.2734520250973842e-05,-2.841304255730346e-06,-2.5754250196151523e-06,-2.506733928158386e-06,-2.9053092866503307e-06,-2.6301885751583392e-06,-2.7779118287379608e-06,-2.5669137796243514e-06,-2.418994162039299e-06,-2.8655061373751776e-06,-5.794601137650041e-07,-5.865362643437233e-07,-2.1297196394506113e-06,-1.8551031757689776e-06,-2.2983201041341926e-06,-2.2564492727996556e-06,-1.8293400169312031e-06,-2.1504480136848373e-06,-2.2690026920864353e-06,-2.0294961269562286e-06,-4.4344521680067555e-07,-4.7469376925775703e-07,-5.570845396038584e-07,-5.391706202449834e-07,-3.341402824908607e-07,-7.3164200226838e-07,-3.321445742027825e-07,-9.08594731909438e-07,-5.073070191967425e-07,-1.1033378678780533e-05,-1.1229959971660917e-05,-1.2366331485328176e-05,-1.2158185351963895e-05,-1.2099794419009509e-05,-1.2095829462321306e-05,-1.2271961575926483e-05,-1.2012311126858702e-05,-1.2230202551998923e-05,-1.226653327239151e-05,-1.2306257473414023e-05,-1.2420801177930976e-05,-1.2442692133492122e-05,-1.2302266056837865e-05,-1.2200952296297217e-05,-1.2131374870495908e-05,-1.226856852670778e-05,-1.2440094750360598e-05,-1.288858769410132e-05,-1.1335323676899442e-05,-1.1716442411922127e-05,-1.1823424484437928e-05,-1.1398723294078771e-05,-1.1278482516838889e-05,-1.1107415027113073e-05,-1.1166174960461408e-05,-1.1398427058376694e-05,-1.12698331533569e-05,-1.2028917582623745e-05,-1.1427621662031453e-05,-1.1330318012553016e-05,-1.1136054260728306e-05,-1.1377826166156977e-05,-1.12919721703676e-05,-1.1152769144512458e-05,-1.139965974402631e-05,-1.1282527572209645e-05,-1.1705008001429388e-05,-1.0161762359303566e-05,-1.0899841520236983e-05,-1.1239837994287834e-05,-1.1154450497827361e-05,-1.1261474417231173e-05,-1.0978592761755952e-05,-1.1151018046384203e-05,-1.1282301512732136e-05,-1.1367629618248456e-05,-1.1462223286267834e-05,-1.1196927246215639e-05,-1.11959319805389e-05,-1.1104100926147008e-05,-1.1138154226727068e-05,-1.0993604434056894e-05,-1.0998280068822607e-05,-1.1088982407668083e-05,-1.1182954412124315e-05,-1.1512605213789433e-05,-9.724495813947304e-06,-1.0336416170473133e-05,-1.0484322198604863e-05,-1.0396478246676961e-05,-1.0473751185760314e-05,-1.0287632621509108e-05,-1.0081945244472075e-05,-1.02500078112704e-05,-1.0259331758091442e-05,-1.0768489890916825e-05
1.6700013875961304,-1.1591729338403298e-05,-1.2113968290727776e-05,-1.2669532033891185e-05,-1.2634791207635573e-05,-1.2561801319110811e-05,-1.2643942014755013e-05,-1.1928675447545177e-05,-1.2095851608097092e-05,-1.266095601031602e-05,-1.2903037956605703e-05,-1.0096656079351294e-05,-1.0134688716993444e-05,-1.0096194900760728e-05,-9.967541029581826e-06,-9.92912903767653e-06,-9.811163954604311e-06,-9.950790194862954e-06,-1.0104592176288473e-05,-1.0499363494476012e-05,-8.832445198882108e-06,-8.99430227483872e-06,-9.97468390509538e-06,-1.0001511786815772e-05,-1.004314253780826e-05,-9.896051014053507e-06,-9.89677794195351e-06,-9.92755050403492e-06,-9.94431313066038e-06,-1.0204825395535229e-05,-9.273510535706305e-06,-9.231433993123313e-06,-9.075811024952446e-06,-8.805197841655427e-06,-8.492484244354758e-06,-8.584467011691159e-06,-8.552207375146063e-06,-9.068008809296158e-06,-9.347634891927037e-06,-7.300349379649798e-06,-7.865259215410033e-06,-8.784912742446275e-06,-8.841653815104572e-06,-8.71074150620667e-06,-8.545096999277492e-06,-8.431594433829977e-06,-8.52797996833758e-06,-8.622168109813338e-06,-8.998753503869923e-06,-8.175545189892918e-06,-8.213411374707323e-06,-8.28713279285173e-06,-8.14417879027183e-06,-7.904489091080169e-06,-7.863933488741363e-06,-7.85607849711291e-06,-8.140738501524905e-06,-8.349631407705154e-06,-6.423550984589743e-06,-6.7566632501023355e-06,-7.645577289917107e-06,-7.667388578206915e-06,-7.690401706244353e-06,-7.64898845840691e-06,-7.361162255174281e-06,-7.436085297360713e-06,-7.3933538006490216e-06,-7.6240469941330555e-06,-6.478733116865854e-06,-6.158464430634151e-06,-6.294418211009459e-06,-6.1943217491183705e-06,-6.1171290525213075e-06,-6.055710619452431e-06,-6.033936001116034e-06,-6.169211746862556e-06,-6.638165374177593e-06,-4.789003521782019e-06,-4.987935286774281e-06,-5.859805204144749e-06,-5.814662622045245e-06,-5.836445724802234e-06,-5.846692028804407e-06,-5.7744463246283105e-06,-5.679777591057241e-06,-5.75079154430802e-06,-5.882143173628179e-06,-4.490797061364458e-06,-4.5651301487121635e-06,-4.631299713509662e-06,-4.641994828980857e-06,-4.5177262528188826e-06,-4.23984228058258e-06,-4.499433554411817e-06,-4.523987108100062e-06,-4.756470730034933e-06,-3.171743029982618e-06,-3.018604055695174e-06,-3.911546253941383e-06,-3.7179763551567364e-06,-3.964251187060734e-06,-3.947182761784562e-06,-3.5114912268783057e-06,-3.566047705037515e-06,-3.635515120978587e-06,-3.842700142054111e-06,-1.2455227217802192e-05,-1.230811930042121e-05,-1.2365153157491851e-05,-1.2517767463838019e-05,-1.2239915631737352e-05,-1.2359954077116642e-05,-1.2308419994039192e-05,-1.2393191722889814e-05,-1.279214068349535e-05,-2.701519112340248e-06,-2.826222407204834e-06,-3.0072534827821973e-06,-2.8164702128494296e-06,-2.590315249658616e-06,-2.340598547166565e-06,-2.282635214629717e-06,-2.7204909239041414e-06,-2.7465721047104338e-06,-6.048698749144988e-07,-6.761387202924314e-07,-2.3617758047716825e-06,-2.03185760005413e-06,-2.396846876313614e-06,-1.8811353195003142e-06,-1.930576698667815e-06,-2.4175705050244572e-06,-2.1331162837627894e-06,-2.0234619063675135e-06,-2.838749078996184e-07,-5.507443046588218e-07,-7.574488055409034e-08,-5.471003179157824e-07,-9.372902646884395e-07,-2.23467990329973e-07,3.571388863506731e-07,-7.777398007033469e-07,-4.930601670809959e-07,-1.0926893448182537e-05,-1.1345900298089804e-05,-1.2629096148164992e-05,-1.2283589546251746e-05,-1.224391955923879e-05,-1.2551940984343775e-05,-1.2399193228127934e-05,-1.2425363495350458e-05,-1.2284337181890147e-05,-1.2416978874551734e-05,-1.2384389208425924e-05,-1.255269811102894e-05,-1.2469882544438207e-05,-1.2209659181274755e-05,-1.221451715918136e-05,-1.2293464980411365e-05,-1.239470770190501e-05,-1.2542717412532466e-05,-1.3013958382118016e-05,-1.1424174398803192e-05,-1.1786698735174655e-05,-1.1907364596266646e-05,-1.1736395755905698e-05,-1.1273865266391159e-05,-1.1202570392536489e-05,-1.1248904676220033e-05,-1.160904647224585e-05,-1.139593954130167e-05,-1.2057277980789302e-05,-1.1486617721119015e-05,-1.1380278738923456e-05,-1.1311369425292949e-05,-1.1469592365062636e-05,-1.1542415728857784e-05,-1.1455314235633685e-05,-1.1587883882622097e-05,-1.14980056830041e-05,-1.1964751060105004e-05,-1.0445730308222236e-05,-1.1113539772155409e-05,-1.1404860837653867e-05,-1.119303706747165e-05,-1.1292680835192765e-05,-1.1142355165350762e-05,-1.134496571759087e-05,-1.1327415046476386e-05,-1.1389972548960879e-05,-1.1691633390891773e-05,-1.1269710201160165e-05,-1.1367593523509999e-05,-1.1331574713427026e-05,-1.1349425071533318e-05,-1.1116851140850437e-05,-1.1172952718281966e-05,-1.1256286697351334e-05,-1.1261678043325418e-05,-1.1725254129825304e-05,-1.0154653277668646e-05,-1.0541513664573309e-05,-1.0789813540728115e-05,-1.0600239085024314e-05,-1.069664468015349e-05,-1.0533192461223429e-05,-1.0418626754734427e-05,-1.0494327918951898e-05,-1.0598724400242766e-05,-1.0945433201412989e-05
1.6800118684768677,-1.1922551565325274e-05,-1.2458495589179297e-05,-1.276110984989892e-05,-1.2823491192803292e-05,-1.279126664437048e-05,-1.2748842671954368e-05,-1.2608762443292102e-05,-1.2586888168964667e-05,-1.2784669216438468e-05,-1.2936350811734305e-05,-1.047755134336377e-05,-1.057444903488737e-05,-1.0337416325476995e-05,-1.0030423528516168e-05,-1.0056114929288244e-05,-9.943659974078418e-06,-9.924064701404643e-06,-1.0184058409997116e-05,-1.0680932971251715e-05,-9.01315099040214e-06,-9.210640763402854e-06,-1.0100614996282464e-05,-1.0193545717865517e-05,-1.001946352655797e-05,-9.953407279106702e-06,-9.874205212866367e-06,-9.895246575938252e-06,-1.0053554216110135e-05,-1.0241800644285446e-05,-9.319133853704862e-06,-9.163456527720702e-06,-9.494014011959413e-06,-9.02272127302787e-06,-8.863237533977615e-06,-8.730855766574041e-06,-8.837630474098386e-06,-9.209728400581573e-06,-9.677544971733343e-06,-7.443109103378482e-06,-7.834546259978384e-06,-8.749243231645024e-06,-8.703041247401244e-06,-8.697759048464963e-06,-8.78632058104984e-06,-8.639422041912656e-06,-8.601417733607064e-06,-8.548641833342578e-06,-8.804753631906047e-06,-8.204160048774413e-06,-8.29230908033433e-06,-8.164849427304899e-06,-8.128927469040056e-06,-8.136083790203198e-06,-8.226828263544165e-06,-8.18464070447476e-06,-8.174241249490688e-06,-8.371078584928136e-06,-6.7774801355378375e-06,-6.692496871387336e-06,-7.595565441317498e-06,-7.5628024916863445e-06,-7.55431469170498e-06,-7.506034168219531e-06,-7.446865472743451e-06,-7.465775664405237e-06,-7.37747190002229e-06,-7.59290097374179e-06,-6.418780834816656e-06,-6.12836026833102e-06,-6.168438729864244e-06,-6.111715416967698e-06,-6.0880381313622755e-06,-6.047154584596969e-06,-6.0044266110768815e-06,-5.955493650028166e-06,-6.832821997816902e-06,-4.8436353531003974e-06,-4.997710489727905e-06,-5.759048539288495e-06,-5.68347003966028e-06,-5.883592931021626e-06,-5.876717530462374e-06,-5.726304715554612e-06,-5.656969599053304e-06,-5.696042800549938e-06,-5.7599008640487945e-06,-4.694188180299168e-06,-4.68820026451437e-06,-4.56830368152348e-06,-4.464715449146949e-06,-4.510335459659511e-06,-4.354348955636774e-06,-4.5957851512370465e-06,-4.518458573359093e-06,-4.725864980290613e-06,-3.0939092563176605e-06,-3.0528897431172516e-06,-4.131265496504547e-06,-3.884293432172624e-06,-3.971010466100847e-06,-3.8490326115972494e-06,-3.5781534632851835e-06,-3.7227213752264556e-06,-3.835417273600763e-06,-3.9715967539442314e-06,-1.2533827033984126e-05,-1.2406293681538523e-05,-1.2505871011932281e-05,-1.2516453241468459e-05,-1.2443189119213666e-05,-1.2350776522501772e-05,-1.2179726289224622e-05,-1.2365859809064673e-05,-1.3112089046898713e-05,-3.02218340265759e-06,-2.736149353520664e-06,-2.7613866220853812e-06,-2.8658729088111733e-06,-2.903441060376763e-06,-2.57780223922246e-06,-2.4067236047068827e-06,-2.873123780932623e-06,-2.7296231803412652e-06,-8.03935808795129e-07,-8.234594672069474e-07,-2.392978411934194e-06,-2.3326254926684954e-06,-2.581800989789299e-06,-2.578460069425934e-06,-2.099888057134514e-06,-1.971500654283743e-06,-1.912753735173777e-06,-2.2215112197161816e-06,-9.703099758953512e-08,-9.866340011172454e-07,-6.043695817069599e-07,-8.218924378644492e-07,-4.430998721217723e-07,-1.8895077888831042e-07,-6.486806905883002e-07,-4.163549651587122e-07,2.0140202561862038e-07,-1.1272077066898273e-05,-1.165566174843515e-05,-1.2635879658135104e-05,-1.246302828302857e-05,-1.2283129661894832e-05,-1.2562784217666008e-05,-1.229427718392852e-05,-1.2290954167130645e-05,-1.2569692980692679e-05,-1.2575926585165341e-05,-1.2893084293212137e-05,-1.2742785227061823e-05,-1.270700369314799e-05,-1.2615588087757704e-05,-1.2465478123524008e-05,-1.2422990446051577e-05,-1.2608870583703735e-05,-1.2778280016320344e-05,-1.321354819301936e-05,-1.1527989625381534e-05,-1.1776062866843876e-05,-1.228489183291098e-05,-1.214014776138959e-05,-1.2048560454335087e-05,-1.1978320237101312e-05,-1.1852843997140284e-05,-1.183408048529215e-05,-1.1939485749811207e-05,-1.2424307544495914e-05,-1.1511300338662901e-05,-1.1477100070661713e-05,-1.1387155002305141e-05,-1.1516031481671819e-05,-1.159058724910917e-05,-1.1586352804214317e-05,-1.165156132862493e-05,-1.1468493848301387e-05,-1.18189137925607e-05,-1.0531576682413453e-05,-1.1086611371621548e-05,-1.174105859213865e-05,-1.1666366067345632e-05,-1.1838799836394481e-05,-1.1491553784455829e-05,-1.1355606187641293e-05,-1.1405091211243541e-05,-1.1624539743268277e-05,-1.2177671909011084e-05,-1.1559414912633689e-05,-1.143196252169307e-05,-1.1310294492344874e-05,-1.1354690733039627e-05,-1.1282209765946735e-05,-1.121118236704637e-05,-1.1266065783005908e-05,-1.1494402967934119e-05,-1.1886435975326039e-05,-1.0279678836712046e-05,-1.0741267843148184e-05,-1.094221774981179e-05,-1.0839620109490484e-05,-1.0857988880075415e-05,-1.0641435404921666e-05,-1.0553736694770029e-05,-1.061354423835605e-05,-1.0632023162604958e-05,-1.1162423839932908e-05
1.6900079250335693,-1.1913357041869217e-05,-1.2452885805325864e-05,-1.3043719284896458e-05,-1.2884433779300237e-05,-1.2784402604306598e-05,-1.290242722212671e-05,-1.286548030271305e-05,-1.2880889592351977e-05,-1.2672390133201284e-05,-1.2903224757662499e-05,-1.0380959090981536e-05,-1.0480022035401345e-05,-1.0422405773188268e-05,-1.0181198728845889e-05,-1.0027089582634138e-05,-9.872624090757461e-06,-9.934881618642663e-06,-1.0194187801559583e-05,-1.0562909791468992e-05,-9.023289513502027e-06,-9.224567220788392e-06,-1.009254199818588e-05,-1.018880925411826e-05,-9.995678388148392e-06,-1.0036695672390848e-05,-1.0006466257031159e-05,-9.993859558459128e-06,-1.0051946634113276e-05,-1.0027215986120608e-05,-9.349352915195353e-06,-9.62397117642372e-06,-9.460398162353007e-06,-9.061889960207115e-06,-8.651878825086912e-06,-8.786462946751325e-06,-8.672440458885914e-06,-9.19524276235743e-06,-9.493502070649026e-06,-7.275078532912054e-06,-7.808434592779451e-06,-8.648634397032332e-06,-8.602794654406773e-06,-8.67371060540951e-06,-8.517591514339534e-06,-8.68237391785417e-06,-8.504913561014891e-06,-8.530623296763674e-06,-8.726121459882866e-06,-8.219030865313129e-06,-8.246859405350465e-06,-8.15805527585811e-06,-7.991091441526641e-06,-7.944703590950368e-06,-7.816348400137104e-06,-7.843097836917939e-06,-8.176100344226837e-06,-8.324023628807231e-06,-6.610344959051503e-06,-6.683456433637483e-06,-7.298480362455667e-06,-7.217903748177317e-06,-7.1953540276883955e-06,-7.204953502473117e-06,-7.328396501370221e-06,-7.3223123808841175e-06,-7.347296914377764e-06,-7.51843443652441e-06,-6.446854991639986e-06,-6.004594717647624e-06,-6.208196509059783e-06,-6.054602036429459e-06,-6.219559449094304e-06,-6.129073319170222e-06,-6.140933604435633e-06,-6.164521012704261e-06,-6.620503255165484e-06,-4.7734676129510155e-06,-4.65817763893118e-06,-5.6429311904570535e-06,-5.380108143302256e-06,-5.499117888635517e-06,-5.510674028993213e-06,-5.201808583793849e-06,-5.350662602123163e-06,-5.263803777708411e-06,-5.584754812681066e-06,-4.4275774145643274e-06,-4.371062688991016e-06,-4.501655250275534e-06,-4.48107707904656e-06,-4.5126184878178565e-06,-4.437772740141069e-06,-4.326629203127895e-06,-4.451225220403282e-06,-4.586561435622e-06,-3.0877042687890335e-06,-3.1286301657554365e-06,-4.093537147573853e-06,-3.988368152597762e-06,-4.205704063894716e-06,-3.918836240679806e-06,-3.980043210350671e-06,-3.969857663428173e-06,-4.016862216338602e-06,-4.0571277665361005e-06,-1.2439708637321726e-05,-1.2428546734914148e-05,-1.2704243524184065e-05,-1.2522056554153641e-05,-1.2523765517786407e-05,-1.2464622203670237e-05,-1.2362757818613446e-05,-1.240066620982521e-05,-1.3009759456746667e-05,-3.0933598541332965e-06,-2.8523313421327286e-06,-3.0276928115012886e-06,-2.803588130117456e-06,-2.911643769445812e-06,-2.584601279996371e-06,-2.491403586772102e-06,-2.866090124358741e-06,-3.07853246632372e-06,-1.2150642270645053e-06,-5.22626647204481e-07,-2.4030541647020625e-06,-2.2334175940799025e-06,-2.336280911808775e-06,-2.813898714390904e-06,-1.7239912672815206e-06,-1.9111666452097063e-06,-1.4638738874736167e-06,-2.244760329689111e-06,-9.410978281844469e-07,-7.747998770658292e-07,-4.044892872530925e-07,-4.918323707584989e-07,-5.128987556809458e-07,-3.1803059674175436e-07,-1.0505113343171107e-06,-3.079800096281885e-07,-3.784934539658214e-07,-1.1198556542577069e-05,-1.1452121792630707e-05,-1.2795263237881236e-05,-1.2607050603584558e-05,-1.2443264328569096e-05,-1.2638670169687933e-05,-1.2236154013535916e-05,-1.2234269034126769e-05,-1.2510053543677398e-05,-1.2575333250938752e-05,-1.2968467363559224e-05,-1.2810203871135175e-05,-1.2811387375906099e-05,-1.27377614434443e-05,-1.2757017051686858e-05,-1.2531354760105424e-05,-1.253103637862756e-05,-1.2725774107575595e-05,-1.3089095116660412e-05,-1.1654046832447609e-05,-1.1923719107881183e-05,-1.2466283136854219e-05,-1.2375512778840256e-05,-1.2240071802597769e-05,-1.2100602452218235e-05,-1.2022041175438318e-05,-1.2056824136189418e-05,-1.199139961856302e-05,-1.237118313587027e-05,-1.1497475047207658e-05,-1.14200012143011e-05,-1.1417727820993258e-05,-1.147338648290906e-05,-1.1612443260361767e-05,-1.1588838451840736e-05,-1.162029178082197e-05,-1.1389496127173992e-05,-1.1847456246259672e-05,-1.0753403440671668e-05,-1.1177500367720082e-05,-1.2174411878250834e-05,-1.201359845792909e-05,-1.165161223514849e-05,-1.1149647884360223e-05,-1.1593965055131554e-05,-1.1549113963210746e-05,-1.1755664594092234e-05,-1.218919979193409e-05,-1.150532155441552e-05,-1.1494023901278448e-05,-1.1387156008931313e-05,-1.0916422666543985e-05,-1.0950917300798644e-05,-1.1200422252285205e-05,-1.122359421155223e-05,-1.1426757545364565e-05,-1.1810031610825477e-05,-1.0252270275494088e-05,-1.0599196795524963e-05,-1.0971072545231592e-05,-1.114759005285695e-05,-1.0865337970150515e-05,-1.0595714587988157e-05,-1.0630967355554153e-05,-1.0668546436203898e-05,-1.0619577811827942e-05,-1.1049654529749907e-05
1.700003981590271,-1.2192080324627454e-05,-1.2499520063608697e-05,-1.3061105444533668e-05,-1.3016601351034761e-05,-1.2776822996838084e-05,-1.2688417922721101e-05,-1.2729438658253292e-05,-1.2754114517021449e-05,-1.2682026421743157e-05,-1.286927499577443e-05,-1.0510531580444359e-05,-1.0500164481301535e-05,-1.033168804734273e-05,-1.0222763473922234e-05,-1.0020017602363847e-05,-9.934697837464382e-06,-1.0055185094312693e-05,-1.0228478953523739e-05,-1.0630225040654092e-05,-9.120243432287526e-06,-9.25820349052572e-06,-1.0350424380284221e-05,-1.0358999972448167e-05,-1.0264471447522499e-05,-1.0066495258375046e-05,-1.0113437256659065e-05,-1.0049565531805018e-05,-1.018561709872276e-05,-1.0360879055904019e-05,-9.370566698950143e-06,-9.261449716127036e-06,-9.451695303880157e-06,-9.152123786471346e-06,-9.090458298579084e-06,-8.991482211617554e-06,-8.953998544748553e-06,-9.337602711692047e-06,-9.552970812626265e-06,-7.652434283597782e-06,-7.814679557747483e-06,-8.846179606374381e-06,-8.723962821958647e-06,-8.639911693643517e-06,-8.654609945695587e-06,-8.740768877313244e-06,-8.775494028961318e-06,-8.702624360362252e-06,-8.869508743127992e-06,-8.347477443402445e-06,-8.419369390380914e-06,-8.334110885874208e-06,-8.350677867512932e-06,-8.207095083084809e-06,-8.229648111059722e-06,-8.098280016211464e-06,-8.184946503125473e-06,-8.404711834786946e-06,-6.6462168017133486e-06,-7.022451027039606e-06,-7.469347605475101e-06,-7.571632688369966e-06,-7.675641402878962e-06,-7.453335850072168e-06,-7.383624255382489e-06,-7.408306872926373e-06,-7.525551355463099e-06,-7.702999201377097e-06,-6.5441266447865246e-06,-6.3380458207199356e-06,-6.073920774513383e-06,-6.2034105768263535e-06,-6.152496359765318e-06,-6.227193270572371e-06,-6.2033166729848705e-06,-6.224282395290106e-06,-6.898036993395763e-06,-5.039349006122292e-06,-5.039551337982886e-06,-6.023798844151667e-06,-5.83919704983622e-06,-5.943330585990557e-06,-5.968113434740435e-06,-5.82423232945602e-06,-5.743021900198588e-06,-5.7150064872025856e-06,-5.734870241456838e-06,-4.58406967633668e-06,-4.637254770140128e-06,-4.618012104234067e-06,-4.7132828002560595e-06,-4.608665652127893e-06,-4.5256663043588805e-06,-4.3782266317523165e-06,-4.544277240440073e-06,-4.484054966871141e-06,-3.2103242788885682e-06,-3.037250151790521e-06,-4.27159997017714e-06,-3.807954929784466e-06,-3.963104424145093e-06,-4.156508301513211e-06,-4.0443023424772436e-06,-4.095332681057419e-06,-3.726234356763382e-06,-3.807898127307611e-06,-1.2625556419132634e-05,-1.267840645022451e-05,-1.2512649201164054e-05,-1.259268676712724e-05,-1.2569577937701581e-05,-1.2372447170734963e-05,-1.2343311239005663e-05,-1.2559205517820416e-05,-1.2948029113368172e-05,-2.878487804196321e-06,-2.8416960490169057e-06,-2.834660810601896e-06,-2.8950030164890486e-06,-2.9675408579606652e-06,-2.403690136737228e-06,-2.5997615734614385e-06,-2.8027187646141e-06,-3.023757190775815e-06,-1.28356542568409e-06,-8.309536552545699e-07,-2.603540807620888e-06,-2.196752673798173e-06,-2.6489699186700953e-06,-2.3947866720486513e-06,-1.5422421077340957e-06,-1.7250925163138092e-06,-2.183271145180708e-06,-2.4625776240019423e-06,-3.83312748666669e-07,-5.656497059967367e-07,-2.0601352391679675e-07,-5.137112468055775e-07,1.4463521209106483e-07,1.4820844739457924e-08,-4.984315243353763e-07,-3.312130854842333e-07,-2.6796748210923687e-07,-1.1336488918595528e-05,-1.1689784937632302e-05,-1.2777021733605207e-05,-1.261159652737781e-05,-1.2472164709774122e-05,-1.2648304732584938e-05,-1.235514528008873e-05,-1.2379848173959796e-05,-1.2558897202604275e-05,-1.2467011071380394e-05,-1.2980176726800689e-05,-1.2951427770932695e-05,-1.2908596977739312e-05,-1.2715758752378052e-05,-1.262014220836407e-05,-1.2538915241676668e-05,-1.2569454697897367e-05,-1.2789155030268868e-05,-1.3181929202130941e-05,-1.1782477088812563e-05,-1.1914895885678898e-05,-1.2552379585747337e-05,-1.230782205809296e-05,-1.2139389484274512e-05,-1.194263965341217e-05,-1.195012248096442e-05,-1.18198352869194e-05,-1.2000533313037533e-05,-1.243553689085702e-05,-1.169422645991113e-05,-1.185676149859466e-05,-1.1690149336306604e-05,-1.1570717455097883e-05,-1.1591563388888637e-05,-1.1577026125122237e-05,-1.1601916539068792e-05,-1.1582608586265284e-05,-1.1905875220943139e-05,-1.070359183877844e-05,-1.118301236503108e-05,-1.2064520799901374e-05,-1.2121503894252195e-05,-1.1767099004584973e-05,-1.1372534188566454e-05,-1.1395961830881195e-05,-1.1406078855322119e-05,-1.1616718833125936e-05,-1.2208542257634929e-05,-1.1493154607676962e-05,-1.1444339278086644e-05,-1.1377576379062557e-05,-1.1375035510800411e-05,-1.1136741642600119e-05,-1.132129173947144e-05,-1.116240816532537e-05,-1.1366219766392546e-05,-1.1856515018986232e-05,-1.0422989472564353e-05,-1.0600122460192088e-05,-1.0961126503436187e-05,-1.1116255505764024e-05,-1.0858527281273755e-05,-1.0792462549401895e-05,-1.0392770986288817e-05,-1.0494912768757897e-05,-1.0801915344372964e-05,-1.108219285794094e-05
1.7100000381469727,-1.247569652960084e-05,-1.2650490837023284e-05,-1.305127588376675e-05,-1.300414133227638e-05,-1.3115769272183947e-05,-1.2777026910539806e-05,-1.298619750173982e-05,-1.2791817987905317e-05,-1.290619099738423e-05,-1.316623489348157e-05,-1.0630477847627029e-05,-1.0361753095028888e-05,-1.0404239909678887e-05,-1.0450298809202489e-05,-1.0337378936504889e-05,-1.0270205190198838e-05,-1.0221416464300213e-05,-1.0450020692771508e-05,-1.0918290677111944e-05,-9.28782030195781e-06,-9.40383950473747e-06,-9.80060617170374e-06,-9.928874217451247e-06,-1.0262882272404214e-05,-1.0201435078587562e-05,-1.0122114518066397e-05,-1.0085859726047934e-05,-1.0219764159340563e-05,-9.91702076286343e-06,-9.584777467393912e-06,-9.557953036963256e-06,-9.626778656817737e-06,-9.449513801161455e-06,-9.149158984787002e-06,-9.055849052744543e-06,-9.046623755288368e-06,-9.483702708667272e-06,-9.849563004173108e-06,-7.72068648604351e-06,-7.853981622894534e-06,-9.09811800473015e-06,-9.018463675731061e-06,-8.88926076187714e-06,-8.895953963099242e-06,-8.614736835901472e-06,-8.580105444291144e-06,-8.756528760467542e-06,-9.085209605913962e-06,-8.362281175496977e-06,-8.264394042348063e-06,-8.399941649062924e-06,-8.158334398915261e-06,-8.186192922032154e-06,-8.134396325229393e-06,-8.127689246946491e-06,-8.27108242614491e-06,-8.382342156579095e-06,-6.608254052688291e-06,-6.730860041923285e-06,-7.1964325557299415e-06,-7.431320504276898e-06,-7.5954670076582384e-06,-7.516642210526837e-06,-7.456884854445681e-06,-7.594470160140371e-06,-7.584159575866923e-06,-7.447194639501731e-06,-6.282947418170784e-06,-6.302032906590256e-06,-6.243566692378571e-06,-6.183386697108867e-06,-6.203799925449352e-06,-6.176619365059377e-06,-6.079818597255777e-06,-6.083380903475137e-06,-6.7042758356384155e-06,-4.994941908245254e-06,-4.787141191461745e-06,-5.9111350140111285e-06,-5.826796350120124e-06,-5.802349139296775e-06,-5.849030133794741e-06,-5.661118193116048e-06,-5.747759370572016e-06,-5.813748102167882e-06,-5.875272230984832e-06,-4.5268927345458584e-06,-4.607907878325901e-06,-4.594198205076714e-06,-4.650498878784714e-06,-4.5851606434016395e-06,-4.433293828890133e-06,-4.392494982527025e-06,-4.462052132001153e-06,-4.487216851579609e-06,-3.015547938636647e-06,-2.9551337589781885e-06,-3.996790881387286e-06,-3.735291116237597e-06,-4.0377988183867166e-06,-4.029461868527429e-06,-3.767183262328005e-06,-3.705859739726783e-06,-3.834651662495004e-06,-3.951652757203688e-06,-1.2932353930616071e-05,-1.3185655588416355e-05,-1.3156913822735307e-05,-1.3079902031241745e-05,-1.2901134426514242e-05,-1.2772988038729823e-05,-1.2696631848481785e-05,-1.2771449338723883e-05,-1.3435560314296984e-05,-2.822602579489925e-06,-2.494502413541074e-06,-2.530080177556924e-06,-2.58419697578453e-06,-2.8010577595282482e-06,-2.7069097392956375e-06,-2.8095032812103847e-06,-2.7191735378523267e-06,-2.7502181047058173e-06,-7.876089074984553e-07,-6.98492723892746e-07,-2.187585976365589e-06,-1.8159334100616908e-06,-2.3697797770736092e-06,-2.5331987773399913e-06,-2.2482431843427433e-06,-2.03845898258896e-06,-1.992546475271531e-06,-2.286695153687446e-06,-1.090908105426333e-07,5.088827486654421e-07,-3.2351829122088324e-07,-4.175256713968765e-07,-5.134429090288408e-07,-4.2706704947109353e-07,-3.6940203779053775e-07,-3.2478994768373633e-07,-4.884669318576565e-07,-1.1441578246300285e-05,-1.1840654329410985e-05,-1.2954484319402439e-05,-1.2899203717516136e-05,-1.2757947318073629e-05,-1.275918086654568e-05,-1.2428929828074505e-05,-1.2581149105549988e-05,-1.2772171233493024e-05,-1.2795458810966103e-05,-1.2937710907496565e-05,-1.3338926646437954e-05,-1.3096411850894266e-05,-1.3005115458803505e-05,-1.2872427029926785e-05,-1.2756861024630183e-05,-1.2860905618172025e-05,-1.3250252227918063e-05,-1.326415057167265e-05,-1.1828694460056402e-05,-1.211116483683845e-05,-1.2644607826065995e-05,-1.2574325186729253e-05,-1.2410689761835867e-05,-1.2263955302764736e-05,-1.2133498851719062e-05,-1.2246592007922005e-05,-1.2374470345537166e-05,-1.2549886604130236e-05,-1.1766033131272447e-05,-1.1863563703050826e-05,-1.182823543852192e-05,-1.1627570263261284e-05,-1.1723570044239362e-05,-1.1897210326657352e-05,-1.170236416969021e-05,-1.1718980691716972e-05,-1.2094336204296848e-05,-1.1140104636837401e-05,-1.1337934865189896e-05,-1.2485434055974878e-05,-1.2473378988545164e-05,-1.2315368878309008e-05,-1.1863134880301508e-05,-1.1833149212279207e-05,-1.182305045091312e-05,-1.1919845466567164e-05,-1.2443937761478238e-05,-1.1687805479166715e-05,-1.1721023423827661e-05,-1.1768364477487054e-05,-1.1576126057520632e-05,-1.1562694356898686e-05,-1.135121370243742e-05,-1.1381829230835983e-05,-1.1712648725486921e-05,-1.2023283352134704e-05,-1.064004928068267e-05,-1.0876314365734943e-05,-1.1144808313332196e-05,-1.1171746636324038e-05,-1.1081647122751917e-05,-1.1032721351890146e-05,-1.0882210894243689e-05,-1.0947157120634597e-05,-1.092524732678366e-05,-1.1197761883116058e-05
1.72001051902771,-1.251410161892667e-05,-1.2225287340204245e-05,-1.3026928328934439e-05,-1.3004233941884214e-05,-1.2678311395953114e-05,-1.2893659220560152e-05,-1.2783246422246059e-05,-1.279130748463232e-05,-1.2897887338090492e-05,-1.3060335519315744e-05,-1.0528041411297e-05,-1.0498622042398383e-05,-1.0554350017716321e-05,-1.0188756334342355e-05,-1.0425742738948813e-05,-1.01369806609836e-05,-1.0196914464252354e-05,-1.0467390746389966e-05,-1.0896553735355133e-05,-9.299747743569276e-06,-9.38447273620476e-06,-9.773627008450056e-06,-9.78499196173692e-06,-1.0173151759226038e-05,-1.0113487444163933e-05,-9.95216999173744e-06,-1.0063509317541089e-05,-1.0174678235914176e-05,-9.705422333140027e-06,-9.62771755142884e-06,-9.548401592627317e-06,-9.670079832040972e-06,-9.575506871759994e-06,-9.079573362172579e-06,-9.08099443072012e-06,-9.109753740457312e-06,-9.374480892918525e-06,-9.742516651386032e-06,-7.775093048804944e-06,-7.892422663155082e-06,-9.046211326165281e-06,-8.932937696270053e-06,-8.91951332963879e-06,-8.93165698017165e-06,-8.73540442263833e-06,-8.61956360839674e-06,-8.675031227045449e-06,-8.999303553171113e-06,-8.321614484769893e-06,-8.356671463545414e-06,-8.292833173060654e-06,-8.356750124190579e-06,-8.192712552141435e-06,-8.092643053451384e-06,-8.124488031915443e-06,-8.270033162164225e-06,-8.349816195509605e-06,-6.52024170658217e-06,-6.7739804558467575e-06,-7.204538844392077e-06,-7.320422368344111e-06,-7.158987715870436e-06,-7.3939187336371845e-06,-7.459823771457026e-06,-7.37058621749571e-06,-7.327140303809297e-06,-7.404569269949328e-06,-6.359341932115232e-06,-6.169251868105702e-06,-6.049079253838045e-06,-6.216758152261059e-06,-6.09808239111133e-06,-6.145461193252177e-06,-6.031707258869113e-06,-6.057369539384068e-06,-6.718412965501402e-06,-5.023440573705738e-06,-5.025806720425153e-06,-5.9026290228567955e-06,-5.854105830561999e-06,-5.88872902535921e-06,-5.9087883526983306e-06,-5.679373646354746e-06,-5.523914326838718e-06,-5.713772219711839e-06,-5.784523659237306e-06,-4.808437302857041e-06,-4.321400499182476e-06,-4.323412744900524e-06,-4.687993259032262e-06,-4.464283247009767e-06,-4.247491992373792e-06,-4.2735237765957815e-06,-4.359503169245457e-06,-4.691902563673522e-06,-3.0281456494749993e-06,-2.7783175709871904e-06,-3.814001229887247e-06,-3.5173048525315903e-06,-3.811115951670501e-06,-3.942238285929027e-06,-3.677726551468644e-06,-3.690113877437025e-06,-3.8835555032865974e-06,-3.904291139609637e-06,-1.3046124833840324e-05,-1.3126421534140958e-05,-1.3246240391210987e-05,-1.3076294570648381e-05,-1.2812298804003074e-05,-1.2812174126161471e-05,-1.2419334955009429e-05,-1.2768268975234969e-05,-1.3198056072426844e-05,-2.7027159189570175e-06,-2.3041931207316314e-06,-2.6132986822239777e-06,-2.7058364600905594e-06,-2.5527988674390207e-06,-2.6596053555896577e-06,-2.4643207410226903e-06,-2.70349267485254e-06,-2.800869232826586e-06,-8.498015798974243e-07,-5.70423127304884e-07,-2.097793843285308e-06,-1.663480523412409e-06,-2.1996089036596666e-06,-2.089611913856526e-06,-1.7862934462276413e-06,-1.6425333517894876e-06,-2.060278108182537e-06,-2.20847195949762e-06,-1.7173373244801346e-07,6.233460668923651e-08,-2.0270244282924817e-07,-3.023782787841336e-07,-1.0698192871206203e-07,-2.378328334134648e-07,-1.1991103526664683e-07,-3.7402921069625114e-08,-1.8134068502715636e-07,-1.1528642781963495e-05,-1.1872138000981123e-05,-1.3138574388113106e-05,-1.2799600071038165e-05,-1.2668927482972963e-05,-1.2794004955166096e-05,-1.2498831962718191e-05,-1.2511809099721557e-05,-1.2759772475127403e-05,-1.271830810506079e-05,-1.302321057087336e-05,-1.321510084198797e-05,-1.3150662961813979e-05,-1.3158426925675727e-05,-1.2742607773248054e-05,-1.2660569897277148e-05,-1.2927200004614866e-05,-1.30218452981765e-05,-1.3058681344907488e-05,-1.1894367326739834e-05,-1.207733270640878e-05,-1.2557460459449194e-05,-1.2510421249837696e-05,-1.2469093205715534e-05,-1.2352723481322373e-05,-1.230566298875752e-05,-1.2225564881420271e-05,-1.2303520600655793e-05,-1.2573705824025928e-05,-1.1780371370664247e-05,-1.1835510182064022e-05,-1.180412674169988e-05,-1.1508309508501821e-05,-1.1664768983021712e-05,-1.1448615713673246e-05,-1.1644687941318021e-05,-1.1749037542590014e-05,-1.2157370991390656e-05,-1.0911132558402068e-05,-1.1388957582171912e-05,-1.2539170205705688e-05,-1.2458587767375913e-05,-1.2254272421811466e-05,-1.1914519982705483e-05,-1.0942535699878437e-05,-1.0992287191808816e-05,-1.1796830715204423e-05,-1.259648217920731e-05,-1.1766717637069482e-05,-1.1777777726429934e-05,-1.1700847903067533e-05,-1.1592747468874517e-05,-1.1436488888177834e-05,-1.1055990378680909e-05,-1.1450734517961801e-05,-1.1507090771814873e-05,-1.2242716065748162e-05,-1.0632230239988935e-05,-1.0832771887837878e-05,-1.1150650915438862e-05,-1.115184908819115e-05,-1.1082289206445984e-05,-1.0868388766470703e-05,-1.0805083484544074e-05,-1.085219560265118e-05,-1.09453600053099e-05,-1.1188628044837806e-05
1.7300065755844116,-1.2401392706313994e-05,-1.2477591575271707e-05,-1.3024586197439418e-05,-1.2990085667231463e-05,-1.274025715733244e-05,-1.296441166671179e-05,-1.2717599152628146e-05,-1.2833213907392227e-05,-1.2903818091889088e-05,-1.2904365552722977e-05,-1.0639023960024507e-05,-1.0423657440931417e-05,-1.0524066388347076e-05,-1.0326020885797488e-05,-1.0203550719193861e-05,-1.0350007637048967e-05,-1.0244782990025932e-05,-1.0277634235152753e-05,-1.0760804156289025e-05,-9.213041782528946e-06,-9.266957111718391e-06,-9.800149738636557e-06,-9.816230160324802e-06,-9.896458553849473e-06,-1.0152152962060863e-05,-1.006355289007397e-05,-1.0052138036889715e-05,-1.0129785584712832e-05,-9.703940148003464e-06,-9.576293334407889e-06,-9.568196177283173e-06,-9.521828962543427e-06,-9.538555494430428e-06,-9.000863248522929e-06,-9.073047979913743e-06,-9.050898321426365e-06,-9.478247513833129e-06,-9.697690868923265e-06,-7.657433117266613e-06,-8.018100012644925e-06,-8.942748274943438e-06,-8.948450956012183e-06,-8.928251420027663e-06,-8.796061846321091e-06,-8.63408340000887e-06,-8.569201525791106e-06,-8.848293665139551e-06,-8.98478340204964e-06,-8.299271482155602e-06,-8.275926742696321e-06,-8.334944731854064e-06,-8.09900277380304e-06,-7.984734453446025e-06,-8.03455432405424e-06,-8.13296001348553e-06,-8.196616751749965e-06,-8.252946114303868e-06,-6.701139476093598e-06,-6.838575873016685e-06,-7.254869433978898e-06,-7.224124266509742e-06,-7.30005688284493e-06,-7.4421246229821584e-06,-7.4365640200074204e-06,-7.4217092375855886e-06,-7.355465541960701e-06,-7.3817173459031655e-06,-6.299272378116982e-06,-6.191644554911772e-06,-6.049836380523212e-06,-6.12375567261231e-06,-6.058677865800333e-06,-6.028931199592041e-06,-5.9798860716270035e-06,-6.050710994863036e-06,-6.624942045173274e-06,-4.831216677916943e-06,-4.811923752604146e-06,-5.77288857062697e-06,-5.797877130625306e-06,-5.705164271706645e-06,-5.742200205634667e-06,-5.6354976875872355e-06,-5.695590393987444e-06,-5.585289546884065e-06,-5.645398934517983e-06,-4.476887285212629e-06,-4.401906074413823e-06,-4.451958547569664e-06,-4.36912543692279e-06,-4.430485845183032e-06,-4.481404879669321e-06,-4.258156405746738e-06,-4.256717793143054e-06,-4.5367693910372575e-06,-3.05513926500444e-06,-2.891761248803637e-06,-3.93277844457475e-06,-3.698750154778776e-06,-3.873821643907899e-06,-3.963626863128418e-06,-3.696117755436838e-06,-3.7006193157766463e-06,-3.605308282805901e-06,-3.7022900995167412e-06,-1.2878125828294577e-05,-1.318859838812865e-05,-1.3187600390180873e-05,-1.292353904903064e-05,-1.286406153502533e-05,-1.2813862238252101e-05,-1.2434224681739807e-05,-1.2747269459051099e-05,-1.350667802194536e-05,-2.7296364821871105e-06,-2.558202652436517e-06,-2.597262983498522e-06,-2.5528680370374187e-06,-2.5153173576261014e-06,-2.5374333660385817e-06,-2.412906446459723e-06,-2.569949117042611e-06,-2.74910010253795e-06,-8.595588792855592e-07,-6.493053021280947e-07,-2.5016103447460837e-06,-1.9907387903720293e-06,-2.3642775584168542e-06,-2.4264885657925297e-06,-2.1880865571806057e-06,-1.9465495551593834e-06,-1.942102640240347e-06,-2.277934126602223e-06,-8.61661218046012e-08,3.639722962181746e-08,-3.433920398349877e-07,-2.2145056767731323e-09,-3.4745880957031346e-07,4.797161148378931e-07,9.149520075975303e-08,-2.618196565668119e-07,-4.4989495829286413e-07,-1.1451235242580555e-05,-1.1840163095838994e-05,-1.3027551861946194e-05,-1.2753692309244117e-05,-1.2664541037526124e-05,-1.2825937869616475e-05,-1.2545505191814257e-05,-1.2468760587667522e-05,-1.273232235462891e-05,-1.2683238399654378e-05,-1.3001817751463671e-05,-1.3176456319436917e-05,-1.3061729552760376e-05,-1.3019528044728303e-05,-1.291831696005721e-05,-1.2873369375827617e-05,-1.292694173309985e-05,-1.3025367626956453e-05,-1.309994942287054e-05,-1.1837322684388777e-05,-1.1956235721707646e-05,-1.2588870215897553e-05,-1.2522915062474713e-05,-1.2434697220825741e-05,-1.2316765787828419e-05,-1.22248007083519e-05,-1.2187549356423047e-05,-1.2320742392619472e-05,-1.2541408079490029e-05,-1.1748657037896956e-05,-1.1903748507448949e-05,-1.1751106878392395e-05,-1.1461433228526466e-05,-1.1697267477577075e-05,-1.1489947209085142e-05,-1.1676398103776884e-05,-1.1645466926171496e-05,-1.2068688663665126e-05,-1.1050323073331926e-05,-1.1366132621326789e-05,-1.2546245205854497e-05,-1.2560690435228018e-05,-1.2328025908189646e-05,-1.1941119360284804e-05,-1.1589633686516702e-05,-1.172036911681579e-05,-1.1932786365028337e-05,-1.2574414345047353e-05,-1.1689676078201975e-05,-1.171267964329078e-05,-1.168276918462391e-05,-1.14691838186405e-05,-1.1407544071617495e-05,-1.1317167448240566e-05,-1.1444996461173294e-05,-1.1676156513495579e-05,-1.225205712521413e-05,-1.0545201511456706e-05,-1.0713385880021859e-05,-1.1053343239455735e-05,-1.1001800096742737e-05,-1.0987795769632601e-05,-1.0934918128222862e-05,-1.0824145389150372e-05,-1.0871628664707509e-05,-1.0882886340405173e-05,-1.122667161156411e-05
1.7400026321411133,-1.2168634994452832e-05,-1.2408823764520251e-05,-1.3023326764294368e-05,-1.3031326566287868e-05,-1.2751216871683159e-05,-1.3001797331332751e-05,-1.2756253022422226e-05,-1.2629519793979711e-05,-1.2912287700697485e-05,-1.3003566836339582e-05,-1.0588554168418457e-05,-1.0463874744974526e-05,-1.0528734545318367e-05,-1.0326993286679746e-05,-1.0266804663185712e-05,-1.023684976916353e-05,-1.022758449426795e-05,-1.0355045082021685e-05,-1.074616666131663e-05,-9.198409104981803e-06,-9.377050378124705e-06,-9.797293221167586e-06,-9.849277553751446e-06,-9.952556104776314e-06,-1.0091133152956142e-05,-1.0180644509236273e-05,-9.982554715135112e-06,-1.0172395495363306e-05,-9.742979843228942e-06,-9.586147629417892e-06,-9.547757927092122e-06,-9.484349394080982e-06,-9.43831997432385e-06,-9.071967007208634e-06,-9.024944910242062e-06,-9.048469332473063e-06,-9.419773462317673e-06,-9.771906971929397e-06,-7.703104106204604e-06,-7.741703474381653e-06,-8.99490459679899e-06,-8.969579464149822e-06,-8.832510198172077e-06,-8.818507309099329e-06,-8.588008538270253e-06,-8.690937718111527e-06,-8.779130106498717e-06,-8.921795494974702e-06,-8.178142069711354e-06,-8.401261983091386e-06,-8.247793770143792e-06,-8.168431290832746e-06,-8.064336725491643e-06,-8.145970656760056e-06,-8.01243953797354e-06,-8.178772792910051e-06,-8.332320097914025e-06,-6.647684175064807e-06,-6.822479489113424e-06,-7.2373480269252764e-06,-7.279178017997974e-06,-7.153899508177896e-06,-7.3716820019859196e-06,-7.4098101253106815e-06,-7.3707970337768964e-06,-7.365458391873109e-06,-7.4734534179255305e-06,-6.38498990415817e-06,-6.247296458051848e-06,-6.205087328421611e-06,-6.124234682866496e-06,-6.0264227590730105e-06,-6.03464711060476e-06,-6.126625995240213e-06,-6.091291403346796e-06,-6.7052771410721875e-06,-4.949235903096847e-06,-4.78823906110617e-06,-5.721137415805692e-06,-5.763685490848451e-06,-5.780864932611033e-06,-5.763334250216254e-06,-5.680212094054245e-06,-5.660254723565986e-06,-5.69689987083362e-06,-5.777510926107431e-06,-4.554862058443552e-06,-4.497243998683738e-06,-4.4716671375896734e-06,-4.549235737160149e-06,-4.292877458988253e-06,-4.284205158809914e-06,-4.180511949704006e-06,-4.2457134277314125e-06,-4.487222172317947e-06,-3.2067699537767158e-06,-2.8424949506882143e-06,-4.041843801855602e-06,-3.824261986165176e-06,-4.006390715681356e-06,-3.86936228996545e-06,-3.560309792052748e-06,-3.725909863626615e-06,-3.6953322994151147e-06,-3.7506753121240892e-06,-1.2929622234792441e-05,-1.3066375563955884e-05,-1.3144420872920724e-05,-1.2953055054041781e-05,-1.2786928373176161e-05,-1.2816902824506829e-05,-1.2472817866356083e-05,-1.2809009437280095e-05,-1.3291060709131677e-05,-2.720080939444615e-06,-2.521561819281049e-06,-2.427107425182769e-06,-2.6106485231202892e-06,-2.5836154334645282e-06,-2.5269666109047175e-06,-2.5654843704599547e-06,-2.49932695707839e-06,-2.7345636296921133e-06,-7.764492340488318e-07,-4.817666123504819e-07,-2.3511941504504587e-06,-1.8470109798732524e-06,-2.3113605866845343e-06,-2.4322033263753387e-06,-1.863118580468145e-06,-1.836591320463869e-06,-1.8977101384428049e-06,-2.2051830960877274e-06,-1.8371121776060675e-07,1.3678963960750633e-07,-1.0030993854144534e-07,-2.609919222458595e-07,-1.991919778577523e-07,-3.449681288130347e-07,-6.025772119056487e-08,-1.133257587505707e-07,-1.2180960412911646e-07,-1.1424846249871206e-05,-1.164415371042811e-05,-1.293329066817109e-05,-1.2769911789147852e-05,-1.2617947331897653e-05,-1.2732776486836271e-05,-1.2571941495953696e-05,-1.2525630796083329e-05,-1.274286086782847e-05,-1.2817627595350749e-05,-1.3040437971182857e-05,-1.3184836482319735e-05,-1.3006110868283982e-05,-1.2986747119629791e-05,-1.2857001202857887e-05,-1.2931292659023189e-05,-1.2981178751253155e-05,-1.30009488892734e-05,-1.3097697024908573e-05,-1.169691213853832e-05,-1.2077624484194951e-05,-1.2540853140861718e-05,-1.2486221093837732e-05,-1.2320475636683863e-05,-1.2253419953247429e-05,-1.2260814053892796e-05,-1.2222606263296699e-05,-1.2233024125159345e-05,-1.2537798893251796e-05,-1.1903879081243845e-05,-1.1916111027272373e-05,-1.1755483976596208e-05,-1.1571982352785009e-05,-1.160607261092596e-05,-1.1426745178243023e-05,-1.1614382022369252e-05,-1.1676804493142938e-05,-1.2084684816362393e-05,-1.1019424539175262e-05,-1.1269765134188412e-05,-1.2484545348868644e-05,-1.2355645860903748e-05,-1.2459954621913901e-05,-1.2082208947390218e-05,-1.1575283942825791e-05,-1.1552924906094616e-05,-1.2018985921202225e-05,-1.2450908935327579e-05,-1.1642963590685194e-05,-1.1546658082958276e-05,-1.1512639582883025e-05,-1.1550857152133362e-05,-1.1264519892813024e-05,-1.1387036220416831e-05,-1.1306985999724627e-05,-1.1539535915183117e-05,-1.2117344658712773e-05,-1.0586847505645514e-05,-1.0730823521397585e-05,-1.1142099482303046e-05,-1.1056394179579663e-05,-1.1048974625672516e-05,-1.0906294569215166e-05,-1.0853373642880027e-05,-1.0868018903254323e-05,-1.10258729864338e-05,-1.1109734006206139e-05
1.7500131130218506,-1.2287731237735025e-05,-1.2535365877793805e-05,-1.2995653748000623e-05,-1.2901589277740298e-05,-1.2764390300790089e-05,-1.2769132085275684e-05,-1.2673140213503245e-05,-1.2822979395296643e-05,-1.27975615092359e-05,-1.296306436948229e-05,-1.0585467277359812e-05,-1.0450646814250562e-05,-1.0435806124595139e-05,-1.032199538773522e-05,-1.0232989645400964e-05,-1.0188932781529952e-05,-1.0243991781854652e-05,-1.0410839350863243e-05,-1.0784442758688691e-05,-9.171109762703518e-06,-9.287837630308343e-06,-9.805354571161323e-06,-9.796967937110255e-06,-9.929331800948339e-06,-1.0070024489734466e-05,-1.0110106474459293e-05,-1.0058721947270272e-05,-1.0146474008609034e-05,-9.787125577810577e-06,-9.541599963386107e-06,-9.544955911240184e-06,-9.502486640646327e-06,-9.344233070680259e-06,-8.925086515440677e-06,-8.996179560747839e-06,-9.01393055047057e-06,-9.405551128739406e-06,-9.745975562717141e-06,-7.623170726050233e-06,-7.875023992592589e-06,-8.937789203008408e-06,-8.919439989731964e-06,-8.893865213792113e-06,-8.70570190417787e-06,-8.581989704681596e-06,-8.560515851865053e-06,-8.690935417251707e-06,-8.914028511234438e-06,-8.206789931550919e-06,-8.328873697508197e-06,-8.314118571077404e-06,-8.07987493518247e-06,-8.060129603307176e-06,-7.977681958582351e-06,-8.015783909626638e-06,-8.18289773125775e-06,-8.327144241842642e-06,-6.7225225168490425e-06,-6.786319391857008e-06,-7.265846979993239e-06,-7.202690175426996e-06,-7.305827870689638e-06,-7.418033038805042e-06,-7.37373997729293e-06,-7.355141624038889e-06,-7.294344207416335e-06,-7.38179579084272e-06,-6.369499221603043e-06,-6.099444931537152e-06,-6.12161213408067e-06,-6.044535774708356e-06,-6.030943013898872e-06,-5.8865574450984915e-06,-5.911531840428547e-06,-6.056205160510414e-06,-6.678478595314528e-06,-5.003247868398814e-06,-4.8467442461310905e-06,-6.00263035857462e-06,-5.675589450966306e-06,-5.8687503719175985e-06,-5.860612374531042e-06,-5.523149290947915e-06,-5.5683574475523445e-06,-5.62819145102632e-06,-5.613633048110305e-06,-4.686695645994543e-06,-4.541507220920034e-06,-4.456366923086683e-06,-4.51720611469538e-06,-4.323884421164028e-06,-4.344317638224217e-06,-4.123369377006775e-06,-4.386494268209467e-06,-4.477922384525036e-06,-2.9951410376606717e-06,-2.8361404791730287e-06,-4.17896764135225e-06,-3.758151380900614e-06,-4.001790434074811e-06,-3.904179619810141e-06,-3.5607657937087135e-06,-3.67007942814473e-06,-3.6222761892686e-06,-3.7596254411259308e-06,-1.2993085413224354e-05,-1.304205403760031e-05,-1.3092288134878346e-05,-1.3023659957557336e-05,-1.2808630370624426e-05,-1.276563420313134e-05,-1.2402576498692396e-05,-1.2869198348381609e-05,-1.3280015719163804e-05,-2.8135033979127426e-06,-2.4349106474652294e-06,-2.467631390699022e-06,-2.7420432216602395e-06,-2.5312749709213498e-06,-2.442941870575673e-06,-2.460058182496889e-06,-2.4204480897411733e-06,-2.583642324763697e-06,-5.643635253562576e-07,-5.874722109781774e-07,-2.4591141828530578e-06,-1.7466706987429046e-06,-2.4008758975674853e-06,-2.5407018812194235e-06,-1.971592401069144e-06,-2.0384906913133813e-06,-2.0699121677664577e-06,-2.258585693046221e-06,9.854956507203285e-08,1.881273586795239e-07,3.593655434433804e-08,-3.969515266725932e-08,-1.7296670570510962e-07,-6.428300354722567e-08,2.2891843964073354e-07,1.3676914757471694e-07,-5.765255827676943e-07,-1.139241174797964e-05,-1.1693661455021098e-05,-1.3033799559185266e-05,-1.2771502977518481e-05,-1.2547523908700555e-05,-1.2708081070759627e-05,-1.2408773289407907e-05,-1.2484399100466211e-05,-1.2643802237520828e-05,-1.2705729016806621e-05,-1.2920601713860422e-05,-1.317414524954949e-05,-1.2992999706195986e-05,-1.3000759643553045e-05,-1.2856000904050288e-05,-1.278425060375461e-05,-1.29091192729189e-05,-1.307423788957502e-05,-1.3120406079940165e-05,-1.1750378800062482e-05,-1.20355014930043e-05,-1.2611491838255909e-05,-1.251292012740809e-05,-1.238143878711547e-05,-1.2327777127721396e-05,-1.2227653199316183e-05,-1.2171955422783409e-05,-1.2313946371724078e-05,-1.2553075308236004e-05,-1.1819824501638984e-05,-1.1866601988445733e-05,-1.1722760716796986e-05,-1.1488652831631546e-05,-1.1685018562707358e-05,-1.154337720065589e-05,-1.1563837596622726e-05,-1.1640420565366966e-05,-1.196972753229244e-05,-1.0963518103417383e-05,-1.1269577038897967e-05,-1.2468426387778382e-05,-1.242084288101525e-05,-1.2262784596526572e-05,-1.1901036225130067e-05,-1.1570166255366783e-05,-1.1604936129977646e-05,-1.2052293455592489e-05,-1.2449105780245852e-05,-1.1714964109486513e-05,-1.1558194594105613e-05,-1.1582248501703146e-05,-1.1532732272689562e-05,-1.1342352516048071e-05,-1.13761800447581e-05,-1.1317062615314928e-05,-1.1545068620232513e-05,-1.2104289723886674e-05,-1.0550599760010254e-05,-1.0693787587469564e-05,-1.1063799065505445e-05,-1.0982403129424866e-05,-1.1048669905549842e-05,-1.0907555728005081e-05,-1.0859590422315241e-05,-1.0928118368430256e-05,-1.0870231898991837e-05,-1.1134551224049606e-05
1.7600091695785522,-1.2413231924331663e-05,-1.2469664969381295e-05,-1.3060009660043456e-05,-1.3111892323383934e-05,-1.2717873817769394e-05,-1.2789857367729525e-05,-1.2748889695776979e-05,-1.2764275401602729e-05,-1.2820504820558117e-05,-1.3025928030126841e-05,-1.0576597175138653e-05,-1.0393712037956002e-05,-1.0556352916191342e-05,-1.030701535225683e-05,-1.0216470766112895e-05,-1.0227823639885694e-05,-1.029076826203523e-05,-1.0355046663862812e-05,-1.0789072663865442e-05,-9.154053416941412e-06,-9.259450340843617e-06,-9.852124004958696e-06,-9.779204867873458e-06,-9.891055272165063e-06,-1.0137683286051732e-05,-1.007878012417948e-05,-9.96566223373345e-06,-1.0093767781256032e-05,-9.731216984996616e-06,-9.592925099630972e-06,-9.478769377601498e-06,-9.50616715353904e-06,-9.399973700727217e-06,-9.062166063385752e-06,-9.020677102879792e-06,-9.059707019451026e-06,-9.350820000939332e-06,-9.745660057314055e-06,-7.681412894036756e-06,-7.834335443697196e-06,-8.974481877411738e-06,-8.871535944434884e-06,-8.858399760496321e-06,-8.768752941094172e-06,-8.645781546558701e-06,-8.612056190405142e-06,-8.633760776320708e-06,-8.97767662127454e-06,-8.308444147443349e-06,-8.347268424667994e-06,-8.293856192858995e-06,-8.268623526013923e-06,-8.056095477020576e-06,-8.08797130138662e-06,-8.155055889374569e-06,-8.152547161248062e-06,-8.315934237084413e-06,-6.660267146019925e-06,-6.832892893060167e-06,-7.281508069978931e-06,-7.2127527701527575e-06,-7.21074174676649e-06,-7.1438564707606205e-06,-7.436751468181042e-06,-7.3790731546546405e-06,-7.231248663242852e-06,-7.29985670804042e-06,-6.296118258810414e-06,-6.211562523175581e-06,-6.21714196444011e-06,-6.142648464021693e-06,-6.07796439184675e-06,-6.097986114508155e-06,-6.003911290378631e-06,-6.023776985983358e-06,-6.57524225068702e-06,-4.834056442250335e-06,-4.888192078767733e-06,-5.860392067203089e-06,-5.725199224312027e-06,-5.875095424287887e-06,-5.717880548727699e-06,-5.607489896189394e-06,-5.51151139816467e-06,-5.533617987432254e-06,-5.773569697036141e-06,-4.641276673108925e-06,-4.665050235317524e-06,-4.603595348000842e-06,-4.577937597303662e-06,-4.495981833267651e-06,-4.269974412712921e-06,-4.349966392890884e-06,-4.178738993407442e-06,-4.400605872908804e-06,-3.182716765197879e-06,-2.8593198443326047e-06,-3.976403897229144e-06,-3.7892743926936596e-06,-3.921865754046641e-06,-3.858583696423841e-06,-3.852336574399724e-06,-3.5183133481523054e-06,-3.666526684874006e-06,-3.636488744192626e-06,-1.2861763551278141e-05,-1.3106510899867831e-05,-1.3043498402353548e-05,-1.286957583319615e-05,-1.284611137712426e-05,-1.2754802617911955e-05,-1.2352558107022668e-05,-1.2861702003277904e-05,-1.3210198572529795e-05,-2.704522525328478e-06,-2.4999370444405585e-06,-2.4297110637769327e-06,-2.627338241250139e-06,-2.5202492506544864e-06,-2.4443055614314047e-06,-2.1373773323493325e-06,-2.462646074581646e-06,-2.7020065351131575e-06,-9.479187990285358e-07,-4.867406398743568e-07,-2.3799206010333176e-06,-1.9095181510491364e-06,-2.269596242018633e-06,-2.177451767377869e-06,-1.971774816111904e-06,-1.8977346569802827e-06,-2.1255366762942765e-06,-2.4820232688854224e-06,-1.4732196924629666e-07,3.333860318804723e-07,-1.3161011654078225e-07,1.0537312438342132e-07,-2.2648880357060661e-07,-2.149289962175695e-07,-3.0138322881300237e-07,-3.7731433520893315e-07,-8.18581931991856e-08,-1.130123758906692e-05,-1.1803281319519045e-05,-1.2880365427723785e-05,-1.2626222230443616e-05,-1.2584742329573205e-05,-1.2807787393107153e-05,-1.2460226698587849e-05,-1.2504698004834293e-05,-1.270143848845361e-05,-1.2769608938473787e-05,-1.2953323535622256e-05,-1.3172672411655954e-05,-1.2973119270708023e-05,-1.3014243401128462e-05,-1.2918890161760357e-05,-1.295835249617438e-05,-1.2914914851202954e-05,-1.3005626681095199e-05,-1.303648624443863e-05,-1.1783681876536841e-05,-1.2089720391886507e-05,-1.2463048990766968e-05,-1.2494946385693844e-05,-1.246877611847132e-05,-1.2433152624866509e-05,-1.2269378716972588e-05,-1.2169874151270702e-05,-1.2341839695345776e-05,-1.2580406071631232e-05,-1.1831159543748163e-05,-1.1904200194992748e-05,-1.1801137780987406e-05,-1.1537718811138719e-05,-1.175105654708379e-05,-1.1467991398037765e-05,-1.161815212499128e-05,-1.1696491944013333e-05,-1.196205689705722e-05,-1.093908901186513e-05,-1.126495144783338e-05,-1.2510435198800366e-05,-1.229779994411969e-05,-1.2290692156718418e-05,-1.1866512254912677e-05,-1.1531215862263147e-05,-1.1646700762251026e-05,-1.1980508210988264e-05,-1.25325750786335e-05,-1.1650745673818042e-05,-1.167047209550167e-05,-1.1489685054869175e-05,-1.153989786919386e-05,-1.1436994214516233e-05,-1.1329698937457167e-05,-1.1370670204503183e-05,-1.1532134480547067e-05,-1.2162253559736609e-05,-1.0581846299214992e-05,-1.0687880992699099e-05,-1.1012950063439987e-05,-1.0921773459863707e-05,-1.0957170174972316e-05,-1.0901365839869035e-05,-1.0892358548880993e-05,-1.0889937756740807e-05,-1.0951021989920543e-05,-1.1071818856218647e-05
1.770005226135254,-1.2336752206671932e-05,-1.2382235459828824e-05,-1.3028071281051003e-05,-1.2920360411186594e-05,-1.2787971381694206e-05,-1.2880693587855893e-05,-1.2809318471514933e-05,-1.2827279702303898e-05,-1.282619225843054e-05,-1.3064825359650832e-05,-1.0559405581960137e-05,-1.0391122707833856e-05,-1.0469137674209795e-05,-1.0317196081754076e-05,-1.0206894443730131e-05,-1.025585530270419e-05,-1.027111978197807e-05,-1.0355775748818898e-05,-1.0773028193111914e-05,-9.241752270896789e-06,-9.276153145113704e-06,-9.812600122544436e-06,-9.853919107031047e-06,-9.939979317381967e-06,-1.0162526819979414e-05,-1.0136563486337129e-05,-1.0098882880247742e-05,-1.006916799466574e-05,-9.762489696481828e-06,-9.575816912621003e-06,-9.541884694789075e-06,-9.511072730483212e-06,-9.352395514702425e-06,-8.985289375504862e-06,-8.9956152748765e-06,-9.061416702102486e-06,-9.373250364324988e-06,-9.716018511638877e-06,-7.713190500449151e-06,-7.63255010921261e-06,-8.982940413332244e-06,-8.878559319041436e-06,-8.880695235974916e-06,-8.8145304167008e-06,-8.58615246341262e-06,-8.556302618021685e-06,-8.711202684797236e-06,-9.02773542179489e-06,-8.24825207265958e-06,-8.283390660056913e-06,-8.30735059191109e-06,-8.166993397247755e-06,-8.178615327815985e-06,-8.113850222234188e-06,-8.035222076715697e-06,-8.14599575051249e-06,-8.35431818726063e-06,-6.6358507810985645e-06,-6.773897984402514e-06,-7.275951924920099e-06,-7.268013383319359e-06,-7.257028287608728e-06,-7.318002798535704e-06,-7.396318674235234e-06,-7.352900298964816e-06,-7.328502628529509e-06,-7.4010880690386924e-06,-6.376449040597161e-06,-6.24886679488034e-06,-6.156573267664233e-06,-6.139073359269573e-06,-6.018823378590403e-06,-6.031638880191278e-06,-6.0338485684428e-06,-5.948831941824879e-06,-6.628952875254178e-06,-4.84001919238083e-06,-4.963223548973274e-06,-5.842225340871276e-06,-5.836297822656803e-06,-5.76454680334243e-06,-5.6715520171937105e-06,-5.750037365599502e-06,-5.502623176672413e-06,-5.66042132019747e-06,-5.724150319840688e-06,-4.613946916339869e-06,-4.594804625443542e-06,-4.3247023049288675e-06,-4.456578817895911e-06,-4.373696310664734e-06,-4.303999959171377e-06,-4.24548801537073e-06,-4.291783328241038e-06,-4.712496409510033e-06,-3.1634530320440734e-06,-2.8525535189092875e-06,-4.028266571849917e-06,-3.802428048786494e-06,-3.796095579243357e-06,-3.8024382588519545e-06,-3.7606660049804154e-06,-3.5956955061753334e-06,-3.6542501596864262e-06,-3.6582936332160547e-06,-1.3171600786193873e-05,-1.311903649313114e-05,-1.3142729884755317e-05,-1.3042748609659066e-05,-1.2871819746737524e-05,-1.2879260295990545e-05,-1.2464202728163946e-05,-1.2842237160595285e-05,-1.3507425945191239e-05,-2.66143590528364e-06,-2.697375263800886e-06,-2.4681736026964424e-06,-2.5719625131905705e-06,-2.5289246426132106e-06,-2.687405494388567e-06,-2.6713028550226658e-06,-2.4974096937298675e-06,-2.7218572032271726e-06,-8.365996776501977e-07,-6.506569853716305e-07,-2.3799411649679767e-06,-1.9578527447404017e-06,-2.5037109578616694e-06,-2.4347582874038936e-06,-2.515600507187942e-06,-2.0297799236348945e-06,-2.306762749741551e-06,-2.1431570922221122e-06,2.109841001509384e-07,-3.5461527453719273e-07,-1.3599188836610898e-07,3.815357658654158e-08,-2.3490096278532412e-07,-2.3896428123091683e-07,-2.929773969627953e-07,-3.5265666761374373e-07,-1.1877541714076757e-07,-1.156628182877235e-05,-1.1799052914381227e-05,-1.2962177100413445e-05,-1.2775122086214695e-05,-1.2717245107823043e-05,-1.2727670303676372e-05,-1.250585188603501e-05,-1.2479463899951832e-05,-1.2682843514587433e-05,-1.28337505829457e-05,-1.2975816597438063e-05,-1.3260649957257267e-05,-1.3074939939428198e-05,-1.3123142665090915e-05,-1.2887078761469328e-05,-1.2927938868225196e-05,-1.2957746219611293e-05,-1.2937792875627722e-05,-1.3108484749987601e-05,-1.1737023603029617e-05,-1.2027149084243084e-05,-1.2522598119034237e-05,-1.245160681487233e-05,-1.235185246207602e-05,-1.2288920638459244e-05,-1.2287634026407547e-05,-1.2280185280341409e-05,-1.2278639533952265e-05,-1.2514378297320262e-05,-1.1852086295240164e-05,-1.1936747870426807e-05,-1.1742272008087262e-05,-1.1654686040066898e-05,-1.1664069090224616e-05,-1.1593805864392623e-05,-1.1589040927505068e-05,-1.176163359968537e-05,-1.1949116430007264e-05,-1.1101801648166171e-05,-1.1360099910677333e-05,-1.2512071541545001e-05,-1.2473102597759052e-05,-1.2407035708831107e-05,-1.1943259447526711e-05,-1.1521845898245666e-05,-1.1648579558099399e-05,-1.2028722584753833e-05,-1.2397607648103121e-05,-1.1619443770173839e-05,-1.1586148602905118e-05,-1.1593696573551079e-05,-1.1493817542913165e-05,-1.1377286614528728e-05,-1.1408388918583375e-05,-1.1338952132838683e-05,-1.1535991872038595e-05,-1.2143651395683487e-05,-1.0535303931521301e-05,-1.0739810823665925e-05,-1.1173491550891522e-05,-1.1039773343440732e-05,-1.1031728674680704e-05,-1.0943624437985443e-05,-1.0850529061121382e-05,-1.0877690423712218e-05,-1.0935831138160966e-05,-1.101565184808593e-05
1.7800012826919556,-1.2248206348694593e-05,-1.2559078395315253e-05,-1.3087041599269307e-05,-1.296719441286272e-05,-1.2837476537819897e-05,-1.3000484259393101e-05,-1.2793165428938558e-05,-1.2742974760389658e-05,-1.2861916846063779e-05,-1.3064768700977718e-05,-1.05547916389984e-05,-1.0351246506259357e-05,-1.0484608943260176e-05,-1.028086492995027e-05,-1.0318365781366068e-05,-1.0285514967650463e-05,-1.0240115264465856e-05,-1.0399428380379939e-05,-1.079128911089269e-05,-9.18415916108567e-06,-9.255479056790902e-06,-9.812818848031262e-06,-9.831214941326576e-06,-9.969160547289012e-06,-1.0084789826230718e-05,-1.0001028318645681e-05,-9.96646106350289e-06,-1.0194238420475668e-05,-9.813541749426575e-06,-9.535274755931781e-06,-9.573198390339866e-06,-9.467493582632734e-06,-9.413147705049104e-06,-9.050343814209272e-06,-9.02636267130361e-06,-8.990276561070845e-06,-9.415933183471073e-06,-9.667188657870934e-06,-7.722386246236987e-06,-7.668823739520866e-06,-8.962863110525764e-06,-8.92543732466166e-06,-8.951879524754391e-06,-8.882582228636404e-06,-8.615714054208983e-06,-8.551574710596892e-06,-8.774786514566062e-06,-8.993375244036078e-06,-8.296068325774078e-06,-8.36173220472383e-06,-8.335143181013707e-06,-8.306993599129339e-06,-8.17579504888921e-06,-8.033077891067232e-06,-8.155538854231573e-06,-8.188326897615158e-06,-8.363042184883094e-06,-6.682761933480596e-06,-6.8685878571231985e-06,-7.252334749277524e-06,-7.337521280012924e-06,-7.251575106026928e-06,-7.280259637819906e-06,-7.4916469636546444e-06,-7.424397001366993e-06,-7.430213503095054e-06,-7.389154443866455e-06,-6.297717643994158e-06,-6.176801132985312e-06,-6.135536146802647e-06,-6.160707768960568e-06,-6.1142655605710015e-06,-6.045856036834948e-06,-6.033987267148942e-06,-6.148819441966076e-06,-6.765572035529251e-06,-4.767146503903249e-06,-4.98991294769313e-06,-5.941847394227822e-06,-5.7548575231227824e-06,-5.604165872765346e-06,-5.559438523961839e-06,-5.668909192080705e-06,-5.6058510368793284e-06,-5.564524502696425e-06,-5.722385200847893e-06,-4.618314811104394e-06,-4.684316844546107e-06,-4.390803491048532e-06,-4.4625611972367635e-06,-4.484406423208946e-06,-4.397993965599655e-06,-4.351045855656733e-06,-4.3480695496732806e-06,-4.671337981897872e-06,-2.956934613200094e-06,-2.918793547538834e-06,-3.7460753900268928e-06,-3.7158182924474705e-06,-4.021215946434849e-06,-4.041884498313703e-06,-3.8473425581561454e-06,-3.746881985198231e-06,-3.7271733951782223e-06,-3.822201134783387e-06,-1.2951025695678805e-05,-1.318597655836152e-05,-1.2988730748403803e-05,-1.3028545401978066e-05,-1.2910220665754927e-05,-1.2795419983956606e-05,-1.2483168859480152e-05,-1.2808177676454455e-05,-1.325788101626527e-05,-2.6942338711252077e-06,-2.6353169040940244e-06,-2.4717796252524195e-06,-2.614271514517453e-06,-2.6905304934380137e-06,-2.5593556708148e-06,-2.3241785329489706e-06,-2.6015932016834624e-06,-2.8095134193739752e-06,-1.0024597463839471e-06,-4.104145765096117e-07,-2.564103566959297e-06,-1.9313118952828024e-06,-2.215557888730582e-06,-2.3856724629807563e-06,-2.233615899435808e-06,-1.9178717821421328e-06,-2.062825160005454e-06,-2.1757576874320765e-06,-2.673866588079293e-07,-2.0578573879442208e-07,-4.056911989025922e-07,-1.3751850885798378e-07,9.742056191814153e-08,-4.935335689893654e-07,-2.845579756592647e-07,-3.0815300552605263e-07,-3.871106054103024e-07,-1.1539944605408994e-05,-1.1774839959848501e-05,-1.281310813144545e-05,-1.294916760756883e-05,-1.2729454476664567e-05,-1.2742001928096183e-05,-1.2468944368845802e-05,-1.2579639022488085e-05,-1.274456566115281e-05,-1.2716415072642267e-05,-1.3048873786112617e-05,-1.3160876334759949e-05,-1.3102390059926691e-05,-1.3078236783945598e-05,-1.2962214633189291e-05,-1.3007762598028677e-05,-1.286182624970829e-05,-1.309373968981853e-05,-1.3167313421523116e-05,-1.180472237678629e-05,-1.2068114455335807e-05,-1.2719686320094148e-05,-1.2610397204195609e-05,-1.2454391286668126e-05,-1.2378375767477477e-05,-1.2348706611484435e-05,-1.225988335609481e-05,-1.2328624131743356e-05,-1.2550326643571187e-05,-1.1871133244257618e-05,-1.193519737851428e-05,-1.185143989743393e-05,-1.1697936308766573e-05,-1.1754994468669085e-05,-1.1697192268221645e-05,-1.1619615615641792e-05,-1.1630993942676372e-05,-1.1991919469079045e-05,-1.105837593890507e-05,-1.1283667935858905e-05,-1.2512878424323818e-05,-1.2498373660202402e-05,-1.2329951296449414e-05,-1.190279508866022e-05,-1.159143022662644e-05,-1.1561735042156664e-05,-1.1960847220005821e-05,-1.253299743021457e-05,-1.1571821580204949e-05,-1.1659371884898072e-05,-1.1462273617576438e-05,-1.1408412358592811e-05,-1.1319154384500573e-05,-1.1362100939703748e-05,-1.136582502512934e-05,-1.15639122307632e-05,-1.215350195179628e-05,-1.0489879494093605e-05,-1.074704961627331e-05,-1.1148456038972445e-05,-1.1028148824405202e-05,-1.1057078541572957e-05,-1.092313053574745e-05,-1.0840770970812685e-05,-1.084682295116315e-05,-1.089548110326688e-05,-1.1124803343806367e-05
1.7900117635726929,-1.2365102969986986e-05,-1.2497107180674149e-05,-1.3052728589136844e-05,-1.3013666604331842e-05,-1.283165191118059e-05,-1.299049953439194e-05,-1.2807284080021098e-05,-1.2616117141713018e-05,-1.2888066836959123e-05,-1.3001753614996135e-05,-1.0614581350920803e-05,-1.0377423963668825e-05,-1.0536375556983382e-05,-1.0262204093971688e-05,-1.0298635189374011e-05,-1.0269086972325363e-05,-1.0207358210787998e-05,-1.0401980752941194e-05,-1.0791931338390498e-05,-9.230040319188024e-06,-9.316311705329481e-06,-9.889980914431942e-06,-9.809456716616412e-06,-9.895917564183833e-06,-1.0168120354010354e-05,-1.0010246713522388e-05,-9.991111900420482e-06,-1.0163126625374254e-05,-9.781965324444862e-06,-9.56645097510821e-06,-9.598037610155382e-06,-9.470947029421767e-06,-9.49062844053513e-06,-8.96514369402055e-06,-8.975849163360943e-06,-9.000616193699545e-06,-9.418150493320754e-06,-9.793403186227334e-06,-7.755906178749566e-06,-7.85923110648022e-06,-9.009544967846164e-06,-8.924544878658213e-06,-8.852211885612621e-06,-8.802189755045683e-06,-8.60277696654689e-06,-8.630017780703454e-06,-8.732729816899031e-06,-8.995919851195433e-06,-8.324579070748628e-06,-8.300808384614805e-06,-8.24213681866401e-06,-8.303836028533037e-06,-8.171013215062339e-06,-8.164287442293383e-06,-8.182287356288105e-06,-8.12048956895608e-06,-8.33437490953878e-06,-6.7277240418878145e-06,-6.833457538440851e-06,-7.283241480247305e-06,-7.312876986165449e-06,-7.228018975071505e-06,-7.336127318470159e-06,-7.3808934942831625e-06,-7.384205006781928e-06,-7.379931734877581e-06,-7.2733251339239765e-06,-6.406390560871627e-06,-6.179719917473216e-06,-6.174512784088627e-06,-6.107973427976617e-06,-6.023056673055343e-06,-6.132172505448541e-06,-6.019379323844886e-06,-6.114922456050172e-06,-6.754065723167074e-06,-4.913779149927258e-06,-4.932579475532545e-06,-5.868265681415728e-06,-5.737106677203789e-06,-5.703546335840588e-06,-5.7709925902318e-06,-5.651511240536905e-06,-5.599963208496786e-06,-5.623110433520723e-06,-5.726522865826483e-06,-4.535342857947638e-06,-4.458409511393633e-06,-4.412634911861783e-06,-4.668999373594452e-06,-4.514926394023028e-06,-4.337610272333838e-06,-4.47833905585842e-06,-4.371324483697634e-06,-4.799369254789325e-06,-3.0989569832577075e-06,-2.913649040682526e-06,-3.864921486705316e-06,-3.7432904149180105e-06,-3.9763913144019936e-06,-4.012932491566422e-06,-3.7553561238244026e-06,-3.681856451045335e-06,-3.7405724523514435e-06,-3.775799119538835e-06,-1.3085251817935296e-05,-1.3007749799495918e-05,-1.3074713017128257e-05,-1.2961811119898014e-05,-1.2881093649857437e-05,-1.2714670445682262e-05,-1.2582607706873375e-05,-1.2818706698607252e-05,-1.3246693660595914e-05,-2.767635757361842e-06,-2.581738722770367e-06,-2.5030595269245756e-06,-2.6755142913192974e-06,-2.5674925896733146e-06,-2.64913522106793e-06,-2.2840288166631345e-06,-2.6168311491675214e-06,-2.752473091135083e-06,-9.322982616972057e-07,-7.237831279389759e-07,-2.278826860213146e-06,-1.8075381477862908e-06,-2.376274169626718e-06,-2.472899640672631e-06,-2.306235421431104e-06,-2.250871485278123e-06,-2.1024678243080243e-06,-2.3733928460127907e-06,1.9301747672176648e-07,2.0489724739379568e-07,1.1868625882266608e-08,3.843809228390155e-08,7.513673454239499e-09,2.8007719495972342e-08,-2.6246634198052344e-07,-7.357063992420149e-08,5.099028923890061e-08,-1.1534453459640131e-05,-1.1892046190590687e-05,-1.2953781694334306e-05,-1.295026094739548e-05,-1.2788629427603288e-05,-1.2869142121119711e-05,-1.258453395795558e-05,-1.2493176593079536e-05,-1.280101941394084e-05,-1.2822864927520498e-05,-1.3133518823869291e-05,-1.3231624610603161e-05,-1.3072377069194004e-05,-1.3050382287333393e-05,-1.297235035211627e-05,-1.2920842153711818e-05,-1.2934294130660945e-05,-1.3151178066806622e-05,-1.3032393302422827e-05,-1.1819034300093878e-05,-1.2011275883742555e-05,-1.2595143941613361e-05,-1.2607611725773641e-05,-1.2405912026415555e-05,-1.2464928505634037e-05,-1.2279011554224729e-05,-1.2350557940818684e-05,-1.2367791524688953e-05,-1.2534288212574692e-05,-1.1927496975905113e-05,-1.1916961051172851e-05,-1.1860009737448322e-05,-1.162132155939604e-05,-1.1617711510335374e-05,-1.1525255053483127e-05,-1.1752719781127593e-05,-1.1761978728658665e-05,-1.207354822341286e-05,-1.1102978537965106e-05,-1.1409487866755841e-05,-1.2422091097468667e-05,-1.2341581711438238e-05,-1.2346893246337248e-05,-1.2065434528858173e-05,-1.1724089463344171e-05,-1.1624876963035934e-05,-1.20304999989663e-05,-1.2520229959062479e-05,-1.1630275211589485e-05,-1.1610409587886627e-05,-1.1572101997495752e-05,-1.1511301776700289e-05,-1.1399821810840022e-05,-1.135174333160769e-05,-1.1330668030853432e-05,-1.1570065736553312e-05,-1.2172053928344535e-05,-1.0499095300503014e-05,-1.0896437110522906e-05,-1.1060778611774158e-05,-1.0955343436077414e-05,-1.0987462863977108e-05,-1.0983370065765048e-05,-1.0891209700811137e-05,-1.096898437113942e-05,-1.0910947339186398e-05,-1.1074436947088567e-05
1.8000078201293945,-1.2563844051221502e-05,-1.2396654229314394e-05,-1.3130374842726313e-05,-1.3009913039139783e-05,-1.2735092589854558e-05,-1.2927820230140627e-05,-1.2794858861767524e-05,-1.2642061061850555e-05,-1.2899425606685216e-05,-1.2945788651116533e-05,-1.0697714292363226e-05,-1.0488847414659713e-05,-1.0439600098637824e-05,-1.0364012683177799e-05,-1.0343345353630724e-05,-1.0277512145778448e-05,-1.031966432912809e-05,-1.037427940731089e-05,-1.0750068919574685e-05,-9.274049943530817e-06,-9.333808737649363e-06,-9.931087213188762e-06,-9.827860143902409e-06,-9.984229309674288e-06,-1.0151843784022286e-05,-1.0010369665719124e-05,-1.00680169895398e-05,-1.0086101891544194e-05,-9.840339719969279e-06,-9.561941289857156e-06,-9.632202933848023e-06,-9.5121998641885e-06,-9.436209510652151e-06,-9.169433873930693e-06,-9.120146724273133e-06,-9.010385644503614e-06,-9.450007767004483e-06,-9.739571263206437e-06,-7.77122897043956e-06,-7.927029320522324e-06,-9.00161951238566e-06,-9.001229804253315e-06,-8.992489125397142e-06,-8.766078335354876e-06,-8.752638437919814e-06,-8.639309012173901e-06,-8.78903818410706e-06,-8.97365630014687e-06,-8.31762393101617e-06,-8.382004361596481e-06,-8.369254074991185e-06,-8.28679097136443e-06,-8.189598913587358e-06,-8.173391944608904e-06,-8.182589991256563e-06,-8.28750689827841e-06,-8.387408290397716e-06,-6.672343640206732e-06,-6.763953740153845e-06,-7.338521722624263e-06,-7.333779291021842e-06,-7.226399025953103e-06,-7.591272396399054e-06,-7.459639199358183e-06,-7.475938058925777e-06,-7.436132321183324e-06,-7.2685223047512305e-06,-6.284467711298149e-06,-6.2319803532357115e-06,-6.1406984134207064e-06,-6.0637334300441495e-06,-6.066847859518789e-06,-6.018588115673607e-06,-6.038868469359375e-06,-6.069567332024615e-06,-6.712443600398919e-06,-4.996963932617546e-06,-4.932241464844325e-06,-5.9770788788404665e-06,-5.658415833255149e-06,-5.769611714829273e-06,-5.782289236742699e-06,-5.663927399154931e-06,-5.6043233378594125e-06,-5.68454058659432e-06,-5.824487293485042e-06,-4.703305984460534e-06,-4.590554362137414e-06,-4.506819745851546e-06,-4.706088299200248e-06,-4.576076129805822e-06,-4.32931545697004e-06,-4.3637701856871625e-06,-4.3699761798419615e-06,-4.7366483912574756e-06,-3.1996976139970774e-06,-2.6300289530081905e-06,-4.034853214501513e-06,-3.81552418338378e-06,-3.9640629479665495e-06,-4.004743587656305e-06,-3.977005068759503e-06,-3.733315971884178e-06,-3.7683938022018365e-06,-3.725537052433587e-06,-1.2956006338174671e-05,-1.299111846568405e-05,-1.308016174079415e-05,-1.3099005782736057e-05,-1.2865942919341006e-05,-1.2884213184364807e-05,-1.251898059217915e-05,-1.2828156617503544e-05,-1.3289950400463838e-05,-2.803077411138849e-06,-2.5198913231484317e-06,-2.5304471646985277e-06,-2.700639392967693e-06,-2.7003604137142795e-06,-2.7755047698548364e-06,-2.4793125684076685e-06,-2.5344169388119836e-06,-2.907283783886925e-06,-9.63238355134405e-07,-5.361885621119761e-07,-2.3221843346001505e-06,-2.0385152098508595e-06,-2.288228389151309e-06,-2.3730754711610983e-06,-2.2610679612847754e-06,-2.0454282150878266e-06,-2.0929597367993566e-06,-2.164589241954382e-06,1.691109679565798e-07,-1.3157215235371982e-07,-9.319093444854244e-08,-3.6467837257604e-08,-2.1083432855690253e-07,-1.6650725746054725e-07,4.837935260498953e-07,-6.786493897694143e-08,9.456785524825041e-08,-1.1480723493470094e-05,-1.181212510565599e-05,-1.3131674253310767e-05,-1.2834827960557336e-05,-1.2731632959504753e-05,-1.2783741538518999e-05,-1.2559464364550389e-05,-1.2497101140917116e-05,-1.2789166534567978e-05,-1.2860012884561103e-05,-1.3224211815471742e-05,-1.322062549402799e-05,-1.3021233844678813e-05,-1.3110617071827609e-05,-1.2941380203697646e-05,-1.3031624815242291e-05,-1.2943997287941393e-05,-1.3083019983907988e-05,-1.3093526285070043e-05,-1.181561191491244e-05,-1.220043273338867e-05,-1.270622053798609e-05,-1.2520533672558977e-05,-1.2484485814120751e-05,-1.2366516129328888e-05,-1.2278977041327399e-05,-1.2381197915852857e-05,-1.2481189544818307e-05,-1.2720216955890589e-05,-1.188677909104699e-05,-1.2022803335254346e-05,-1.1928219877300427e-05,-1.1618812327956447e-05,-1.181001981891889e-05,-1.1646525034082122e-05,-1.1720359625769024e-05,-1.1774748788278055e-05,-1.2066644205909572e-05,-1.1093192693534804e-05,-1.1436859758020386e-05,-1.2541395999975964e-05,-1.2470360548066222e-05,-1.2465586263935642e-05,-1.2045623406772348e-05,-1.1659935164143238e-05,-1.1650766812967656e-05,-1.2098268373732588e-05,-1.250908890819704e-05,-1.1702245963016855e-05,-1.164612583490301e-05,-1.162740517656906e-05,-1.1492213843617257e-05,-1.1543210388318798e-05,-1.1423765852381054e-05,-1.1409929344234181e-05,-1.1528349853747411e-05,-1.2197818812827178e-05,-1.0611853537798122e-05,-1.0748558692709042e-05,-1.1076269725740504e-05,-1.1172415036102319e-05,-1.102147503668785e-05,-1.0946057741050913e-05,-1.0913107846559225e-05,-1.0856559614714756e-05,-1.096308726741572e-05,-1.1159469535921504e-05
1.8100038766860962,-1.2378166389233677e-05,-1.2688079408719795e-05,-1.3110767202930991e-05,-1.2887182012553836e-05,-1.3132037070143944e-05,-1.3057985478615083e-05,-1.2832242369332402e-05,-1.294027334631954e-05,-1.2904663370266183e-05,-1.2928851159144606e-05,-1.0614057186292611e-05,-1.0429372920532922e-05,-1.0626392958620605e-05,-1.0473339188048443e-05,-1.0343349523939152e-05,-1.0301427570375446e-05,-1.0283195125734966e-05,-1.0352588914161735e-05,-1.0858900883387346e-05,-9.27544807538201e-06,-9.305842649335794e-06,-9.867269846148006e-06,-9.842955941390592e-06,-9.955440232563149e-06,-1.0138745708074526e-05,-1.007736279452915e-05,-1.0128843670223217e-05,-1.0158184522280409e-05,-9.775720934691784e-06,-9.571312404304547e-06,-9.54559051713983e-06,-9.588579638249711e-06,-9.520710744669952e-06,-9.150109239893475e-06,-9.107907300450183e-06,-9.106096236162818e-06,-9.406714932398103e-06,-9.768596753664281e-06,-7.764853000265413e-06,-7.874346245571281e-06,-9.026017686134054e-06,-9.027866283197266e-06,-8.961463756342792e-06,-8.905811134184024e-06,-8.607707349636018e-06,-8.612344588803453e-06,-8.81230893654269e-06,-9.014918482156627e-06,-8.384722036555572e-06,-8.394992859095221e-06,-8.263560555877556e-06,-8.323543036711917e-06,-8.209251348247337e-06,-8.205247061236553e-06,-8.221557712710734e-06,-8.237551564548177e-06,-8.343673331196171e-06,-6.777215392854573e-06,-6.872109826393803e-06,-7.285382430311644e-06,-7.359086304399912e-06,-7.245762486999816e-06,-7.285799101645029e-06,-7.520262182045486e-06,-7.5264352451440815e-06,-7.3234198134771775e-06,-7.444637305711485e-06,-6.389418556002369e-06,-6.184512248973024e-06,-6.194544501109884e-06,-6.2204366519014276e-06,-6.084428298007218e-06,-6.13623625530535e-06,-6.09003671572513e-06,-6.091178805019259e-06,-6.629467980246821e-06,-4.967175922834328e-06,-4.850248096130599e-06,-5.9392364935448454e-06,-5.77762201449571e-06,-5.780873776540973e-06,-5.812572938013813e-06,-5.751365536931732e-06,-5.735936833788058e-06,-5.712417372786048e-06,-5.814908957849934e-06,-4.5885815905456865e-06,-4.713146042900391e-06,-4.63193798640465e-06,-4.68926944531289e-06,-4.6366587036425e-06,-4.324583594942428e-06,-4.369900107664098e-06,-4.384883019217265e-06,-4.396909253997337e-06,-3.099704187484891e-06,-2.936834229893526e-06,-4.005972750114321e-06,-3.6665920436733237e-06,-4.0808321591463015e-06,-3.978936784383783e-06,-3.9039166746736116e-06,-3.6638645181581216e-06,-3.6900219149460163e-06,-3.821691925744039e-06,-1.294812632469565e-05,-1.3097111312280143e-05,-1.3215540306213966e-05,-1.3080387944075397e-05,-1.2955871306463869e-05,-1.273865317042905e-05,-1.2441660773076924e-05,-1.2865840099667711e-05,-1.3391527897061579e-05,-2.9239188565960036e-06,-2.646657698352758e-06,-2.5941284934023095e-06,-2.86864702673777e-06,-2.575644607924411e-06,-2.5008504857898793e-06,-2.468885071694516e-06,-2.6206939332992555e-06,-2.6923570885291775e-06,-8.566119092648366e-07,-5.307171174553397e-07,-2.340123347711459e-06,-2.1712819398633964e-06,-2.3296739928299983e-06,-2.4038148864807003e-06,-2.305770000630242e-06,-1.8552733674939338e-06,-1.9780649354539437e-06,-2.1480607278158085e-06,7.548998842693791e-08,3.783175100913104e-07,-1.858294468342045e-07,-1.4704342140409993e-07,-4.1538666268301166e-07,-4.837052305542274e-07,-4.752576956197476e-08,-4.030193254343334e-08,-7.907487183330076e-08,-1.1419783639244185e-05,-1.1928869151181438e-05,-1.3010484515198063e-05,-1.2871556729699125e-05,-1.2788123094638717e-05,-1.2845729434393814e-05,-1.2621876769062354e-05,-1.264874477202589e-05,-1.2863832599473045e-05,-1.2913386792673692e-05,-1.3075170888232827e-05,-1.326183633810297e-05,-1.3125407861585641e-05,-1.3112493998227377e-05,-1.2966976694002067e-05,-1.3023898384156388e-05,-1.2873012742555214e-05,-1.3060309490839007e-05,-1.3076578295425176e-05,-1.1906365735496434e-05,-1.2053440002802522e-05,-1.2782721538599174e-05,-1.2479574628830764e-05,-1.2492732095722679e-05,-1.2404652305663027e-05,-1.2356094097157815e-05,-1.2274101231757174e-05,-1.236150686988899e-05,-1.2626062608293469e-05,-1.1940895745470857e-05,-1.200507837400835e-05,-1.1998665446273313e-05,-1.162621980234953e-05,-1.1645352458395353e-05,-1.1715825206274883e-05,-1.181288784068697e-05,-1.1868823612407579e-05,-1.2039403607458616e-05,-1.112853907733481e-05,-1.1377793091297037e-05,-1.2573163540126638e-05,-1.2372084210098048e-05,-1.2490438569891396e-05,-1.20293413722422e-05,-1.1799175578970484e-05,-1.1740166433742684e-05,-1.2110916775388895e-05,-1.2547313236223106e-05,-1.164068933455492e-05,-1.1628950347743247e-05,-1.1589003394729222e-05,-1.1560316130665205e-05,-1.140417014829606e-05,-1.1366793687114387e-05,-1.142006118046021e-05,-1.1534746100248737e-05,-1.2177417951608234e-05,-1.0496907182812323e-05,-1.0814284191560901e-05,-1.113357839175613e-05,-1.0997018334817735e-05,-1.1144239281937475e-05,-1.1067198298284922e-05,-1.0966663810205227e-05,-1.0915098377912704e-05,-1.0933561627554074e-05,-1.1124592958936398e-05
1.8199999332427979,-1.2361404769234392e-05,-1.2500135399807335e-05,-1.2988803513095674e-05,-1.3073575098142555e-05,-1.3038354542614064e-05,-1.2778064742123252e-05,-1.2802394177684464e-05,-1.2672898191810722e-05,-1.2934134796118273e-05,-1.3068107392383129e-05,-1.0667889972135942e-05,-1.0515779266483309e-05,-1.052281960993105e-05,-1.0402986084879654e-05,-1.0376067606803775e-05,-1.0311311201348179e-05,-1.0407598446000265e-05,-1.0451201609075133e-05,-1.089072191852888e-05,-9.262191887223359e-06,-9.352484529216787e-06,-9.85637340544239e-06,-9.940141671803156e-06,-9.94898790260366e-06,-1.0145325304342917e-05,-1.0194800405487184e-05,-1.0186747971325255e-05,-1.02884475572973e-05,-9.797341395420109e-06,-9.610120287902961e-06,-9.592815233574473e-06,-9.648382436312351e-06,-9.551206628357772e-06,-9.201310129707954e-06,-9.085820052785477e-06,-9.108598133611728e-06,-9.442582029536565e-06,-9.816121732305692e-06,-7.797014418856859e-06,-8.036471227893416e-06,-9.013247770318402e-06,-9.005721945448226e-06,-8.986133719157656e-06,-8.947790753047017e-06,-8.702908300844656e-06,-8.607888829954476e-06,-8.744111451419606e-06,-9.025813341021116e-06,-8.338713324536836e-06,-8.483669650376805e-06,-8.446286070910057e-06,-8.375310944668773e-06,-8.266003349989789e-06,-8.296012961334612e-06,-8.251368515386563e-06,-8.344815636195909e-06,-8.403497196506557e-06,-6.803624086676148e-06,-6.8324574553388595e-06,-7.343994030103332e-06,-7.34286639308496e-06,-7.263097596309728e-06,-7.358993479086469e-06,-7.527230767427527e-06,-7.471602591904367e-06,-7.5221598880855215e-06,-7.566945693108882e-06,-6.46823177693279e-06,-6.28272337194562e-06,-6.286346938557739e-06,-6.160828564101221e-06,-6.063771394231212e-06,-6.124758200377862e-06,-6.04493713094355e-06,-6.109041961658312e-06,-6.741444931828633e-06,-5.019767466705578e-06,-4.984663320303705e-06,-6.113244266417525e-06,-5.692611571438561e-06,-5.836392373615113e-06,-5.869602840481636e-06,-5.804620519352273e-06,-5.656250436555201e-06,-5.6785470624637046e-06,-5.785473195325085e-06,-4.678336262751991e-06,-4.7131440296480465e-06,-4.690253062886781e-06,-4.616585139733231e-06,-4.676495862501896e-06,-4.4473146215283725e-06,-4.356416350088681e-06,-4.41474817970639e-06,-4.563600148832425e-06,-3.0833193332814516e-06,-2.955312075614391e-06,-4.106414125273097e-06,-3.7100946879347205e-06,-3.968814942517604e-06,-4.105111982417602e-06,-3.8843418221307545e-06,-3.964648229183763e-06,-3.7332474494026047e-06,-3.8383559749065e-06,-1.3008668992994793e-05,-1.3242827640880054e-05,-1.3310713647104742e-05,-1.302372193696879e-05,-1.2862465313523842e-05,-1.2867417339075669e-05,-1.2485675933863663e-05,-1.3069260266957674e-05,-1.3455698877496221e-05,-2.6632550944822518e-06,-2.629492780767803e-06,-2.720268243814497e-06,-2.701580588438616e-06,-2.576945672251864e-06,-2.6851604304172835e-06,-2.4732984084405256e-06,-2.6523194672577928e-06,-2.7571932331579775e-06,-1.142537674186391e-06,-6.430200002113073e-07,-2.2443169827621656e-06,-2.003230445952963e-06,-2.4871286611247578e-06,-2.202282790380269e-06,-2.3367490648806755e-06,-1.9548560186260294e-06,-2.383962420819949e-06,-2.3831861682375132e-06,4.9252636760229885e-08,-1.3003021676365626e-08,5.813812598144759e-08,-3.240933623726376e-08,-4.880145252951622e-07,-3.6952297673493e-07,1.9547328507236832e-07,-6.616089343204519e-07,-1.65183040731136e-07,-1.1557931289459738e-05,-1.1819785962236966e-05,-1.3319568218522103e-05,-1.270680740104443e-05,-1.2854870894270226e-05,-1.288552711912689e-05,-1.2685711680159254e-05,-1.2529485742911293e-05,-1.2932520455345686e-05,-1.3000648195655417e-05,-1.3084233975071553e-05,-1.3362037776723436e-05,-1.317125292494954e-05,-1.3121018540064024e-05,-1.3038985841027718e-05,-1.3042641044462387e-05,-1.2957294388263754e-05,-1.3141825934452762e-05,-1.3266317694017465e-05,-1.1831807379591784e-05,-1.212035734704216e-05,-1.2774411551940925e-05,-1.2590620738810853e-05,-1.253777947974705e-05,-1.2436999231077619e-05,-1.2311861936529115e-05,-1.231873316677994e-05,-1.2465172396775166e-05,-1.2733068408426183e-05,-1.198041056824957e-05,-1.2050632953819723e-05,-1.2062147750602494e-05,-1.1695320806363952e-05,-1.1829436918760203e-05,-1.164101490621973e-05,-1.1753168592596617e-05,-1.1770156128269673e-05,-1.2234162044145048e-05,-1.1167450355821471e-05,-1.1373313317223668e-05,-1.2691964698136662e-05,-1.2641753609456846e-05,-1.24490586126195e-05,-1.206053168418504e-05,-1.1871253751790795e-05,-1.1754607205200301e-05,-1.2164125309201777e-05,-1.255879812182819e-05,-1.1705102336682088e-05,-1.167607957849528e-05,-1.1704731035428318e-05,-1.1451655724713019e-05,-1.1495886447304331e-05,-1.1406801469109957e-05,-1.144370179611222e-05,-1.1640991034799076e-05,-1.2171653578735514e-05,-1.067233552091946e-05,-1.076695708686418e-05,-1.1149153774713457e-05,-1.1117505447862308e-05,-1.1080442478831379e-05,-1.0937682755102692e-05,-1.0966098949118935e-05,-1.0944695919643786e-05,-1.0973297189071956e-05,-1.1128442728829764e-05
1.8300104141235352,-1.2288823427131766e-05,-1.2508747805728432e-05,-1.3032440757656657e-05,-1.3166229141332017e-05,-1.3035069346199513e-05,-1.3054908653818157e-05,-1.2884202111476913e-05,-1.2808817027877484e-05,-1.299021106409176e-05,-1.3140968001346646e-05,-1.0657498857768726e-05,-1.0511686899682463e-05,-1.0629136158743346e-05,-1.0420465716947134e-05,-1.040127323854594e-05,-1.039289724597155e-05,-1.0371779091703108e-05,-1.0404306634613724e-05,-1.0858000240570784e-05,-9.327053988427024e-06,-9.422422327187713e-06,-9.912126546414631e-06,-9.934447762762482e-06,-9.96358254406187e-06,-1.0220344551230654e-05,-1.0152172663173088e-05,-1.0206931113683545e-05,-1.0231896305574314e-05,-9.850514265905751e-06,-9.62740089559584e-06,-9.607359256116602e-06,-9.622452752744963e-06,-9.561605364323149e-06,-9.134025223111757e-06,-9.139482862609462e-06,-9.192646817263297e-06,-9.52631089367288e-06,-9.773835667675161e-06,-7.80063784166524e-06,-8.092292963249098e-06,-9.075788447765444e-06,-8.999866257201323e-06,-9.027002454137855e-06,-8.833496404213269e-06,-8.723448579788436e-06,-8.694828400168603e-06,-8.78076414838353e-06,-9.082244516622142e-06,-8.447501140601665e-06,-8.53122583442955e-06,-8.511658891092332e-06,-8.304822809789182e-06,-8.286717703359476e-06,-8.328947612629979e-06,-8.148236931782823e-06,-8.276935310218908e-06,-8.414191089645971e-06,-6.785031988884749e-06,-6.86667634592423e-06,-7.38692613303075e-06,-7.352158990690927e-06,-7.2967882957622184e-06,-7.412785784177309e-06,-7.6113523595747036e-06,-7.508906647903517e-06,-7.5605067368971084e-06,-7.471428445576592e-06,-6.47000271997701e-06,-6.26979627864338e-06,-6.424386304557921e-06,-6.343792290027167e-06,-6.110651916416863e-06,-6.128323742181346e-06,-6.0277087240078814e-06,-6.179537502430455e-06,-6.78536230607294e-06,-5.059196654357791e-06,-4.963232968118172e-06,-6.083548866242141e-06,-5.921195451680807e-06,-5.981007021771518e-06,-5.838825029563756e-06,-5.810174075943805e-06,-5.6878132001817195e-06,-5.704277290245278e-06,-5.839230340401769e-06,-4.803135618514145e-06,-4.666701030337916e-06,-4.706650068506155e-06,-4.682318403986991e-06,-4.6318485404790706e-06,-4.4566704208775735e-06,-4.478980492435663e-06,-4.483886069379834e-06,-4.548581430148278e-06,-3.1430830167271187e-06,-2.922763249750421e-06,-3.965571808696674e-06,-3.6441809499886764e-06,-3.888175845514715e-06,-3.99256722177285e-06,-4.071678907363303e-06,-3.7277360273065622e-06,-3.7704332268265318e-06,-3.835012897487053e-06,-1.2999118842892506e-05,-1.3206558612291442e-05,-1.3175219751086348e-05,-1.3137411447276841e-05,-1.2955437019172471e-05,-1.2970650591922793e-05,-1.262670799947353e-05,-1.3001183289367763e-05,-1.3339117042588223e-05,-2.832405680368891e-06,-2.558886295411119e-06,-2.660825170804647e-06,-2.7363343570307244e-06,-2.7367167311723875e-06,-2.6519227846441114e-06,-2.3932987347625332e-06,-2.6653905800045147e-06,-2.8782562801767354e-06,-1.369634839474299e-06,-7.199807413775681e-07,-2.4692166112144876e-06,-2.2045188666178735e-06,-2.5371950113414e-06,-2.4992550552089538e-06,-2.161127526450364e-06,-2.105716278867294e-06,-1.8807434543118855e-06,-1.8406340030729333e-06,-3.8915506316585843e-07,2.100541213716368e-09,5.3257570887840045e-08,-7.739991778477857e-08,-3.9313396881673264e-07,5.5379970269865445e-08,-1.7679231657034531e-07,-5.892956423870857e-07,5.126905278670579e-08,-1.1572902265302579e-05,-1.1942265044672404e-05,-1.3103868074754826e-05,-1.3031493953839915e-05,-1.2891978442460204e-05,-1.296678227134711e-05,-1.2551877423091193e-05,-1.2553836317622119e-05,-1.292064169129983e-05,-1.2881873641337083e-05,-1.3147726777073671e-05,-1.3213454720589093e-05,-1.3166706713548812e-05,-1.3223655438806042e-05,-1.3144680294865649e-05,-1.3060997879336992e-05,-1.2982438328201942e-05,-1.3255572391041406e-05,-1.3165275722543288e-05,-1.1849940599652441e-05,-1.2173112467666379e-05,-1.2732556754723273e-05,-1.2659637330030556e-05,-1.2558670136500593e-05,-1.2500607076070837e-05,-1.2454766183015366e-05,-1.2367616227931267e-05,-1.2452739988334648e-05,-1.2723467927015288e-05,-1.204671013162701e-05,-1.1966206066334922e-05,-1.1966461605578899e-05,-1.166767036725721e-05,-1.1830404142707862e-05,-1.1781330685406268e-05,-1.1764071073059264e-05,-1.1919863729642e-05,-1.2224625986809169e-05,-1.1144303274601274e-05,-1.1466225344320666e-05,-1.2582614609452842e-05,-1.263699801981232e-05,-1.2440178156529144e-05,-1.2219976380520191e-05,-1.1714406294783424e-05,-1.1720608406237275e-05,-1.2179613547093346e-05,-1.2655555173295172e-05,-1.1714942395121944e-05,-1.1681880908928892e-05,-1.1658087286098721e-05,-1.1541619343751906e-05,-1.150124644406334e-05,-1.1436481266579672e-05,-1.1540755658496237e-05,-1.1587427880966131e-05,-1.224881248145394e-05,-1.0627059345146542e-05,-1.0794850554289616e-05,-1.1214053840104185e-05,-1.113345615857809e-05,-1.105928434712353e-05,-1.1040807004715751e-05,-1.099109131991635e-05,-1.094942504940036e-05,-1.100767519849439e-05,-1.1123607759521378e-05
1.8400064706802368,-1.2478686353135745e-05,-1.2535353510672264e-05,-1.3118175683950246e-05,-1.3171663340820283e-05,-1.2991329281965238e-05,-1.3019060394969487e-05,-1.2998282624150958e-05,-1.2865590743984505e-05,-1.297293994744565e-05,-1.311592831911914e-05,-1.0683201906643652e-05,-1.0536852410181483e-05,-1.0686336252936125e-05,-1.0357693084069289e-05,-1.0388074499980969e-05,-1.037873099585144e-05,-1.0392770411073862e-05,-1.04990663959515e-05,-1.0925781701477312e-05,-9.379376763110324e-06,-9.420260885090584e-06,-9.921396710637334e-06,-9.910547006146852e-06,-1.007540548183935e-05,-1.0322804571373857e-05,-1.0229314165639113e-05,-1.018249727660791e-05,-1.0304728585201273e-05,-9.776506103106031e-06,-9.662638707572996e-06,-9.662132230804685e-06,-9.539574200116604e-06,-9.559583196147119e-06,-9.188984423641681e-06,-9.136434798560312e-06,-9.07872089360854e-06,-9.59179782212195e-06,-9.763328359886934e-06,-7.814395185853862e-06,-8.1134316814522e-06,-9.098113546814244e-06,-9.101807433454673e-06,-9.002600253884774e-06,-9.016893914117524e-06,-8.661923660050923e-06,-8.683651901681533e-06,-8.804885499934593e-06,-9.125255064489117e-06,-8.42163214221208e-06,-8.520324072985596e-06,-8.403294001823528e-06,-8.371257261073686e-06,-8.299959223536762e-06,-8.408184766982596e-06,-8.354667486542352e-06,-8.402350217885307e-06,-8.404707376871042e-06,-6.813072711338792e-06,-6.926635386749156e-06,-7.431565689651676e-06,-7.3695857029825e-06,-7.303013487716157e-06,-7.505426022207837e-06,-7.499747715872833e-06,-7.499265541936391e-06,-7.509063681586366e-06,-7.498751227864313e-06,-6.504734774204549e-06,-6.3925670669631215e-06,-6.330695076901839e-06,-6.237680805346503e-06,-6.331802437593031e-06,-6.187362798586832e-06,-6.149359712613022e-06,-6.143720664698729e-06,-6.8508047991666985e-06,-5.000315710163195e-06,-4.873108504597354e-06,-5.9805507325080745e-06,-5.9225796345693276e-06,-5.850650945735577e-06,-5.8177250664682825e-06,-5.909469191500024e-06,-5.7797116266252725e-06,-5.7093686616200735e-06,-5.8527813262251095e-06,-4.7569828870509285e-06,-4.5685639662908395e-06,-4.788979290852019e-06,-4.619986529568792e-06,-4.741658297814199e-06,-4.401044905723583e-06,-4.466078277180247e-06,-4.5667999258260855e-06,-4.6568946938748245e-06,-3.3211434665687146e-06,-3.1503916260497258e-06,-4.0110472245497985e-06,-3.894609696693757e-06,-4.160204848522808e-06,-4.014285540945477e-06,-3.92797101368236e-06,-3.845169683661776e-06,-3.95712341093976e-06,-3.904733911321626e-06,-1.3103836581736014e-05,-1.3315075789719712e-05,-1.3216712019078304e-05,-1.323761993228051e-05,-1.3085327027290726e-05,-1.3023030816199768e-05,-1.27230173899014e-05,-1.2963139722641461e-05,-1.3361177111346281e-05,-2.899926209391232e-06,-2.689404797770117e-06,-2.6543255294150693e-06,-2.7146040302459015e-06,-2.852911877826559e-06,-2.6334782294887956e-06,-2.7176716516035385e-06,-2.5062275232919454e-06,-3.017787466163984e-06,-1.0011186327152188e-06,-7.549438882134755e-07,-2.635195246130938e-06,-2.2292257869936267e-06,-2.548616263792033e-06,-2.508134217065661e-06,-2.1849458835236215e-06,-2.1916373591008554e-06,-2.3733582612135918e-06,-2.1663039577367024e-06,-5.986391465166143e-08,-1.0526074176149222e-07,-2.0973329523022213e-07,-3.7491906823239665e-07,-3.755866051882529e-09,-4.782931049398763e-07,-4.7620809452995826e-07,-5.434216744716748e-07,-1.3535339976551338e-07,-1.1613081748962362e-05,-1.2024205421708356e-05,-1.31521734762871e-05,-1.2801175153390039e-05,-1.285016865581282e-05,-1.2945366443339203e-05,-1.2672660771837843e-05,-1.2643016637695366e-05,-1.292267392573758e-05,-1.3004778382839586e-05,-1.3309297899295537e-05,-1.3335423443555271e-05,-1.3262291476936503e-05,-1.3288145375933506e-05,-1.3110169554592238e-05,-1.3038802922671871e-05,-1.3125985089793478e-05,-1.3155556027832869e-05,-1.3240783326928237e-05,-1.1899602933264719e-05,-1.2076568820947885e-05,-1.2793354962266392e-05,-1.2656919151758383e-05,-1.2560411743582082e-05,-1.2555944192826518e-05,-1.2388695698993952e-05,-1.2470899812086995e-05,-1.2458337692674013e-05,-1.2836066685963987e-05,-1.2104276350138961e-05,-1.2209017960403121e-05,-1.1970192018369001e-05,-1.1848672250675583e-05,-1.1993276832570266e-05,-1.1749626994115654e-05,-1.1884872109665797e-05,-1.1942666976122554e-05,-1.2288089309044818e-05,-1.1183821980080936e-05,-1.1399463595726488e-05,-1.2616936823024594e-05,-1.254309460973953e-05,-1.2436885338516431e-05,-1.219252597241422e-05,-1.181873259984972e-05,-1.1755782944569326e-05,-1.214292015367132e-05,-1.257516255590071e-05,-1.1750005916967584e-05,-1.1762905399951962e-05,-1.1631706921613702e-05,-1.154384283716236e-05,-1.1555888557349048e-05,-1.1478102526525397e-05,-1.156858455804292e-05,-1.1590872124315876e-05,-1.226604592152047e-05,-1.0606905538750985e-05,-1.0845403033045518e-05,-1.1205496511015074e-05,-1.1106262008734792e-05,-1.1175458498431825e-05,-1.1018929135294845e-05,-1.1056054946559662e-05,-1.0950886526798527e-05,-1.1073706855506311e-05,-1.1205538789314303e-05
1.8500025272369385,-1.2528724733525179e-05,-1.2694366795790797e-05,-1.305285916293174e-05,-1.3198113450118655e-05,-1.309386724373491e-05,-1.3119210495655175e-05,-1.2897607208407167e-05,-1.3100973017883837e-05,-1.2929194706276773e-05,-1.3086119529695654e-05,-1.0745449224463393e-05,-1.0642092875615795e-05,-1.070500542953156e-05,-1.0555371599477273e-05,-1.051000453974139e-05,-1.0493580858528454e-05,-1.0478220462160745e-05,-1.0549416686650547e-05,-1.0984416813180303e-05,-9.404545581095337e-06,-9.392248420071227e-06,-1.0052672986798323e-05,-9.998861340104604e-06,-1.008746385675506e-05,-1.0313039722289432e-05,-1.0201900858897771e-05,-1.026747349437521e-05,-1.0307573454567396e-05,-9.885959155266883e-06,-9.701492752171586e-06,-9.690209767015881e-06,-9.689582926518133e-06,-9.577017386233114e-06,-9.295127688948636e-06,-9.229830150023663e-06,-9.197061016831738e-06,-9.534184435983647e-06,-9.834794072583383e-06,-7.879347236296195e-06,-8.09187435056524e-06,-9.120122852852482e-06,-9.123926893156887e-06,-9.133818001924042e-06,-9.009166044994233e-06,-8.843817054748437e-06,-8.781009333758309e-06,-8.732305020654402e-06,-9.10157432759396e-06,-8.536522557543456e-06,-8.59673835994414e-06,-8.520592554566071e-06,-8.508405187696594e-06,-8.356488185680221e-06,-8.2771825807479e-06,-8.344348705455788e-06,-8.363629119843302e-06,-8.484863796624405e-06,-6.942973217129985e-06,-7.0423043555227906e-06,-7.503765664238811e-06,-7.540911176615854e-06,-7.505608724858075e-06,-7.521796639841128e-06,-7.545904833350085e-06,-7.618458924644193e-06,-7.587467637075956e-06,-7.461440772598782e-06,-6.402457528613453e-06,-6.2940203060639975e-06,-6.326240827992121e-06,-6.331268206703118e-06,-6.270177789962608e-06,-6.345075163181652e-06,-6.245597560680803e-06,-6.1859148387401215e-06,-6.770893205278765e-06,-5.115585551659589e-06,-5.087036554890499e-06,-6.1780492775368595e-06,-5.9011624404259005e-06,-5.936063895457832e-06,-5.931290905560901e-06,-5.854065493613245e-06,-5.9023962765054306e-06,-5.809370213043505e-06,-5.9662780676212005e-06,-4.764751884043537e-06,-4.652061665916916e-06,-4.793812534515536e-06,-4.7842753267497476e-06,-4.731641432677399e-06,-4.493406739715653e-06,-4.590108858154386e-06,-4.3888295690268935e-06,-4.6785181744816655e-06,-3.181695327240665e-06,-3.16912220684166e-06,-4.225371741751016e-06,-3.870950314653824e-06,-4.2562183627579474e-06,-4.093640111050886e-06,-3.890627843066236e-06,-3.7364243616017852e-06,-3.885075868315831e-06,-4.082750860532213e-06,-1.31003395624141e-05,-1.3294982524698218e-05,-1.3251918625644122e-05,-1.31119987381507e-05,-1.3109520136907485e-05,-1.2944786914271544e-05,-1.2673146540867755e-05,-1.2990438849214136e-05,-1.3449545803117328e-05,-2.925997323935803e-06,-2.8757640894801984e-06,-2.859140017757144e-06,-2.7048591698811795e-06,-2.7928631753704455e-06,-2.705983355609818e-06,-2.8234863972690383e-06,-2.593904159569667e-06,-3.0002198981101846e-06,-1.1957131331393347e-06,-8.360105137320356e-07,-2.3833879967850212e-06,-2.28674692303344e-06,-2.422553160772664e-06,-2.566651625408386e-06,-2.2393594926682613e-06,-1.941746725986637e-06,-2.0943597380991538e-06,-2.18318666048412e-06,-2.5992497040529213e-07,-7.208938951194117e-08,-1.4905300675297923e-07,-4.3961536372514303e-07,-8.726097157051002e-08,-5.52183204869984e-07,-4.204375533053151e-08,4.4022868667143573e-07,-2.724102986217151e-07,-1.1684607715425399e-05,-1.211519277956428e-05,-1.3355014114509405e-05,-1.2902102081873119e-05,-1.2972088054096565e-05,-1.3046921650357419e-05,-1.2821737506207737e-05,-1.2694375424015129e-05,-1.290876436529136e-05,-1.2988868799993121e-05,-1.3273763420205088e-05,-1.3393937472510133e-05,-1.3252417337010532e-05,-1.3290054514370784e-05,-1.3185268468751309e-05,-1.3184348412430001e-05,-1.308342551045161e-05,-1.3214381535686128e-05,-1.3319765661055573e-05,-1.1950163752637476e-05,-1.2175590349890898e-05,-1.2942159332354858e-05,-1.2745090400995958e-05,-1.2605646503878205e-05,-1.2544636329623986e-05,-1.2514848966957592e-05,-1.243323531201636e-05,-1.2497192168683822e-05,-1.2754823325650353e-05,-1.2099710437626006e-05,-1.2120385101163763e-05,-1.211396915355021e-05,-1.1870776035770258e-05,-1.2016586124407914e-05,-1.1799830029786095e-05,-1.1904455590432987e-05,-1.1923245418365335e-05,-1.2231216080750496e-05,-1.1257684613496918e-05,-1.1499075151410099e-05,-1.2700523033851944e-05,-1.2557572626365516e-05,-1.2532166963622579e-05,-1.2213055681783194e-05,-1.178198887511909e-05,-1.1927523579596804e-05,-1.2165776895142734e-05,-1.2676448706123495e-05,-1.1835995519682719e-05,-1.176247053744561e-05,-1.1750359386557734e-05,-1.1570227659563282e-05,-1.1579613585795778e-05,-1.1554966487775396e-05,-1.1542266460576835e-05,-1.1689361867032537e-05,-1.2396755179539082e-05,-1.0715519208488037e-05,-1.0861234530461776e-05,-1.1221114172271628e-05,-1.1218496081401706e-05,-1.1224650018603035e-05,-1.1052735812462737e-05,-1.1078484590926624e-05,-1.1103230482115612e-05,-1.1052852293491223e-05,-1.1258428366434368e-05
1.8600130081176758,-1.266033880466878e-05,-1.2476944746054256e-05,-1.326490971161016e-05,-1.3261244585717508e-05,-1.3219263960228341e-05,-1.3163139086591114e-05,-1.2921331517835203e-05,-1.3021645267175727e-05,-1.3133313903541396e-05,-1.3041672094869863e-05,-1.0779109509425111e-05,-1.0642929381964817e-05,-1.073595832150152e-05,-1.0588857162896262e-05,-1.0576643048531353e-05,-1.0519775428582847e-05,-1.0484499364811153e-05,-1.0534044210768773e-05,-1.0975970500577603e-05,-9.386628713759813e-06,-9.467992509704754e-06,-1.0101067115237481e-05,-1.0028953854304888e-05,-1.0148007387876635e-05,-1.0334737261821791e-05,-1.0342382156187755e-05,-1.0215620598408678e-05,-1.0329068518435421e-05,-9.91665837744147e-06,-9.754247872795804e-06,-9.76932943371384e-06,-9.62788465137341e-06,-9.592961050565691e-06,-9.387670859455425e-06,-9.320275080176557e-06,-9.220200620257516e-06,-9.651110680846249e-06,-9.918484828728897e-06,-7.885318542749153e-06,-8.088757548328908e-06,-9.171082583796871e-06,-9.21034014168674e-06,-9.131120243782787e-06,-9.163856014507291e-06,-8.893442574603565e-06,-8.69547709883466e-06,-8.923941478169902e-06,-9.225346637053084e-06,-8.497518813252698e-06,-8.554680224239721e-06,-8.580261183740343e-06,-8.487136614717293e-06,-8.334057894196434e-06,-8.487822558551715e-06,-8.339209016024731e-06,-8.519976643152478e-06,-8.559572139828699e-06,-6.937879401091628e-06,-7.0890452442779975e-06,-7.534830723125091e-06,-7.4863527571061684e-06,-7.533860695004523e-06,-7.557038046911755e-06,-7.663003570797464e-06,-7.61509089727605e-06,-7.511062050243614e-06,-7.5242509382524715e-06,-6.597563395133001e-06,-6.234791141115721e-06,-6.4713190994026525e-06,-6.32316357178398e-06,-6.278189887175782e-06,-6.194071243005253e-06,-6.112796317770937e-06,-6.2754901157821825e-06,-6.884513402184678e-06,-5.134723816051228e-06,-5.132176476620834e-06,-5.9422917477809395e-06,-6.027497763922955e-06,-5.898195913096691e-06,-5.896775275960366e-06,-5.940154249006332e-06,-5.814538950829814e-06,-5.977673723006314e-06,-5.883245501188509e-06,-4.855073502490348e-06,-4.79470907892554e-06,-4.7516076470955985e-06,-4.758590181440311e-06,-4.6838934144369955e-06,-4.66404289012672e-06,-4.620066772055084e-06,-4.391968157529664e-06,-4.653210082575554e-06,-3.2356937030893085e-06,-3.068819458487158e-06,-4.192168824580782e-06,-4.111345802595873e-06,-4.154656900277092e-06,-4.176112849528145e-06,-4.224520711224366e-06,-3.963361473328328e-06,-3.873069550353594e-06,-4.034695677505578e-06,-1.3218852969142642e-05,-1.3302364114418303e-05,-1.3322190911111666e-05,-1.3193658266484633e-05,-1.323082721887111e-05,-1.296996824318184e-05,-1.2684239273676934e-05,-1.3021272959295787e-05,-1.3494455998374814e-05,-2.862006026272881e-06,-2.707084676543976e-06,-2.735187306507605e-06,-2.847488319814967e-06,-2.82233790870853e-06,-2.7877826611779353e-06,-2.5619807361660555e-06,-2.573170464597103e-06,-2.849537666897645e-06,-1.1342397670422079e-06,-1.0128350423398882e-06,-2.389226140975783e-06,-2.342809817259213e-06,-2.5447567152444228e-06,-2.501096533987091e-06,-2.2207817033488795e-06,-2.1610242034639843e-06,-2.5298561313317603e-06,-2.271597702456266e-06,-4.830356084441657e-07,2.532419792486516e-07,1.2359068533692658e-07,-3.538722406184372e-08,-2.884457097396936e-07,-1.8661238629049797e-07,4.5061476790779175e-08,2.55980865259225e-07,-2.5734469991869564e-07,-1.1890297537125993e-05,-1.1990266013689485e-05,-1.3154329813351498e-05,-1.2911509578666444e-05,-1.298468928812652e-05,-1.3074060723368729e-05,-1.2881091348997615e-05,-1.2747459423790149e-05,-1.2942350878935037e-05,-1.3069161042377851e-05,-1.3221150377674876e-05,-1.3425836449278138e-05,-1.3258910075820645e-05,-1.3381531236350089e-05,-1.3172890705731563e-05,-1.3171208777201707e-05,-1.3124768797770091e-05,-1.3330295402227063e-05,-1.3286303393842284e-05,-1.2002970067392734e-05,-1.2132075913722914e-05,-1.2872676817021205e-05,-1.2783278346676089e-05,-1.2704571396708695e-05,-1.2625215891878985e-05,-1.2552808696104132e-05,-1.248210269856015e-05,-1.2512352102639542e-05,-1.2811422607822123e-05,-1.211519781269514e-05,-1.2160385980579867e-05,-1.2144830298734768e-05,-1.1822254641022196e-05,-1.1962515630984225e-05,-1.1876436438539772e-05,-1.1965809024211892e-05,-1.2027393119187951e-05,-1.234565653418294e-05,-1.1231943600434928e-05,-1.1464550174566536e-05,-1.2746587685525101e-05,-1.2603617576926445e-05,-1.2618300657684064e-05,-1.2365047030332563e-05,-1.1964485454599306e-05,-1.1758603079692362e-05,-1.2393380824806431e-05,-1.2636618234137955e-05,-1.1868774719136364e-05,-1.1734640775076493e-05,-1.1722047594055915e-05,-1.1777453880409994e-05,-1.16375226324212e-05,-1.1588529417605897e-05,-1.1583516563072527e-05,-1.170625549886411e-05,-1.2311087265787808e-05,-1.0783385513600497e-05,-1.0914273519666529e-05,-1.1191500236914315e-05,-1.1316819730799971e-05,-1.1229486425948807e-05,-1.1160940648170173e-05,-1.113556015108154e-05,-1.1116825831392394e-05,-1.1151124748758448e-05,-1.1180494073955938e-05
1.8700090646743774,-1.2476316323715382e-05,-1.2374820363837582e-05,-1.3086646858006102e-05,-1.305543396887626e-05,-1.3099509671037065e-05,-1.2741982226983957e-05,-1.2965396147108114e-05,-1.2790412737769053e-05,-1.2711988505952282e-05,-1.3182359894328867e-05,-1.0637195351681e-05,-1.0459954798856589e-05,-1.0471386620882028e-05,-1.0500540959489903e-05,-1.0305291145427744e-05,-1.0223032243110188e-05,-1.0316555292293657e-05,-1.0476402782901392e-05,-1.0790182109710846e-05,-9.221089686873097e-06,-9.269971669496383e-06,-9.757918607034274e-06,-9.854183849714311e-06,-9.769565847060547e-06,-1.0205926788371256e-05,-1.0125031145498217e-05,-1.0189043798016361e-05,-1.0095119536401437e-05,-9.675743973707699e-06,-9.653251055695632e-06,-9.655025593833325e-06,-9.593269365781834e-06,-9.48822332300248e-06,-9.22586246106442e-06,-9.132240762516084e-06,-9.171423111050522e-06,-9.344628530962161e-06,-9.706879496426027e-06,-7.700060356267621e-06,-7.910936387908797e-06,-9.003986665731248e-06,-8.967717205731418e-06,-8.91720887472335e-06,-8.887780589992922e-06,-8.660298462096051e-06,-8.543869921973689e-06,-8.810298847880726e-06,-9.070103023145363e-06,-8.432813458124404e-06,-8.410013519129844e-06,-8.415092882892441e-06,-8.179899926615337e-06,-8.036750279048698e-06,-8.061486679190922e-06,-8.139256028780863e-06,-8.199274029138726e-06,-8.347984782993189e-06,-6.879073738154332e-06,-6.81790861537148e-06,-7.359833364823356e-06,-7.412148877417841e-06,-7.33693873106675e-06,-7.008017733376411e-06,-7.562918900812962e-06,-7.3892494981378505e-06,-7.292023934089621e-06,-7.260853179455268e-06,-6.568285097702217e-06,-6.2740524379028e-06,-6.199098046501295e-06,-6.2843913515128064e-06,-6.117442113260834e-06,-5.8885107312836016e-06,-5.9794920493824925e-06,-6.0364442259294545e-06,-6.711710776545623e-06,-5.015521373707877e-06,-4.966946699674564e-06,-6.1008232903742485e-06,-5.895344788267928e-06,-5.8493152966089265e-06,-5.67463962727105e-06,-5.727305877184646e-06,-5.602525791123502e-06,-5.631604488964729e-06,-5.848077577828447e-06,-4.863183386245955e-06,-4.714999097879507e-06,-4.73353331466601e-06,-4.757953346582712e-06,-4.797519507296202e-06,-4.2014317267146716e-06,-4.282376981877623e-06,-4.4475414000245746e-06,-4.702300652522075e-06,-3.118250339981721e-06,-2.9595331467615275e-06,-4.047625431176988e-06,-3.872609881702287e-06,-4.095371939478132e-06,-4.309191921261514e-06,-3.619143856228471e-06,-3.600758476311701e-06,-3.7284544707859714e-06,-3.7649069210435156e-06,-1.3206341324842005e-05,-1.3053118297269189e-05,-1.2936510433884453e-05,-1.3081351860537062e-05,-1.3028849115474566e-05,-1.3005818371479116e-05,-1.2625977764087532e-05,-1.299610701738555e-05,-1.3337581650068277e-05,-2.7735293378939397e-06,-2.5262631949160208e-06,-2.8160432595487157e-06,-2.723389791574211e-06,-2.674806920727781e-06,-2.6821417742327327e-06,-2.7365834251064527e-06,-2.593974479597976e-06,-2.819976507512498e-06,-1.0642095032671878e-06,-6.12980837198147e-07,-2.125377413653475e-06,-1.931856120532567e-06,-2.3416317770303663e-06,-2.4427895824162064e-06,-2.3721786391436174e-06,-2.4622817478092113e-06,-1.8774810507899454e-06,-2.2260019228737047e-06,2.4443558208381417e-07,-1.0445242094528771e-07,-2.198359392972601e-07,-3.2534114741483624e-07,-1.2125545642136966e-07,-7.511818386008226e-08,1.8371574757838108e-07,2.326892612814587e-07,-2.586606479331216e-07,-1.1626714631014992e-05,-1.1755622028185526e-05,-1.3028920729736524e-05,-1.2805382131770766e-05,-1.2714240472503032e-05,-1.2852382945783985e-05,-1.2646338935474546e-05,-1.266104042311074e-05,-1.2821818036301503e-05,-1.2750401073072535e-05,-1.314779724090572e-05,-1.3081618472668933e-05,-1.3226336803321066e-05,-1.3152983378944432e-05,-1.3108059666135494e-05,-1.301310188704929e-05,-1.3059150576507431e-05,-1.310289668049874e-05,-1.3153282778328766e-05,-1.1876788326288796e-05,-1.2135202782220965e-05,-1.2823997238160384e-05,-1.2675995292934827e-05,-1.2588749708364378e-05,-1.2495418637172303e-05,-1.2392545468887318e-05,-1.230936823589332e-05,-1.238905563975235e-05,-1.274021761130425e-05,-1.1987182573920574e-05,-1.2016584973978003e-05,-1.1976359185514304e-05,-1.177439876997764e-05,-1.1796247447239555e-05,-1.1544353628042837e-05,-1.177669531568744e-05,-1.1878399359575388e-05,-1.2185631445957699e-05,-1.0915277844978819e-05,-1.1464125665929384e-05,-1.2676025204112515e-05,-1.2436993191320586e-05,-1.247670948313746e-05,-1.2310613863879437e-05,-1.2093034492852572e-05,-1.1860968764582865e-05,-1.2151920254472419e-05,-1.249631971140008e-05,-1.1829807213387802e-05,-1.1591791174011012e-05,-1.1506911736159977e-05,-1.1661026634521282e-05,-1.1573919676755106e-05,-1.1261076224678234e-05,-1.1445273570978103e-05,-1.1506549494541755e-05,-1.2229173204836068e-05,-1.0610871214457881e-05,-1.0771205049310484e-05,-1.138125286545058e-05,-1.1183210382779509e-05,-1.1051947192758756e-05,-1.1088819334228203e-05,-1.0961831573167882e-05,-1.0921635983489345e-05,-1.1011006699712857e-05,-1.1124403569412301e-05
1.880005121231079,-1.2540863638534657e-05,-1.2585221771238608e-05,-1.3213927691086246e-05,-1.3110964789268204e-05,-1.3088651050714773e-05,-1.2925439703047324e-05,-1.2911643172339859e-05,-1.2776570333668884e-05,-1.2807349654526024e-05,-1.3106979843860297e-05,-1.0845765849878695e-05,-1.050644482198933e-05,-1.0705208768018328e-05,-1.04645975025661e-05,-1.0394154378256774e-05,-1.0392899115420152e-05,-1.037494795089291e-05,-1.0416682959596081e-05,-1.0840390753727104e-05,-9.29454420527816e-06,-9.366809179155264e-06,-9.978429848689281e-06,-9.970672499799522e-06,-9.859743302259137e-06,-1.0268358606387971e-05,-1.0200574125602928e-05,-1.017193460438022e-05,-1.024407763268676e-05,-9.89855377432485e-06,-9.696035687888839e-06,-9.720671137806371e-06,-9.629611159062317e-06,-9.556486095023013e-06,-9.33614784926587e-06,-9.155966222374028e-06,-9.099933742639028e-06,-9.536527430301106e-06,-9.79384020578977e-06,-7.858838378469358e-06,-8.068899402420471e-06,-9.078763890926463e-06,-9.043365881584204e-06,-9.06521570927603e-06,-9.004201508517125e-06,-8.743166373247733e-06,-8.761385803649844e-06,-8.820775237865094e-06,-9.048760966455497e-06,-8.363404570305054e-06,-8.553276268337105e-06,-8.558856860031545e-06,-8.33458026127789e-06,-8.353404386401961e-06,-8.197640921978218e-06,-8.145736040960085e-06,-8.228094167857461e-06,-8.462151865518036e-06,-6.877441997129342e-06,-6.862775381899825e-06,-7.430713580596986e-06,-7.45525562998612e-06,-7.3538309967628014e-06,-7.444446190542522e-06,-7.60012639260146e-06,-7.414152423009687e-06,-7.448146692154938e-06,-7.432704183852333e-06,-6.588739885323238e-06,-6.318487146097702e-06,-6.319140949796488e-06,-6.391984446115078e-06,-6.251582384685216e-06,-6.207422701140908e-06,-6.207104966779868e-06,-6.241041714429571e-06,-6.598230356873894e-06,-5.01114233415359e-06,-5.043966544177502e-06,-5.9885566461604765e-06,-5.851493060430418e-06,-5.882885848037588e-06,-5.8603664701375695e-06,-5.797691983311506e-06,-5.736008591853756e-06,-5.679774427374985e-06,-5.768077400837368e-06,-4.742992221295984e-06,-4.608481942851482e-06,-4.566424382362019e-06,-4.640299167193937e-06,-4.686596709022198e-06,-4.279948711943015e-06,-4.344494013509945e-06,-4.505177722859225e-06,-4.704050744024158e-06,-3.135153750467536e-06,-3.0168080908003906e-06,-4.06940810252276e-06,-4.0363001677220525e-06,-4.115391864592801e-06,-4.031758054727882e-06,-3.998020259550911e-06,-3.925138655241519e-06,-3.881317629502257e-06,-3.905811288933262e-06,-1.3153054130383958e-05,-1.3255409029994046e-05,-1.308736141878456e-05,-1.3083198875759146e-05,-1.3069704476707052e-05,-1.2920038434615257e-05,-1.2652869350864243e-05,-1.2971304611327185e-05,-1.3418109730584756e-05,-2.825556308286375e-06,-2.5970953802408655e-06,-2.621368444736439e-06,-2.7989992090062827e-06,-2.741247339867448e-06,-2.6240317618822345e-06,-2.7529153595339868e-06,-2.565475238922536e-06,-2.6972206028797286e-06,-1.075798646582955e-06,-6.297611516834871e-07,-2.53106695881307e-06,-2.1643447036964286e-06,-2.345492260302279e-06,-2.500539438302697e-06,-2.538604647491701e-06,-1.9600998938658994e-06,-2.4099151848874275e-06,-2.091630486939085e-06,-5.2378354828371284e-08,-3.0569194833898174e-07,3.826574350286234e-08,-2.048318885944782e-07,-1.218909251434489e-07,-1.5175752366996192e-08,1.4255034548488538e-07,-4.3236736767847104e-07,1.8535007707067158e-07,-1.1657786448676998e-05,-1.1691375694591712e-05,-1.316443475827836e-05,-1.2933896225715484e-05,-1.2989175101956921e-05,-1.2975057313696812e-05,-1.2572197466608888e-05,-1.2660090887022962e-05,-1.2908951597759374e-05,-1.302576222441592e-05,-1.3220165609671075e-05,-1.3106466033101303e-05,-1.32665124042799e-05,-1.3288015233549826e-05,-1.3146474534115567e-05,-1.3012391784186734e-05,-1.3017579072655357e-05,-1.3148822561563883e-05,-1.3089035006697563e-05,-1.1963343796716394e-05,-1.2060811957672103e-05,-1.2824314469208338e-05,-1.2703915364051957e-05,-1.262704334979258e-05,-1.249315171503271e-05,-1.2546457172565595e-05,-1.2448264240765967e-05,-1.2438682597644866e-05,-1.2625261333860468e-05,-1.2081346412564458e-05,-1.2151057000627965e-05,-1.2059727533677262e-05,-1.1907516740622374e-05,-1.1837721883567888e-05,-1.1713759896977192e-05,-1.19723354130969e-05,-1.1949232767232013e-05,-1.2239655634577471e-05,-1.1418611351164894e-05,-1.1352914756864548e-05,-1.267347757707464e-05,-1.2487308681514827e-05,-1.259348401505555e-05,-1.2336194535772582e-05,-1.1953901211810784e-05,-1.1870040048234707e-05,-1.2154057465639548e-05,-1.2533804600600864e-05,-1.1809906645376398e-05,-1.162943252167969e-05,-1.1707297356952244e-05,-1.1587176655834318e-05,-1.1619561401632237e-05,-1.149618383343632e-05,-1.1505850752174572e-05,-1.1573399107220386e-05,-1.2262219879244017e-05,-1.0637636972963078e-05,-1.0884556908439662e-05,-1.1097460213289598e-05,-1.1156738846724046e-05,-1.121847034053245e-05,-1.0988727330253019e-05,-1.1032709703787296e-05,-1.0999909508987776e-05,-1.1084194318378572e-05,-1.1157601381549805e-05
1.8900011777877808,-1.2559867877841666e-05,-1.2652406302825072e-05,-1.3220727882290068e-05,-1.3187191124740042e-05,-1.3239371174212507e-05,-1.2974356414273547e-05,-1.2968624972457028e-05,-1.285882535328549e-05,-1.2927451948765372e-05,-1.3122731674005218e-05,-1.0749697618320914e-05,-1.0524828404359364e-05,-1.0706895873482785e-05,-1.0490493392254854e-05,-1.0392642857157482e-05,-1.0357005126982522e-05,-1.040384401798577e-05,-1.0535121013165454e-05,-1.0843969022161479e-05,-9.394036763367851e-06,-9.37405034452434e-06,-9.991942510816212e-06,-9.970343620648719e-06,-9.787161528745296e-06,-1.0251803776165184e-05,-1.0175331823907352e-05,-1.0229539074686711e-05,-1.026638116117473e-05,-9.93717068655804e-06,-9.720616492385599e-06,-9.772720038268984e-06,-9.674511719469298e-06,-9.578574924528846e-06,-9.3205219911962e-06,-9.18704278555942e-06,-9.228498671205437e-06,-9.55023954821385e-06,-9.679498257918455e-06,-7.946218491437524e-06,-7.97573895436457e-06,-9.164227747172277e-06,-9.12283801124614e-06,-9.096522358443615e-06,-9.085447025886843e-06,-8.860839966141257e-06,-8.60597674354055e-06,-8.775332968773779e-06,-9.147730869856256e-06,-8.441449088349329e-06,-8.569187792534045e-06,-8.498617905228903e-06,-8.400085668507404e-06,-8.32463738316474e-06,-8.272820581936667e-06,-8.298954610616996e-06,-8.32448308175293e-06,-8.403453911581156e-06,-6.952420116147762e-06,-6.893415644541475e-06,-7.378151300786595e-06,-7.386159515298819e-06,-7.505772445414783e-06,-7.4670366074895446e-06,-7.626017249159354e-06,-7.5688749640696e-06,-7.574308228833565e-06,-7.4316116349462465e-06,-6.496032922357872e-06,-6.3740974180553725e-06,-6.416768445294868e-06,-6.385162612448556e-06,-6.283935062249363e-06,-6.175893803294894e-06,-6.171819483863278e-06,-6.1601713810145725e-06,-6.809461871357563e-06,-5.091185077051374e-06,-5.002273238558604e-06,-6.140649016836404e-06,-5.907575224357199e-06,-5.9656906293479045e-06,-5.9589716872565455e-06,-5.917582670349103e-06,-5.792881388736861e-06,-5.849067954178064e-06,-5.855086859668589e-06,-4.926728892318371e-06,-4.543227185538823e-06,-4.6467826306628905e-06,-4.840361948592434e-06,-4.999768896446131e-06,-4.3966222217345465e-06,-4.452669441352783e-06,-4.305302677241827e-06,-4.721381179712556e-06,-3.437245428400096e-06,-2.8824188232021503e-06,-4.104014400380655e-06,-3.962629296591856e-06,-4.122117421656148e-06,-4.20211702343227e-06,-4.082143649244823e-06,-3.8963470615649504e-06,-3.804627814580033e-06,-3.7539768302630033e-06,-1.3229103299649503e-05,-1.3261404207867656e-05,-1.3297010301220065e-05,-1.3145938433777047e-05,-1.3108221301537985e-05,-1.293335077813394e-05,-1.2615076434054795e-05,-1.2989093421433242e-05,-1.3567609535554414e-05,-2.9792672619451864e-06,-2.7008060615010466e-06,-2.743544532694073e-06,-2.8544985363794125e-06,-2.8401850312306983e-06,-2.7372045134546445e-06,-2.758132631082165e-06,-2.541315779380672e-06,-2.8824388838237233e-06,-1.1519834227742575e-06,-4.508726080115916e-07,-2.4891762825625688e-06,-2.208405737875869e-06,-2.5018053426159954e-06,-2.6224878130398254e-06,-2.2731937801540164e-06,-2.2242917369091587e-06,-2.0403863841010736e-06,-2.003602466225427e-06,-1.8511423893892238e-08,-4.001364918811488e-07,-2.7011116444461513e-07,-2.6764392369677277e-07,-4.710958716130264e-07,-2.396262098409488e-07,-4.849502114235196e-07,-5.000619711267174e-07,-1.3722816910919953e-07,-1.180450552074807e-05,-1.188357658178229e-05,-1.3219905324903714e-05,-1.2882672327302783e-05,-1.3119258813711437e-05,-1.2896512430543127e-05,-1.2752426836342036e-05,-1.2500692783099206e-05,-1.2925244705177412e-05,-1.2901037502794243e-05,-1.3270883031315464e-05,-1.315684077043596e-05,-1.3275658753483433e-05,-1.3318700506761742e-05,-1.320840778456961e-05,-1.3132788013268339e-05,-1.3178614382146183e-05,-1.3231935658090343e-05,-1.3179124597811703e-05,-1.1880797143117355e-05,-1.2116564235821911e-05,-1.2892811785126973e-05,-1.274184043649743e-05,-1.268186924425657e-05,-1.2528776215263695e-05,-1.2397738078094278e-05,-1.2424227445813362e-05,-1.2488135409209607e-05,-1.2825731511251192e-05,-1.2141308257562293e-05,-1.2211433000393752e-05,-1.213835754864436e-05,-1.1768926318694831e-05,-1.1947669620590465e-05,-1.1789696180307723e-05,-1.2031960038327077e-05,-1.196902447581309e-05,-1.2231525546396551e-05,-1.1242832563346124e-05,-1.1462613138203918e-05,-1.2714801882299591e-05,-1.2591340907935128e-05,-1.2378024023532193e-05,-1.2422977072303862e-05,-1.1983933328440738e-05,-1.2088897546892674e-05,-1.223540191998161e-05,-1.255383487958473e-05,-1.1922955510027768e-05,-1.1713121264572857e-05,-1.1731660873999568e-05,-1.1685634905532168e-05,-1.1526044823617018e-05,-1.1445226547155489e-05,-1.1511465856766343e-05,-1.1735421197967355e-05,-1.2205505122669934e-05,-1.0626986005239719e-05,-1.0903476159736996e-05,-1.1230873844421454e-05,-1.128334610309131e-05,-1.121499863066858e-05,-1.11848395353372e-05,-1.1085366318850385e-05,-1.1039579496000731e-05,-1.1178088093600855e-05,-1.1193297639846488e-05
1.900011658668518,-1.2354934320003805e-05,-1.2599065613376165e-05,-1.32078043840813e-05,-1.3207053009545688e-05,-1.303953287045039e-05,-1.3192522360751274e-05,-1.2917913446765932e-05,-1.2883824339054894e-05,-1.3012194054045785e-05,-1.3254750696477485e-05,-1.0822663779228764e-05,-1.0624347925650095e-05,-1.0790815133769365e-05,-1.0612581328520558e-05,-1.0449447778675839e-05,-1.0462888251325856e-05,-1.0496694353278792e-05,-1.05002146688064e-05,-1.0974942016237185e-05,-9.506709221732722e-06,-9.441636232345997e-06,-1.0042559126039653e-05,-9.99194179179752e-06,-9.922283116883745e-06,-1.032104455741379e-05,-1.0322918895346261e-05,-1.0256357177752855e-05,-1.0336916032269455e-05,-9.952260300485453e-06,-9.766347663188309e-06,-9.747281156862369e-06,-9.692395871454227e-06,-9.648490720527723e-06,-9.432494484862108e-06,-9.288989282551108e-06,-9.253869821051045e-06,-9.551440165629701e-06,-9.843683875916766e-06,-7.864168176443205e-06,-8.060760686015221e-06,-9.156367003394268e-06,-9.1380924242583e-06,-9.043255008901532e-06,-9.10801357141321e-06,-8.845769046699899e-06,-8.804082356052988e-06,-8.935112440213028e-06,-9.133963962718998e-06,-8.390949241761853e-06,-8.577498713916595e-06,-8.613055626390308e-06,-8.597994629406934e-06,-8.33363611783032e-06,-8.284722282678875e-06,-8.21421912030857e-06,-8.36612238906788e-06,-8.467596275071763e-06,-7.0198478198566595e-06,-6.993450846039803e-06,-7.563166315145694e-06,-7.483721220586665e-06,-7.46283947966493e-06,-7.5428673388757416e-06,-7.76028428357955e-06,-7.582907261006949e-06,-7.627765327409092e-06,-7.536996407432516e-06,-6.616574752725085e-06,-6.484371086252104e-06,-6.425490861076204e-06,-6.370207239311383e-06,-6.319443369059338e-06,-6.187297871198731e-06,-6.2497687319305504e-06,-6.2329618137535185e-06,-6.863309900397216e-06,-5.199138256215784e-06,-5.057065698653304e-06,-6.1300032260476424e-06,-6.107896421074451e-06,-6.042131951409356e-06,-6.0269861102200455e-06,-5.884188638009908e-06,-5.814061666220495e-06,-5.8098847428211925e-06,-5.866331880637234e-06,-4.971101980611166e-06,-4.749598133648588e-06,-4.800821528748202e-06,-4.828446658396903e-06,-4.753389663027711e-06,-4.397978938108943e-06,-4.527413016473101e-06,-4.5581812644423465e-06,-4.764711978506e-06,-3.247439520578578e-06,-3.1697675980217214e-06,-4.122287613381104e-06,-4.00374012516645e-06,-4.319740428820927e-06,-4.133916734136278e-06,-4.1319737299184966e-06,-3.924695883529529e-06,-3.8124681382271227e-06,-3.9374393394572295e-06,-1.3369384997349929e-05,-1.3356699494328995e-05,-1.3216485096778361e-05,-1.3180433930854142e-05,-1.3126116957822024e-05,-1.3014886347644962e-05,-1.2657413549012627e-05,-1.3176761614774544e-05,-1.351562333352195e-05,-3.0236801838736486e-06,-2.575220962109692e-06,-2.901797671248924e-06,-2.978850231102455e-06,-2.944957918808064e-06,-2.837511288313835e-06,-2.7230712662926075e-06,-2.6648925876567974e-06,-2.9189186567916535e-06,-9.814037872325687e-07,-7.013458619738537e-07,-2.2359391207391693e-06,-2.3985610887828483e-06,-2.627492255054472e-06,-2.305724414845019e-06,-2.526783189235785e-06,-2.2477274322332755e-06,-2.1454622661562447e-06,-2.2206927607363865e-06,-2.7370359754726856e-07,-9.490134330888362e-07,-2.999950913216624e-07,-1.2938532889667958e-07,-4.302932144508377e-07,-5.755495148900945e-07,4.0225723752017663e-07,-7.469733502808368e-07,4.3931718667258995e-07,-1.1734283135177916e-05,-1.1985330669371367e-05,-1.3283269566363282e-05,-1.2980514665587039e-05,-1.2852151996979354e-05,-1.3107745886377273e-05,-1.280848829253042e-05,-1.2645354167470745e-05,-1.3019786891458274e-05,-1.300377247568617e-05,-1.3346075561708543e-05,-1.321739508683795e-05,-1.3291936330097673e-05,-1.3338856038802168e-05,-1.33279712461994e-05,-1.3133000555194392e-05,-1.3122348724648598e-05,-1.3224528902715956e-05,-1.327457864360076e-05,-1.204459204635715e-05,-1.2175648302797664e-05,-1.3017290027140224e-05,-1.2708401609293575e-05,-1.274536305288486e-05,-1.2635673012162344e-05,-1.2517978136315466e-05,-1.244009590079051e-05,-1.2528404626402446e-05,-1.2751181352159659e-05,-1.2222042552640318e-05,-1.2149892190343094e-05,-1.2156792468949173e-05,-1.1971192173372861e-05,-1.1933264943871305e-05,-1.1936097589919624e-05,-1.1962573296283515e-05,-1.1866080843696058e-05,-1.2317586331962428e-05,-1.13013296234598e-05,-1.1517258271368144e-05,-1.273830976710062e-05,-1.2757498650408344e-05,-1.2590740671129072e-05,-1.2445372922792189e-05,-1.1941231671004864e-05,-1.2136584304740318e-05,-1.239884407264995e-05,-1.2672950967782888e-05,-1.1920565204280223e-05,-1.188909087995311e-05,-1.1804367181551275e-05,-1.1583168270416976e-05,-1.1520141967743762e-05,-1.1480000879682258e-05,-1.1565020813786172e-05,-1.1602888508539836e-05,-1.230138511513353e-05,-1.0773880230264737e-05,-1.089127570672728e-05,-1.1252339428523012e-05,-1.1274000585709437e-05,-1.125586118208801e-05,-1.1031864137802723e-05,-1.1116643344447765e-05,-1.1090222427308384e-05,-1.1095708971357602e-05,-1.1250278433337485e-05
1.9100077152252197,-1.2635023306870116e-05,-1.2670620052979497e-05,-1.3232507996971059e-05,-1.3250411562460734e-05,-1.3212853477156866e-05,-1.3130137278949694e-05,-1.3036310803877203e-05,-1.301447823263404e-05,-1.3099198623549883e-05,-1.3143461558178702e-05,-1.0862391431541008e-05,-1.0703760089152923e-05,-1.081531397013497e-05,-1.06440798118758e-05,-1.0524472202498175e-05,-1.055999330784091e-05,-1.051658701208456e-05,-1.0603016941848122e-05,-1.1000306694914543e-05,-9.479832950054201e-06,-9.427837904091796e-06,-1.0096654353706427e-05,-1.0105114759075536e-05,-9.965577101920038e-06,-1.034872375726831e-05,-1.0397468910634057e-05,-1.037853067724319e-05,-1.0363421506007292e-05,-9.93025919126033e-06,-9.802259051878346e-06,-9.791157403237357e-06,-9.78744697916696e-06,-9.668510214231175e-06,-9.470619875915831e-06,-9.33575497745127e-06,-9.283846717045274e-06,-9.58122968535218e-06,-9.819623497150987e-06,-7.952130838357544e-06,-8.051653307624922e-06,-9.194053217829473e-06,-9.203357607342027e-06,-9.168593628684458e-06,-9.119396500167435e-06,-8.85391409046966e-06,-8.824447553944692e-06,-8.699608148841262e-06,-9.17779893742093e-06,-8.625672247420322e-06,-8.716002278385858e-06,-8.664982581282359e-06,-8.605351197276453e-06,-8.506371083810237e-06,-8.446178721418988e-06,-8.296611112986455e-06,-8.443485061684292e-06,-8.487848515126582e-06,-7.00172135857173e-06,-6.986277556035476e-06,-7.4283853980646325e-06,-7.566050514834397e-06,-7.467398921009635e-06,-7.753980862391665e-06,-7.587009622167645e-06,-7.622398931383703e-06,-7.531079674498461e-06,-7.485339300256462e-06,-6.6547278259985405e-06,-6.425120710252345e-06,-6.4825090435393085e-06,-6.429012327033723e-06,-6.318062996969897e-06,-6.29107779395918e-06,-6.2221663232725915e-06,-6.221030129931756e-06,-6.785084692955045e-06,-5.180596633536728e-06,-5.115542122930449e-06,-6.145850757580784e-06,-5.912615833012172e-06,-6.053988497777558e-06,-6.064923837394539e-06,-5.990339237307545e-06,-5.847907026594144e-06,-5.864618962401649e-06,-5.886073833124662e-06,-4.831616883722225e-06,-4.6541560235698606e-06,-4.699047452439422e-06,-5.102293915879305e-06,-4.848111747785903e-06,-4.462445650932579e-06,-4.597195650209782e-06,-4.4531589492799055e-06,-4.614218058289514e-06,-3.4599417568007976e-06,-3.1457429544850504e-06,-4.093839926346049e-06,-4.023617972187112e-06,-3.973405804979253e-06,-4.3072093710155425e-06,-4.179265099386109e-06,-4.049315556519961e-06,-3.851963331795479e-06,-4.074695622197378e-06,-1.3231803358650581e-05,-1.341182924609322e-05,-1.3412588817441948e-05,-1.329282848849364e-05,-1.3142893245802676e-05,-1.3052103761891443e-05,-1.2862706472393932e-05,-1.309707090342952e-05,-1.358173163792669e-05,-3.153471183117689e-06,-2.9111948860749205e-06,-2.804323039124966e-06,-2.8916911444809363e-06,-2.7862105268027073e-06,-2.725764063204872e-06,-2.443287430960184e-06,-2.720814626120344e-06,-2.9956282447279724e-06,-1.1984833683649821e-06,-6.381380070803114e-07,-2.4568356845124865e-06,-2.3788339480805248e-06,-2.685418773834168e-06,-2.5105001480794674e-06,-2.4876748996268662e-06,-2.241830903724531e-06,-2.1723503297413523e-06,-2.1760596033818402e-06,-7.156407445383834e-08,4.2270174317386766e-07,-2.028747197084179e-07,-1.6168026925967e-07,-6.71082437029921e-07,-3.125076703466019e-07,-1.8970301624635444e-08,-6.841727475757824e-07,-2.0220991502360841e-07,-1.1771583092770509e-05,-1.2066772622648384e-05,-1.3299440872014495e-05,-1.3131621908749818e-05,-1.3054635139106821e-05,-1.3182041225243524e-05,-1.2818830082215204e-05,-1.267943450315371e-05,-1.3019278401437619e-05,-1.3064301626433857e-05,-1.332334996924698e-05,-1.3235733514833977e-05,-1.335421226486145e-05,-1.3261893140579824e-05,-1.328097316445722e-05,-1.3226873910285756e-05,-1.3312385365569138e-05,-1.3280035851687245e-05,-1.3295646466560595e-05,-1.2176729994521466e-05,-1.2229708586155893e-05,-1.3009085736230046e-05,-1.2845454481645087e-05,-1.2730558457967894e-05,-1.273254438760173e-05,-1.2574103441363912e-05,-1.248164597788549e-05,-1.2600869487476586e-05,-1.2847214351801414e-05,-1.2357786235753132e-05,-1.2328028784264422e-05,-1.2150367605503807e-05,-1.1967524459012906e-05,-1.2031637630344524e-05,-1.1894304628309687e-05,-1.2002032323211544e-05,-1.1993566309496617e-05,-1.2338157169200719e-05,-1.1508025352313807e-05,-1.149187892470942e-05,-1.2829830780631503e-05,-1.2626993881306408e-05,-1.2635398922236051e-05,-1.2312953119299683e-05,-1.2153894104592188e-05,-1.2025332267806164e-05,-1.2243346069928166e-05,-1.26062927578807e-05,-1.1937125642848826e-05,-1.1866700206399384e-05,-1.1849814771380926e-05,-1.1718287413891866e-05,-1.1663623298634111e-05,-1.1558019728759145e-05,-1.1637412191149747e-05,-1.1740657092099719e-05,-1.2380181367222764e-05,-1.0766955792630529e-05,-1.0831634544067134e-05,-1.1418084166658186e-05,-1.1289352210049076e-05,-1.1238713736657328e-05,-1.1138824495953953e-05,-1.1173054962740305e-05,-1.1075609954186553e-05,-1.1149822605902953e-05,-1.1359661021666292e-05
1.9200037717819214,-1.2804458048944768e-05,-1.2577402299133654e-05,-1.3371896961060562e-05,-1.3260054178367117e-05,-1.3359734616041648e-05,-1.3082155579633623e-05,-1.2944020440343352e-05,-1.3035010530470315e-05,-1.3085791369563546e-05,-1.3312678869000178e-05,-1.0830436515118583e-05,-1.0647661100188693e-05,-1.083838943709321e-05,-1.0670287468070432e-05,-1.0516078809671382e-05,-1.0605818094877626e-05,-1.0505071352479355e-05,-1.060532269099721e-05,-1.1002367977707547e-05,-9.547997288415477e-06,-9.448205187137712e-06,-1.0053929112457378e-05,-1.008708507770687e-05,-9.940555682767371e-06,-1.0466942366332161e-05,-1.0409483569213148e-05,-1.0369019497954136e-05,-1.0394169909060573e-05,-1.0002712979446577e-05,-9.850265054026286e-06,-9.889821579889271e-06,-9.7909222841243e-06,-9.659132772419273e-06,-9.573817177828236e-06,-9.292857746930527e-06,-9.309055368665954e-06,-9.657817112012326e-06,-9.913955442365617e-06,-7.985808307866059e-06,-8.065675754006158e-06,-9.289865334928321e-06,-9.230675859811974e-06,-9.278561210622999e-06,-9.191106247808749e-06,-8.905057171181113e-06,-8.820523509420196e-06,-8.994890504032581e-06,-9.166637178817094e-06,-8.612017794806864e-06,-8.735542474227648e-06,-8.652193108158219e-06,-8.551957444247901e-06,-8.392623548693552e-06,-8.428770128398513e-06,-8.325868774580709e-06,-8.356646154087373e-06,-8.54113441535098e-06,-7.023443272837829e-06,-7.0022470331391805e-06,-7.5983073472065865e-06,-7.506763612684964e-06,-7.580396375824358e-06,-7.44077200501432e-06,-7.66655732069436e-06,-7.696024072924937e-06,-7.60842084845591e-06,-7.726554397608218e-06,-6.638843912119465e-06,-6.525502910172573e-06,-6.550733707569041e-06,-6.478321191055853e-06,-6.267573719957229e-06,-6.414144746079131e-06,-6.2939768773348585e-06,-6.2931166433689195e-06,-6.8535112574341545e-06,-5.2669166253419235e-06,-5.211587705399357e-06,-6.1919782514878285e-06,-5.9492256764619134e-06,-6.081819194870977e-06,-6.083636586522853e-06,-5.8934956878916315e-06,-5.877300942230981e-06,-5.848489000325362e-06,-6.052575554141262e-06,-4.990067968123635e-06,-4.724183555073841e-06,-4.981160189322892e-06,-4.95636001222248e-06,-5.071249492829554e-06,-4.447007888153356e-06,-4.664435186726365e-06,-4.5761094203713706e-06,-4.825787295853927e-06,-3.3354195108434527e-06,-3.0500345917837992e-06,-4.144024267530437e-06,-4.0938938527481275e-06,-4.2459610577697515e-06,-4.313444773034941e-06,-4.14175166514316e-06,-4.16119723812477e-06,-3.985613160568434e-06,-3.943987514608676e-06,-1.342311611394988e-05,-1.3338489483071781e-05,-1.345839390336644e-05,-1.3285045111127144e-05,-1.31968495590577e-05,-1.2870836129163633e-05,-1.2772669944859436e-05,-1.3027798916769578e-05,-1.3587058847433236e-05,-2.950845675288738e-06,-2.810259688876856e-06,-2.7775656931384935e-06,-3.0479961018834067e-06,-2.9733518232447803e-06,-2.7872877606106045e-06,-2.7015081832560937e-06,-2.7980936049607306e-06,-3.1433620678824016e-06,-1.1526565680759217e-06,-8.253212942141349e-07,-2.8518650585094334e-06,-2.261454649538605e-06,-2.6517788371015e-06,-2.4581330818445976e-06,-2.410720054413899e-06,-1.888049690872801e-06,-2.400622155870244e-06,-2.1889851148429533e-06,-2.5383286881168056e-07,-1.4614112484454178e-07,-1.7924503314056152e-07,-4.929061532766629e-07,-6.167656078015429e-07,-4.7420145715772573e-07,-3.081448087129369e-07,6.886185839667634e-09,4.8502987869485435e-08,-1.185775403200036e-05,-1.1966716138196704e-05,-1.3317092780961143e-05,-1.3136467231927401e-05,-1.2947354386225382e-05,-1.3214599829761738e-05,-1.2972745237183213e-05,-1.2829550650948177e-05,-1.2984760327173522e-05,-1.3034583289562122e-05,-1.3413154541350674e-05,-1.3309514611530019e-05,-1.3403100502947375e-05,-1.3357553113322946e-05,-1.3341943792683247e-05,-1.3253099398144007e-05,-1.328346341380328e-05,-1.3301354755975154e-05,-1.3297829694924162e-05,-1.1993077951999405e-05,-1.2150352793718705e-05,-1.3074008954022735e-05,-1.277336336648828e-05,-1.2772268157213024e-05,-1.2742691179416602e-05,-1.2597823005268561e-05,-1.2574786940534773e-05,-1.2595826146550574e-05,-1.28165057823838e-05,-1.228265395912664e-05,-1.2262787616405088e-05,-1.2208078059165847e-05,-1.1976085526999228e-05,-1.2014880324457405e-05,-1.2023702540033516e-05,-1.2037888059854634e-05,-1.1899635145302227e-05,-1.2321355715565765e-05,-1.1339061998895182e-05,-1.1549802639316207e-05,-1.2808311989146562e-05,-1.2660968233633827e-05,-1.270152922861284e-05,-1.249715664916032e-05,-1.2141002243205971e-05,-1.2250331767955134e-05,-1.2356032836765054e-05,-1.2792926139517072e-05,-1.2059640388611505e-05,-1.1891317393242078e-05,-1.1813912586130179e-05,-1.1744731339629466e-05,-1.1612614386811025e-05,-1.155123118565817e-05,-1.1616067833600059e-05,-1.1819029410766755e-05,-1.231598234505904e-05,-1.0794212353296499e-05,-1.1027861648338672e-05,-1.1422681572189953e-05,-1.1321183023844853e-05,-1.1321687631164557e-05,-1.1218418427382717e-05,-1.110371538832309e-05,-1.1156874453649803e-05,-1.124147189236891e-05,-1.1344078160914547e-05
1.9300142526626587,-1.270374783269617e-05,-1.2749305863797278e-05,-1.3378515815749664e-05,-1.339943695889585e-05,-1.3210447640605522e-05,-1.3055549155671098e-05,-1.3134290330928344e-05,-1.3177195614458462e-05,-1.3072124549828543e-05,-1.3227103564856737e-05,-1.0955731562368632e-05,-1.0719227187894874e-05,-1.0840379105624256e-05,-1.0622172894099642e-05,-1.0659220619934252e-05,-1.062656077758387e-05,-1.063166954921107e-05,-1.0619248213658446e-05,-1.1067811908838693e-05,-9.535829478854485e-06,-9.584429893757057e-06,-1.0101121185443296e-05,-1.0083199213075045e-05,-1.003224163918674e-05,-1.043143334050349e-05,-1.0432750438947828e-05,-1.0424475828009343e-05,-1.043846117302595e-05,-1.002124324163026e-05,-9.904458068235495e-06,-9.959936112655271e-06,-9.791249437630236e-06,-9.658068193340397e-06,-9.415983658583417e-06,-9.365296867135406e-06,-9.390540894475851e-06,-9.674181114673629e-06,-1.0019248539968354e-05,-8.076173570747619e-06,-8.181815248613385e-06,-9.258940340883703e-06,-9.215246869060822e-06,-9.26823811542427e-06,-9.262738053823598e-06,-9.034890520626251e-06,-8.922819952810433e-06,-9.013889997816208e-06,-9.297799131005678e-06,-8.601318580929111e-06,-8.685430466323913e-06,-8.735878543565393e-06,-8.680811202623837e-06,-8.46980143350551e-06,-8.457323654985378e-06,-8.438680866376025e-06,-8.490601134394217e-06,-8.584362753980477e-06,-7.0736122270221574e-06,-7.04403460210891e-06,-7.619689884648945e-06,-7.722278824844049e-06,-7.586597049240818e-06,-7.645830240693784e-06,-7.718992190392108e-06,-7.652384383700393e-06,-7.653781149416066e-06,-7.697025953573664e-06,-6.687473662984767e-06,-6.5043137168571295e-06,-6.4967290043558866e-06,-6.578331154998009e-06,-6.436507090296301e-06,-6.358398220078879e-06,-6.299683656810159e-06,-6.4372356719393005e-06,-7.054973321113755e-06,-5.296721244456982e-06,-5.192008754449943e-06,-6.277090939003316e-06,-6.1213957094536666e-06,-6.1651843074498116e-06,-5.974477900615472e-06,-5.871887234775502e-06,-5.969506461558897e-06,-5.886839300426682e-06,-5.997476216867807e-06,-5.0443468331649504e-06,-4.8364430091006695e-06,-4.79886205900232e-06,-5.021462121866325e-06,-4.905899999270672e-06,-4.662377858536179e-06,-4.6300427250281744e-06,-4.565251447165902e-06,-5.1162714954940126e-06,-3.548608338016921e-06,-3.212842066650624e-06,-4.313571751736366e-06,-4.117049130781442e-06,-4.262434423174468e-06,-4.307330597567412e-06,-4.225392808998761e-06,-4.055932326054851e-06,-4.070212181128668e-06,-4.0449799456948125e-06,-1.3418136478080188e-05,-1.3520192553520897e-05,-1.3358758620065915e-05,-1.3371261204731004e-05,-1.3288933851833745e-05,-1.3121436721336668e-05,-1.2741509112683068e-05,-1.3207005122900643e-05,-1.3494797963665854e-05,-3.0860436232125296e-06,-2.7418920839306844e-06,-2.8093360374620752e-06,-2.940785884735884e-06,-2.9791799730756903e-06,-2.799335853558984e-06,-2.621095433338189e-06,-2.906798446268229e-06,-3.0299423333884774e-06,-1.0685172880688643e-06,-1.2932881402730258e-06,-2.679361904156581e-06,-2.53358805406112e-06,-2.8145702778514407e-06,-2.714730002321154e-06,-2.42128164811355e-06,-2.1425616728413086e-06,-2.193530463421248e-06,-2.1912816605527534e-06,-3.64890483090879e-08,-2.653278206784858e-07,-2.1442561122964478e-07,-4.4621365447958713e-07,-6.992364768301965e-07,-4.762775517358337e-07,-4.289392303474807e-08,-8.429172635063619e-07,-7.053714319379923e-07,-1.1776343284134678e-05,-1.2031882096700608e-05,-1.3307763657205502e-05,-1.3096651427923229e-05,-1.295773011359254e-05,-1.326001060583424e-05,-1.296794736923946e-05,-1.2767476760437517e-05,-1.3049415926208168e-05,-1.3157781678299404e-05,-1.3529684175501464e-05,-1.3360824504578565e-05,-1.340163154775479e-05,-1.3495383244883066e-05,-1.3350645932137402e-05,-1.3304542022043534e-05,-1.3295465273849614e-05,-1.3385119283438709e-05,-1.3396422401117856e-05,-1.2132797664688318e-05,-1.2280959232064023e-05,-1.3068603083871024e-05,-1.2850784711030151e-05,-1.2860220537160035e-05,-1.2731919416552588e-05,-1.268645327604062e-05,-1.2592183741648662e-05,-1.2598371472728624e-05,-1.2912730903820692e-05,-1.2461181411610226e-05,-1.2377766183428394e-05,-1.228818105583022e-05,-1.2059887155827412e-05,-1.2030264160834549e-05,-1.2057392304761705e-05,-1.2077909215597918e-05,-1.2057456153621765e-05,-1.237565643877539e-05,-1.1355503224164259e-05,-1.1565172382926945e-05,-1.2847099021202839e-05,-1.2795574429172155e-05,-1.2693148346711326e-05,-1.2619557502361813e-05,-1.2198011509837267e-05,-1.218347367085591e-05,-1.2442558971229924e-05,-1.2679600452668371e-05,-1.1965043413106133e-05,-1.19010829613452e-05,-1.1760615900625365e-05,-1.1780588370506207e-05,-1.1711714576399202e-05,-1.1562719810160467e-05,-1.1738103425304814e-05,-1.1849780689894815e-05,-1.2375031611529986e-05,-1.0886664352232844e-05,-1.1016244319490087e-05,-1.1460147335493465e-05,-1.1354840288928056e-05,-1.1238730561694774e-05,-1.1243425753768975e-05,-1.1189940110151282e-05,-1.1214717350555345e-05,-1.1216203849804074e-05,-1.1368694197327332e-05
1.9400103092193604,-1.2599378386508211e-05,-1.2464971934363177e-05,-1.3272358026265083e-05,-1.3172629270534293e-05,-1.31567743331086e-05,-1.3038753022774483e-05,-1.2922594833681202e-05,-1.2967942479912337e-05,-1.2934461086801776e-05,-1.3309513748707585e-05,-1.0866836980324526e-05,-1.0621984511201718e-05,-1.0742369379787951e-05,-1.0631492958219733e-05,-1.0279161287055842e-05,-1.0480116226850306e-05,-1.048855836914458e-05,-1.0511238807232135e-05,-1.0970986838203224e-05,-9.402132122945831e-06,-9.417243379335943e-06,-9.947600484131015e-06,-9.980663120753979e-06,-9.91276057709932e-06,-1.03402478210954e-05,-1.0309566718191912e-05,-1.02711058330154e-05,-1.0251993884707974e-05,-9.948058642843064e-06,-9.718214107123989e-06,-9.708282733309949e-06,-9.71144814121002e-06,-9.487869709608592e-06,-9.40678784089371e-06,-9.261734016118787e-06,-9.145240620510194e-06,-9.577043846121066e-06,-9.850552805307771e-06,-7.954921997027198e-06,-8.052518215212373e-06,-9.16446847463115e-06,-9.174612534174984e-06,-9.059803799367287e-06,-9.091644535621047e-06,-8.862507873806574e-06,-8.746994572580269e-06,-8.860799701094372e-06,-9.192322683635876e-06,-8.479716557497059e-06,-8.651948641802135e-06,-8.559303154935138e-06,-8.426480700973788e-06,-8.363049159364428e-06,-8.223790337658605e-06,-8.364132289125619e-06,-8.500311769469087e-06,-8.51685178790677e-06,-7.000505210352083e-06,-7.042835854141665e-06,-7.481434956844194e-06,-7.457614155107375e-06,-7.469981995669139e-06,-7.55822658481354e-06,-7.609585371133302e-06,-7.529183406495813e-06,-7.561312756853491e-06,-7.593130053097814e-06,-6.546569870309976e-06,-6.3925941739679e-06,-6.371180503016075e-06,-6.340261980139707e-06,-6.192405636199757e-06,-6.291832475980785e-06,-6.167678511398693e-06,-6.156215987275005e-06,-6.940332405269322e-06,-4.956705213097644e-06,-5.041272956344672e-06,-6.023832062815347e-06,-5.844699484198584e-06,-6.08894970326299e-06,-5.913157685500245e-06,-5.833666933254123e-06,-5.710393910376368e-06,-5.658797488378117e-06,-5.9171910927681515e-06,-4.925678334104035e-06,-4.643917484969588e-06,-4.833489567911698e-06,-4.959393336388395e-06,-4.663837322682001e-06,-4.630835227433103e-06,-4.53063350120516e-06,-4.699847576442511e-06,-5.019388471951778e-06,-3.3234118267456958e-06,-3.0978029582532524e-06,-4.1479766413914895e-06,-4.1559696846092626e-06,-4.195892622398896e-06,-4.263251156509396e-06,-4.079089833046117e-06,-3.832201246784609e-06,-3.848702294409059e-06,-3.992495751314631e-06,-1.328210087337746e-05,-1.3229516879202501e-05,-1.328297879520328e-05,-1.3196071868437874e-05,-1.3088176354572754e-05,-1.2837659456175743e-05,-1.2667937969445778e-05,-1.3078998656154146e-05,-1.3326487766829188e-05,-2.8232555922681473e-06,-2.6635329233057544e-06,-2.704129150200791e-06,-2.9722326706470013e-06,-2.902996922529254e-06,-2.577970921008158e-06,-2.645326507142012e-06,-2.60880093268325e-06,-3.1152657652832832e-06,-1.1518051061380552e-06,-1.0164154678303456e-06,-2.593053848061712e-06,-2.22363059921969e-06,-2.5733497878594774e-06,-2.6157264488454994e-06,-2.4278467921061842e-06,-1.9497423576717094e-06,-1.975222007438296e-06,-2.3354816506281195e-06,-1.1583851338176629e-07,-5.240265766024092e-08,-2.0813204059787232e-07,-3.3995275771423403e-07,-4.4087148938419774e-07,-2.7093127716740736e-07,-2.111059019177639e-07,-1.377953310553141e-07,-6.054588950289221e-07,-1.1749362970451085e-05,-1.1891937906375317e-05,-1.3213338095756866e-05,-1.306495852191303e-05,-1.3142778778026534e-05,-1.3114104600102753e-05,-1.2788250504751359e-05,-1.266072276065157e-05,-1.2883260772202252e-05,-1.3041370969840663e-05,-1.3284595724443168e-05,-1.3122188527283493e-05,-1.3207969614577264e-05,-1.328972807988354e-05,-1.3199867999536642e-05,-1.3104832854038924e-05,-1.322250500889506e-05,-1.3265730974762866e-05,-1.3341307029727519e-05,-1.2035087050628869e-05,-1.2122198178703472e-05,-1.2788912289557652e-05,-1.2844329648799625e-05,-1.2712836948011631e-05,-1.2597797264399303e-05,-1.2454490079836731e-05,-1.245062693619565e-05,-1.2605073445978796e-05,-1.2809600470646864e-05,-1.2267988853836381e-05,-1.2230818607216254e-05,-1.2178506258304024e-05,-1.1830110639276824e-05,-1.1999934370465126e-05,-1.1931943387511062e-05,-1.1968764766260686e-05,-1.1935557319272678e-05,-1.2253043187451583e-05,-1.1364207233067019e-05,-1.1506597668794279e-05,-1.2760794200692095e-05,-1.248776755924557e-05,-1.2736187511522336e-05,-1.2511833546357167e-05,-1.1997896527681558e-05,-1.2103879883230887e-05,-1.2297520964866276e-05,-1.2525968303458462e-05,-1.1837756827876433e-05,-1.1824170106823984e-05,-1.1741526960916162e-05,-1.1637486537682744e-05,-1.1659773384937005e-05,-1.1473690771620514e-05,-1.164420461695167e-05,-1.1682700158829251e-05,-1.234715583196443e-05,-1.073607566535244e-05,-1.0895623181360885e-05,-1.1274200472906471e-05,-1.1203353403894652e-05,-1.1153235068626407e-05,-1.1236238586703846e-05,-1.0995342014633695e-05,-1.1096924256754817e-05,-1.1094631881353444e-05,-1.129989805723932e-05
1.950006365776062,-1.2742387178312624e-05,-1.270769653956188e-05,-1.3359397827685207e-05,-1.3317486227990699e-05,-1.3187304298282533e-05,-1.3294699950351333e-05,-1.303980322147947e-05,-1.3005369416206353e-05,-1.3175369306974777e-05,-1.3286162466178187e-05,-1.091315587700801e-05,-1.0670529058351739e-05,-1.0808616310996965e-05,-1.0598668604392082e-05,-1.05243491064977e-05,-1.0554210959500832e-05,-1.0564510758493865e-05,-1.057820763321029e-05,-1.106289511520289e-05,-9.483804018401306e-06,-9.494997485729566e-06,-1.0114810438561565e-05,-1.0056536561850621e-05,-1.0017694884373572e-05,-1.0398123217645928e-05,-1.0346275786221475e-05,-1.0413003165722062e-05,-1.0366075260204453e-05,-1.0038469922921062e-05,-9.845137444109294e-06,-9.838640534990757e-06,-9.780176118325806e-06,-9.6636971030911e-06,-9.412975284366195e-06,-9.380588093904719e-06,-9.286651177560772e-06,-9.695955445402547e-06,-9.911984180713147e-06,-7.99342523240481e-06,-8.173580327506828e-06,-9.306235952561612e-06,-9.28674479379478e-06,-9.230988057729067e-06,-9.173149762543169e-06,-8.943134387982312e-06,-8.876921250651935e-06,-8.923665662598745e-06,-9.179657456942124e-06,-8.590586579798894e-06,-8.633142132636076e-06,-8.698233600803245e-06,-8.632056270603846e-06,-8.538785021767143e-06,-8.445310793953022e-06,-8.453772421653911e-06,-8.417846868295597e-06,-8.60976108273273e-06,-7.030382809864619e-06,-7.104010252265676e-06,-7.627230017991138e-06,-7.580784286409968e-06,-7.531696664440095e-06,-7.545657275213614e-06,-7.743226355976316e-06,-7.773766099804493e-06,-7.683687581578248e-06,-7.584964876804611e-06,-6.706150533080232e-06,-6.533468199268743e-06,-6.474840996771389e-06,-6.416322366096884e-06,-6.455680370898355e-06,-6.259905169876223e-06,-6.379062817354916e-06,-6.384275271477841e-06,-7.0707589451373106e-06,-5.306682385644969e-06,-5.194166817159209e-06,-6.116153847466141e-06,-6.135578137494398e-06,-6.080089667303553e-06,-6.116356970247299e-06,-5.993613432736073e-06,-5.946636490143506e-06,-5.9238720706724474e-06,-5.973925550454461e-06,-5.031959507196569e-06,-4.923473894688983e-06,-4.96223159078253e-06,-4.9477748571098975e-06,-4.872246473084681e-06,-4.6810396292390634e-06,-4.65440221557081e-06,-4.564085342647382e-06,-4.8478349974904424e-06,-3.4265327688727595e-06,-3.370928464770252e-06,-4.274056209938959e-06,-4.107872582792746e-06,-4.381512259578085e-06,-4.219032944843368e-06,-4.257956446647835e-06,-4.155109594447063e-06,-3.933616029451815e-06,-4.031137541594646e-06,-1.342693956775903e-05,-1.3322513031486741e-05,-1.3422548376788807e-05,-1.3299790602707432e-05,-1.3186635179485557e-05,-1.2980909263046506e-05,-1.279173717020407e-05,-1.3215144270717109e-05,-1.36094677840618e-05,-3.172939261384433e-06,-2.874230638310727e-06,-2.8320390527366344e-06,-2.9628918987885124e-06,-3.0044856203182406e-06,-2.8921603760808784e-06,-2.7150869951029065e-06,-2.6460929091683346e-06,-3.0138498321861666e-06,-1.2226572082807333e-06,-1.3273087974043602e-06,-2.764631841060526e-06,-2.586504522480354e-06,-2.7999599617856927e-06,-2.9370380716933783e-06,-2.736696670550815e-06,-2.330411777912286e-06,-2.26936313615792e-06,-2.2477816462428304e-06,-2.1077759798191712e-07,-3.7341157363779203e-07,-3.2824526392137445e-07,-2.0667243264831226e-07,-1.9275266213663202e-07,-7.961678184286925e-07,-5.45383157469901e-07,-7.450028795489308e-07,-9.030831660096575e-08,-1.1755953783411105e-05,-1.1896793152010883e-05,-1.339591419870468e-05,-1.3027761240189993e-05,-1.3168368221947748e-05,-1.310738896549739e-05,-1.2842077394641397e-05,-1.2819425861105352e-05,-1.305748173411781e-05,-1.307526637391544e-05,-1.3319703394036643e-05,-1.333777377186341e-05,-1.3332015294943984e-05,-1.3403180889237407e-05,-1.3285940289401628e-05,-1.3284797624892543e-05,-1.3246647643399476e-05,-1.3399542367036443e-05,-1.3394587465409839e-05,-1.2232018793220887e-05,-1.225526610564708e-05,-1.3000635972337614e-05,-1.2808412939371252e-05,-1.2819510849115028e-05,-1.271255135378623e-05,-1.2641239511090373e-05,-1.2542259541427895e-05,-1.2619819944185256e-05,-1.2886265119914783e-05,-1.2343525362772846e-05,-1.223795112886061e-05,-1.233710711429947e-05,-1.1906901835834952e-05,-1.2037483971348402e-05,-1.202689325739163e-05,-1.211566862613621e-05,-1.2015895435050107e-05,-1.2376698872078479e-05,-1.1359675977255136e-05,-1.161108402742194e-05,-1.2771702001893082e-05,-1.2615064929755685e-05,-1.272081115293961e-05,-1.2520800859905804e-05,-1.218001619756219e-05,-1.214447021417263e-05,-1.2316939502744978e-05,-1.2832811256923382e-05,-1.2016817360820021e-05,-1.1834867235547522e-05,-1.1914122796778716e-05,-1.1745403478304958e-05,-1.1812077362814683e-05,-1.1483040746918292e-05,-1.1642914122199022e-05,-1.187271508538522e-05,-1.2273319227025184e-05,-1.0843409338009785e-05,-1.0914686667808312e-05,-1.1452222599051657e-05,-1.132802721899277e-05,-1.1320452932262595e-05,-1.1206902480170035e-05,-1.1161368320489581e-05,-1.120501750076089e-05,-1.122874871276839e-05,-1.1348664637362159e-05
1.9600024223327637,-1.267737422698688e-05,-1.239889512297725e-05,-1.3097358367103527e-05,-1.3117907921388465e-05,-1.314123029936635e-05,-1.3171020250500044e-05,-1.3029300371607148e-05,-1.2981609731058557e-05,-1.2907337832201741e-05,-1.3183181588892786e-05,-1.0742061927394241e-05,-1.0848885671993544e-05,-1.0878274985910737e-05,-1.055927241969794e-05,-1.0387457006726249e-05,-1.0273085435284723e-05,-1.0400863397890152e-05,-1.0447688627538208e-05,-1.0842661846175123e-05,-9.063869274868963e-06,-8.936702765761223e-06,-9.829221246290843e-06,-9.818428200473475e-06,-9.728652245313817e-06,-9.653010328236761e-06,-1.0354776744244947e-05,-1.0271042990781511e-05,-1.0207824422509422e-05,-9.660968714753464e-06,-9.575938139172871e-06,-9.563812751714848e-06,-9.639158433089827e-06,-9.610130929379637e-06,-9.479161530397404e-06,-9.216748323898393e-06,-9.222188275536216e-06,-9.578339517808311e-06,-9.57492791790729e-06,-7.971209064688205e-06,-8.117336096766338e-06,-9.270092033225819e-06,-9.082551393800897e-06,-9.093856524732388e-06,-9.058204414183543e-06,-8.99049269809037e-06,-8.836888446805803e-06,-8.807977208418492e-06,-9.104991967252014e-06,-8.438845377853296e-06,-8.571286248593547e-06,-8.526563070098467e-06,-8.453593745508362e-06,-8.296373908719182e-06,-8.41363241212045e-06,-8.189301743160978e-06,-8.259862570830568e-06,-8.466021767934845e-06,-7.001390897579801e-06,-6.87307999831811e-06,-7.548194692186028e-06,-7.580768108489345e-06,-7.558934962031228e-06,-7.556772872817273e-06,-7.75300687966828e-06,-7.72763723976193e-06,-7.572826259402611e-06,-7.474931217048058e-06,-6.7739841228420995e-06,-6.399904724640981e-06,-6.186377742975554e-06,-6.325582422573691e-06,-6.295088480236345e-06,-6.103695913861973e-06,-6.18865171149835e-06,-6.248472916439567e-06,-6.9751398845579e-06,-5.0727359920782835e-06,-5.042921953818328e-06,-5.996335349905459e-06,-6.198169074348176e-06,-6.210112550076526e-06,-6.07210812838489e-06,-5.90994439095513e-06,-5.821744812380996e-06,-5.8303841815031336e-06,-5.936775580161514e-06,-4.695201493345136e-06,-4.7093657302129e-06,-4.6094890004348095e-06,-4.7903731804929135e-06,-4.6520436904495555e-06,-4.356364652644556e-06,-4.266807063462376e-06,-4.211264666869454e-06,-4.570832326467821e-06,-3.1766805313568196e-06,-2.9753643565703062e-06,-3.944523399241586e-06,-3.829563742409942e-06,-4.014055311159542e-06,-3.883269980963065e-06,-4.021179995500131e-06,-3.7500640743320105e-06,-3.7427801992524893e-06,-3.7017860674119916e-06,-1.3391075346695345e-05,-1.3323244704910126e-05,-1.3413938703138749e-05,-1.3496703363205919e-05,-1.3134312908115346e-05,-1.3118456101241048e-05,-1.2777918781328298e-05,-1.3247899023535147e-05,-1.335002843888268e-05,-3.03485157732799e-06,-2.6515406981099266e-06,-2.717440846602647e-06,-2.895712616038517e-06,-2.878383546485638e-06,-2.33321178051188e-06,-2.5948861953024305e-06,-2.5010192394774465e-06,-2.843071603681094e-06,-1.1487354715280742e-06,-8.359127271896016e-07,-2.646964287924035e-06,-2.2289227925158215e-06,-2.2136427824381425e-06,-2.508653995679817e-06,-2.2585593769620074e-06,-2.266786532666665e-06,-2.20782513028017e-06,-2.380603596891095e-06,3.2101596236075436e-08,-7.105256455466759e-08,-4.154418114168693e-07,1.188338014587498e-07,-1.6172384179254835e-07,-4.290407557871242e-07,-5.044382065080975e-07,-7.25656099735926e-07,-4.035939651748698e-07,-1.1816962232020457e-05,-1.1852462342017316e-05,-1.3321753891549231e-05,-1.2835674389364341e-05,-1.319375303314855e-05,-1.3088907308977445e-05,-1.2987156960285579e-05,-1.2879095065494581e-05,-1.2826511502730839e-05,-1.2839478142061269e-05,-1.3185099930769351e-05,-1.3126224810626179e-05,-1.3236998412521103e-05,-1.3307937803533279e-05,-1.316034152865508e-05,-1.3090339881824096e-05,-1.3127323614994907e-05,-1.3220771598626686e-05,-1.3251320114482933e-05,-1.197555834249252e-05,-1.2034805482908156e-05,-1.2705718662937423e-05,-1.2853646980648677e-05,-1.292540303309391e-05,-1.256478467147747e-05,-1.241738785238509e-05,-1.2468820985237848e-05,-1.2525124606922495e-05,-1.2788923218641806e-05,-1.2355347180538109e-05,-1.2328119093012436e-05,-1.2300793794159284e-05,-1.1975272748267117e-05,-1.1650799744023859e-05,-1.1390218884765565e-05,-1.1735553641210858e-05,-1.2141348810216655e-05,-1.2305948582982923e-05,-1.1305904451804562e-05,-1.1526810578526515e-05,-1.2822030578227559e-05,-1.2753991421020973e-05,-1.2727498602012158e-05,-1.2501724431121879e-05,-1.1798459436350897e-05,-1.1886596028887404e-05,-1.2420985821931689e-05,-1.2710297230179399e-05,-1.23536129074473e-05,-1.2288285169737164e-05,-1.1680297629763901e-05,-1.1696838798631496e-05,-1.1992816948213352e-05,-1.1216719386207934e-05,-1.1935058032691312e-05,-1.2139942553454216e-05,-1.2438961001683323e-05,-1.0848920184890872e-05,-1.0894221094906876e-05,-1.1461590693620532e-05,-1.1386740128518493e-05,-1.1018775984312944e-05,-1.1166026842610369e-05,-1.101106781630188e-05,-1.088730399126335e-05,-1.1098982807276782e-05,-1.1272557658993586e-05
1.970012903213501,-1.2683994375909633e-05,-1.2661256416326527e-05,-1.3327325855019338e-05,-1.3389201440174093e-05,-1.3423182551277236e-05,-1.3400654976564103e-05,-1.3205209589417077e-05,-1.3138244214728654e-05,-1.3111726517673013e-05,-1.3217368914557474e-05,-1.1229725283959075e-05,-1.1030879945013877e-05,-1.0944216046567167e-05,-1.0855832255403537e-05,-1.0642231933831286e-05,-1.0558440946479777e-05,-1.0617857200092328e-05,-1.0640478966254424e-05,-1.1217780945408292e-05,-9.418338157199982e-06,-9.454077772323935e-06,-1.013172794181379e-05,-1.0082218040164716e-05,-1.002056448798278e-05,-1.0412782714590371e-05,-1.0372011478545126e-05,-1.0329220231379932e-05,-1.0356719101345904e-05,-9.98796705645507e-06,-9.83143136595358e-06,-9.829123891159625e-06,-9.777673214250722e-06,-9.651402314828685e-06,-9.643069319572215e-06,-9.34681923712015e-06,-9.311835238742106e-06,-9.69361245108509e-06,-9.838473722653664e-06,-8.27409597729673e-06,-8.540533243820622e-06,-9.357705467760307e-06,-9.299101130057433e-06,-9.13411308719621e-06,-9.154671701116695e-06,-8.901218186568163e-06,-8.87125322628426e-06,-8.909912416816679e-06,-9.12587974793078e-06,-8.63948157666055e-06,-8.693322415513258e-06,-8.666846277738152e-06,-8.550165793465283e-06,-8.506963986625609e-06,-8.350621352643553e-06,-8.40266737703139e-06,-8.475815809178261e-06,-8.605496942365802e-06,-7.158329166648267e-06,-7.142107170179102e-06,-7.640047245236879e-06,-7.574037590197006e-06,-7.561312541147882e-06,-7.636697049532358e-06,-7.778288583588308e-06,-7.721407877499565e-06,-7.639781064516225e-06,-7.5464993899084546e-06,-7.032399153989226e-06,-6.443652698080896e-06,-6.4482053806498725e-06,-6.371237593100407e-06,-6.55437381161113e-06,-6.31046340078168e-06,-6.338424024553172e-06,-6.377721703686186e-06,-7.084522760494183e-06,-5.265634183598654e-06,-5.1533120311416785e-06,-6.159391317633057e-06,-6.039493584212255e-06,-6.175349937554476e-06,-5.989027962914632e-06,-6.050662173493688e-06,-5.850827680530652e-06,-5.879890559960604e-06,-6.010870600419515e-06,-5.0684982396974375e-06,-5.026668680035958e-06,-4.662369014606239e-06,-5.101806277400788e-06,-5.074741622824344e-06,-4.636399065991965e-06,-4.5512056326771e-06,-4.577781354541376e-06,-4.6274912871912215e-06,-3.495365650816054e-06,-3.1383322445078443e-06,-4.21818802597562e-06,-4.051827160721245e-06,-4.337649099343334e-06,-4.4081772116623315e-06,-3.9677942235790845e-06,-4.012105620067903e-06,-3.964735086642042e-06,-4.000402871798427e-06,-1.3178022198349504e-05,-1.3488091963910994e-05,-1.3504668077087134e-05,-1.3407392325534038e-05,-1.3335686892004888e-05,-1.3147357920483463e-05,-1.2937109807868077e-05,-1.3218097711906083e-05,-1.3709408075092472e-05,-3.121902811145354e-06,-2.9196587427337633e-06,-2.9800083545134674e-06,-2.9933372354621194e-06,-3.0919478452213033e-06,-2.74995235539638e-06,-2.804255954680782e-06,-2.8035132802713727e-06,-2.9381385298051033e-06,-1.2362752785482588e-06,-1.2145304275858094e-06,-2.7296458294301375e-06,-2.4897932006023334e-06,-2.7147065623117178e-06,-2.7961110547147593e-06,-2.4931508021994074e-06,-2.3748797766727367e-06,-2.037907926661599e-06,-2.1798404912842866e-06,-3.3739578343333485e-07,9.234112625367287e-08,-2.8151178105872007e-07,-2.399782413937096e-07,-7.860939351094291e-07,-5.723026421719527e-07,-6.626467659038978e-07,-6.34687436366056e-07,-3.982844435282045e-07,-1.1939240133025213e-05,-1.2000505127504713e-05,-1.3428513931092213e-05,-1.3368161083728382e-05,-1.3246561217352411e-05,-1.31254820643149e-05,-1.30573196673041e-05,-1.2925289859551418e-05,-1.3142695659465465e-05,-1.312365000468166e-05,-1.3468608282938581e-05,-1.3316632033781795e-05,-1.334421704218735e-05,-1.340410511586714e-05,-1.322180957401387e-05,-1.3286615304151898e-05,-1.3210178152398873e-05,-1.3305807638749354e-05,-1.3433130462521249e-05,-1.1973190757735717e-05,-1.2294244109068579e-05,-1.2995718747290594e-05,-1.2934963537065397e-05,-1.2908110921101923e-05,-1.2704371221904184e-05,-1.2649611908571295e-05,-1.2547602856953196e-05,-1.2737273517358304e-05,-1.2898809407664146e-05,-1.2343103586406732e-05,-1.2373615144702088e-05,-1.224630310621061e-05,-1.2027848545628963e-05,-1.1805310965489496e-05,-1.1757271744677876e-05,-1.1780163718065315e-05,-1.2092855744805152e-05,-1.2367320567444143e-05,-1.1455471556924013e-05,-1.1546221638610796e-05,-1.2835573582943391e-05,-1.2788630146621983e-05,-1.270855145278948e-05,-1.2433638250092683e-05,-1.2161279433209482e-05,-1.2153090960710583e-05,-1.2503855890139454e-05,-1.2751057105729271e-05,-1.2182584244730982e-05,-1.2268898987699709e-05,-1.1853995146069963e-05,-1.172499298223551e-05,-1.155698434183926e-05,-1.152100967950412e-05,-1.1668887090691815e-05,-1.2047959498510336e-05,-1.249633366036275e-05,-1.087626259638895e-05,-1.0840529236727638e-05,-1.1461059482609135e-05,-1.1387375453436832e-05,-1.1427960032229021e-05,-1.1246932120333912e-05,-1.1184238867119928e-05,-1.1140858312232833e-05,-1.1195543279032727e-05,-1.134380996694155e-05
1.9800089597702026,-1.2859813428775285e-05,-1.2865232528870973e-05,-1.3367210972425649e-05,-1.3320703405236765e-05,-1.3320300467160441e-05,-1.3175964223042493e-05,-1.3206477650786457e-05,-1.313774464053981e-05,-1.3184848418030063e-05,-1.324314228346071e-05,-1.1163301474151249e-05,-1.1096092927340394e-05,-1.1042798542695402e-05,-1.0772914156746989e-05,-1.0607063579060004e-05,-1.0639421577362491e-05,-1.0601278929860104e-05,-1.07336335902589e-05,-1.126759010263796e-05,-9.47850370019393e-06,-9.549653979389161e-06,-9.929365451023236e-06,-9.941332222957283e-06,-9.934752339081414e-06,-1.0329704993783673e-05,-1.0291230734859445e-05,-1.026368383444469e-05,-1.0337070046073789e-05,-9.935557783822842e-06,-9.872050313839358e-06,-9.843921871104602e-06,-9.828207286128049e-06,-9.819888527441729e-06,-9.4414061463638e-06,-9.375306038772177e-06,-9.391111651515438e-06,-9.605851186307041e-06,-9.909430370114503e-06,-8.484641619847847e-06,-8.739377072826563e-06,-9.312483649800685e-06,-9.250952043189314e-06,-9.20646031681195e-06,-9.197218338122064e-06,-9.030659527021133e-06,-8.954347772128404e-06,-9.0026096011278e-06,-9.276524086858127e-06,-8.632614229110673e-06,-8.648852834911679e-06,-8.679629998712736e-06,-8.571824865497497e-06,-8.473939242287839e-06,-8.51910519249491e-06,-8.466530473661107e-06,-8.544739143673306e-06,-8.59548280950004e-06,-7.142360120955778e-06,-7.047183184971532e-06,-7.605766375240054e-06,-7.67023704266651e-06,-7.587335840949278e-06,-7.659697307135167e-06,-7.859051711315975e-06,-7.73928088469473e-06,-7.770697112311338e-06,-7.73480254865875e-06,-7.048069159806728e-06,-6.485796181304335e-06,-6.5406638507544665e-06,-6.441677769433084e-06,-6.344418699113697e-06,-6.260054725764652e-06,-6.210779871326766e-06,-6.336198302184766e-06,-7.192812943720641e-06,-5.21466992283649e-06,-5.150627934355616e-06,-6.145691351136243e-06,-6.087300274378117e-06,-6.002938673790764e-06,-6.032488472680539e-06,-5.948561878403276e-06,-5.96220295726902e-06,-5.629045357627747e-06,-5.922370903442354e-06,-4.867965148170957e-06,-4.856328981032578e-06,-4.973058430478531e-06,-4.93443914548365e-06,-4.8180713624409626e-06,-4.622212251937198e-06,-4.735193744536906e-06,-4.642706441782669e-06,-4.8336112258747844e-06,-3.3932860634640387e-06,-3.314334431434952e-06,-4.3353648488532065e-06,-4.308029196130857e-06,-4.405467733516357e-06,-4.179130499086523e-06,-4.022419439925476e-06,-4.088905876261582e-06,-3.846064502426913e-06,-4.037879636087963e-06,-1.3342251676488174e-05,-1.3531569442518089e-05,-1.3504065683224996e-05,-1.3467320520456976e-05,-1.3266372627045717e-05,-1.3235342368664243e-05,-1.281924524360933e-05,-1.3087367458541593e-05,-1.3800777950893798e-05,-3.0872522936377562e-06,-2.6712094544942676e-06,-2.925741353280609e-06,-2.9833904746480192e-06,-2.921585569030921e-06,-2.7344146490186404e-06,-2.4633452483600458e-06,-2.8263382411164963e-06,-3.1863043808752803e-06,-1.4245572262470712e-06,-1.1647609601880702e-06,-3.0911687165640902e-06,-2.5567960361647316e-06,-2.8930611627011788e-06,-3.029114599067525e-06,-2.6593565751214074e-06,-2.2245864626719784e-06,-2.2948189864057234e-06,-2.572553402753599e-06,-1.221890302941325e-07,-2.1819183115072612e-07,-3.287963198487355e-07,-5.645707465439735e-07,-4.1079263653910833e-07,-5.229177059719598e-07,3.0092082789065663e-07,-5.804410709697258e-07,-4.011556289785408e-07,-1.1909588952499533e-05,-1.2054144065908044e-05,-1.3633171673358915e-05,-1.3383953322723928e-05,-1.3305263629205198e-05,-1.3254027219867215e-05,-1.3009628307736814e-05,-1.3055484443988605e-05,-1.3185985617997069e-05,-1.323318258031011e-05,-1.3321556592819497e-05,-1.3351000552157463e-05,-1.3265097950704347e-05,-1.3419169995551467e-05,-1.3285007722155037e-05,-1.3280350206660422e-05,-1.3226723635378634e-05,-1.3391105833087988e-05,-1.3232520939307557e-05,-1.2154053582938599e-05,-1.228492390114475e-05,-1.3133792913795584e-05,-1.3115743387510951e-05,-1.29573829713669e-05,-1.2664220067580959e-05,-1.2681978391294373e-05,-1.2654641731945852e-05,-1.2669256362123767e-05,-1.2935272283692759e-05,-1.2368273267214176e-05,-1.2226511110022054e-05,-1.2170434123029873e-05,-1.2090673954478972e-05,-1.1718268287994595e-05,-1.1808669645614612e-05,-1.1715267103964318e-05,-1.1962144904945412e-05,-1.2508070202510864e-05,-1.160599826439296e-05,-1.1737248224469736e-05,-1.2715662403873006e-05,-1.288525777472398e-05,-1.275518355401623e-05,-1.248787210456373e-05,-1.2233612426255076e-05,-1.222680245639701e-05,-1.2692730596849901e-05,-1.2781919976558697e-05,-1.2241048805199672e-05,-1.2194463008776839e-05,-1.2001134556469759e-05,-1.1807007274393242e-05,-1.1980324142202507e-05,-1.1505363545107271e-05,-1.1654765275927017e-05,-1.225015345131893e-05,-1.2425375718668261e-05,-1.0839534977677073e-05,-1.102336202934934e-05,-1.1410852851845222e-05,-1.1247805440440088e-05,-1.1149282766667224e-05,-1.1078068279102586e-05,-1.1106585135736039e-05,-1.1126267984886789e-05,-1.1154520530248193e-05,-1.1269858175207465e-05
1.9900050163269043,-1.276175667911637e-05,-1.2764792807455194e-05,-1.337155413294709e-05,-1.3154210600051974e-05,-1.3130826386466372e-05,-1.3096548320642456e-05,-1.2744890513798924e-05,-1.306231095127664e-05,-1.28880160742393e-05,-1.3153541481254997e-05,-1.1152504833240411e-05,-1.1209450970030342e-05,-1.1009953193521876e-05,-1.0769793040398492e-05,-1.0265807671864104e-05,-1.0481409310070253e-05,-1.0447570996079808e-05,-1.0570761475611452e-05,-1.1256842354998339e-05,-9.756265007840975e-06,-9.316931211836545e-06,-9.99502796383747e-06,-1.0007177797931103e-05,-9.900856359791683e-06,-9.879192757941697e-06,-1.0206282846428706e-05,-1.0149357561180914e-05,-1.01921954007575e-05,-9.798160501516728e-06,-9.682332485807901e-06,-9.824045605925069e-06,-9.815643009658985e-06,-9.598193924819537e-06,-9.314748990099149e-06,-9.157248951724775e-06,-9.070790692624654e-06,-9.52879869835538e-06,-9.794189936482708e-06,-8.426542105170287e-06,-8.399308481200667e-06,-9.31485986278182e-06,-9.258893317061093e-06,-9.074250754385675e-06,-8.9397117151934e-06,-9.027148271129073e-06,-8.86469771714213e-06,-9.070752584633853e-06,-9.159415498854635e-06,-8.606093440274647e-06,-8.745269790536227e-06,-8.638591575320664e-06,-8.61469491711159e-06,-8.408760197643697e-06,-8.33135344918132e-06,-8.482637139531697e-06,-8.425628016704141e-06,-8.536916004573012e-06,-7.087711392698082e-06,-7.0693749779543975e-06,-7.481643831774906e-06,-7.280106918249223e-06,-7.386905209586745e-06,-7.249774179903154e-06,-7.3385715506197815e-06,-7.355812684186339e-06,-7.360162891090984e-06,-7.497100073334574e-06,-6.89830403693885e-06,-6.154883645634346e-06,-6.036507787182038e-06,-5.995970735525547e-06,-6.269442377642012e-06,-6.166445034828511e-06,-5.996580607182107e-06,-5.982840159932801e-06,-6.848575841214167e-06,-5.1467023798918635e-06,-4.990848534818237e-06,-6.238373723662261e-06,-6.062794391629309e-06,-6.26179259394893e-06,-6.204878956803986e-06,-6.009612461508116e-06,-5.902351194033294e-06,-5.655316287467482e-06,-5.943266449523019e-06,-4.831309718935993e-06,-4.893829472939029e-06,-4.959367667421007e-06,-4.819148740052598e-06,-4.632054683138745e-06,-4.624064084584533e-06,-4.680954785033128e-06,-4.4989124815640105e-06,-4.683183311574441e-06,-3.1710214228209543e-06,-2.7803926589391265e-06,-4.2548118183880315e-06,-4.28804227397426e-06,-4.390241865546365e-06,-4.420492060546321e-06,-3.9375535196258945e-06,-3.655736299425808e-06,-3.7409751747221568e-06,-3.4871614318077465e-06,-1.3356318414420982e-05,-1.3315401648991996e-05,-1.3535527496626825e-05,-1.3357106171302528e-05,-1.3061214735375212e-05,-1.3134306436947096e-05,-1.286899918020327e-05,-1.3443930842329298e-05,-1.3414644635692876e-05,-2.8572889041285027e-06,-2.699882769595613e-06,-2.7780728170236285e-06,-2.717596298444369e-06,-2.6561588832819604e-06,-2.7748087597586914e-06,-2.7567033657215074e-06,-2.6319363658006006e-06,-2.9101314574259555e-06,-9.74797515370617e-07,-9.923384078308558e-07,-2.4916736501937047e-06,-2.1209791043981776e-06,-2.375499067474193e-06,-2.3655253434590544e-06,-2.4684446727442178e-06,-1.986983930946319e-06,-2.2483138638803994e-06,-1.6781415302961095e-06,-3.383074991377892e-07,2.206051454964911e-07,-2.283609125451235e-07,-2.3763582229120896e-07,-4.576090941590926e-07,-2.481163825840048e-07,-1.0253829251827208e-06,-6.066746118373537e-07,-5.3500455402796624e-08,-1.2218543376262323e-05,-1.1931324456218955e-05,-1.3324136719502354e-05,-1.3024088780306656e-05,-1.3069182900546159e-05,-1.2955040983675616e-05,-1.28683422847241e-05,-1.2830054970660406e-05,-1.2900501546259463e-05,-1.3060158928324406e-05,-1.3311219836265574e-05,-1.339721936143869e-05,-1.3146654864004114e-05,-1.3356669726955048e-05,-1.3170421307927638e-05,-1.2832030690228779e-05,-1.2958085021220079e-05,-1.3157331716400472e-05,-1.347503142073908e-05,-1.2096448106005936e-05,-1.2207787863220804e-05,-1.2904140499871642e-05,-1.2761559380386638e-05,-1.2844595398109062e-05,-1.2567641620357657e-05,-1.2439040093739703e-05,-1.2440749201176209e-05,-1.2497834971396585e-05,-1.2978640040047092e-05,-1.2272548295181085e-05,-1.2162538434943315e-05,-1.2163896661256971e-05,-1.1882238775599555e-05,-1.1874629544560835e-05,-1.1644131277044844e-05,-1.148740950450525e-05,-1.1972748129827467e-05,-1.2241704262641453e-05,-1.1527570868893935e-05,-1.1551706457015146e-05,-1.2693550134357736e-05,-1.2554049147155652e-05,-1.2751164670925948e-05,-1.2236923075931407e-05,-1.193241463236335e-05,-1.2233900608947776e-05,-1.2140059034482705e-05,-1.2787161047625657e-05,-1.2253689585257816e-05,-1.2121345853943173e-05,-1.1972595410256784e-05,-1.1611384577236184e-05,-1.1733301099445152e-05,-1.1260318522778114e-05,-1.144172794599245e-05,-1.189298752986535e-05,-1.2467782434635709e-05,-1.0632791649785496e-05,-1.0783140328225719e-05,-1.1389707087258918e-05,-1.1299285021900504e-05,-1.1082522024699218e-05,-1.1093368709311184e-05,-1.1050654397146288e-05,-1.1054923211134732e-05,-1.1071759177667016e-05,-1.1199294974776181e-05
2.0,-1.276154097350806e-05,-1.2817096384339352e-05,-1.3179361586373365e-05,-1.352152417614286e-05,-1.3304979760624661e-05,-1.3284832137789875e-05,-1.3231300189368264e-05,-1.3065612253709944e-05,-1.3258000229564795e-05,-1.3268425713025604e-05,-1.137994008111841e-05,-1.1189235759438282e-05,-1.114192806824631e-05,-1.0946298324706047e-05,-1.074953483248851e-05,-1.0668394148044432e-05,-1.0728271005032591e-05,-1.0767005692527918e-05,-1.1382003233360018e-05,-9.689688262756858e-06,-9.661192689076759e-06,-1.022428750594681e-05,-1.0123976345073583e-05,-9.974743583647014e-06,-9.80152105109045e-06,-9.74447640873939e-06,-9.730070150179104e-06,-9.811020582276655e-06,-9.992669582519955e-06,-1.0203249737968399e-05,-1.0036472920399334e-05,-9.90975105245219e-06,-9.69633911377786e-06,-9.589840078020934e-06,-9.552369569194037e-06,-9.482191331371717e-06,-9.599427185684112e-06,-1.0085758488215767e-05,-8.44939762430992e-06,-8.352837655867064e-06,-9.305515783437336e-06,-9.281505448372684e-06,-9.185157949954012e-06,-9.239190335386899e-06,-9.042255716720103e-06,-8.921981720816542e-06,-8.939331066696603e-06,-9.26673392831566e-06,-8.933936988451479e-06,-8.922408817920994e-06,-8.795941626395393e-06,-8.634992167736675e-06,-8.540814811541335e-06,-8.36490027299307e-06,-8.377654658004925e-06,-8.42654548455815e-06,-8.6576051618707e-06,-7.008271618877392e-06,-7.057954516424329e-06,-7.468056535507501e-06,-7.4470334355104545e-06,-7.41002202011991e-06,-7.4806788367852e-06,-7.311045717452773e-06,-7.1790381273777455e-06,-7.309355735913538e-06,-7.324557301051662e-06,-7.021511341507942e-06,-6.557529009445741e-06,-6.347965834038605e-06,-6.389727590237207e-06,-6.289262703167126e-06,-6.334200149233128e-06,-6.276966764474799e-06,-6.36258938004833e-06,-7.044466732344222e-06,-5.170025117379095e-06,-5.15735766172739e-06,-6.270910613815905e-06,-6.035459386023785e-06,-6.0690587701020905e-06,-5.973304030695053e-06,-5.803446505628114e-06,-5.67732415546833e-06,-5.901692213399908e-06,-5.8979934374323586e-06,-4.830277495698364e-06,-4.748331150807248e-06,-5.161809753581025e-06,-4.779927061195578e-06,-4.843134268972295e-06,-4.6509651624080095e-06,-4.484341927232061e-06,-4.418415606458866e-06,-4.8443187084675216e-06,-3.1994883795570172e-06,-3.1118565381439544e-06,-4.147595705287215e-06,-4.056007103999064e-06,-4.229673990108746e-06,-4.118263769061832e-06,-3.886796192443968e-06,-3.97117339573699e-06,-3.879848530505932e-06,-3.688610696954587e-06,-1.3627015722905244e-05,-1.3634068433474526e-05,-1.3618414965086994e-05,-1.349275321830282e-05,-1.3266531961588386e-05,-1.3265777854781738e-05,-1.3123912015093886e-05,-1.3323350256854459e-05,-1.3609784583698538e-05,-3.001273620006776e-06,-2.9150340144916107e-06,-2.530511301166065e-06,-2.9867982637499597e-06,-2.595505917515103e-06,-2.573444410719656e-06,-2.448327823909549e-06,-2.4994020945319514e-06,-2.9411203003306326e-06,-9.021018492955878e-07,-7.047588280103937e-07,-2.3572705055346636e-06,-2.2158626807551235e-06,-2.2221369097840173e-06,-2.2751163642408776e-06,-2.3550440641475642e-06,-2.2149658487376426e-06,-2.091815059037928e-06,-2.0689366032019438e-06,1.9390453008500407e-07,-1.0207620796415243e-08,-3.9788783281639306e-07,-1.7953609190803953e-08,-3.3053922116387507e-07,1.7671854525230335e-07,6.503344335853386e-07,8.479243658901729e-09,-5.755855377266822e-07,-1.2519146541693808e-05,-1.2386006425273289e-05,-1.3755502350335837e-05,-1.360853636724512e-05,-1.331396591246309e-05,-1.32497141143272e-05,-1.3265590622313724e-05,-1.3088974752930977e-05,-1.3198197575305894e-05,-1.324848919407948e-05,-1.3547568758897609e-05,-1.3933473713761201e-05,-1.3800288299162936e-05,-1.3433412893064394e-05,-1.3360430050922835e-05,-1.3307458505671615e-05,-1.3333623308352062e-05,-1.3450222543512466e-05,-1.3832365017352186e-05,-1.2560697050200007e-05,-1.2440546869315614e-05,-1.315669006411762e-05,-1.3142438969791578e-05,-1.2977319058901806e-05,-1.2924650651932127e-05,-1.2859562491250953e-05,-1.2851689236547663e-05,-1.2810316900873928e-05,-1.3144436978939478e-05,-1.2864016524455064e-05,-1.2724882524394582e-05,-1.234061966442518e-05,-1.211959461201118e-05,-1.2089188318052676e-05,-1.2049081311477285e-05,-1.2081335483480304e-05,-1.221665149427371e-05,-1.2610042871783027e-05,-1.190808605962457e-05,-1.1916374044310772e-05,-1.2885192056415315e-05,-1.2874139013438065e-05,-1.2934548807082488e-05,-1.2678201817504094e-05,-1.2387455104138694e-05,-1.2619347261295581e-05,-1.2671468063627632e-05,-1.2868778010052884e-05,-1.2478985177305123e-05,-1.2543824269910571e-05,-1.2376481440825304e-05,-1.2125542334650963e-05,-1.2054932254200808e-05,-1.1837231944229548e-05,-1.2006628865920877e-05,-1.2246969348932807e-05,-1.2623837676845626e-05,-1.0627638586606723e-05,-1.0934183722528438e-05,-1.1730273167919445e-05,-1.1513272750745281e-05,-1.147154536364027e-05,-1.1219894860369724e-05,-1.1193146502116932e-05,-1.1186412029221774e-05,-1.134559457134096e-05,-1.1498286675509858e-05
